source_split,source_row_id,family1,family2
train,77,O14910,Q9UQB8
train,104,P42694,Q6P2H3
train,177,O15146,Q18PE1
train,310,O15169,O75925
train,311,P51149,Q00987
train,333,P04264,Q00987
train,344,O43508,Q8N302
train,366,P42356,Q8N3E9
train,375,P12036,P25098
train,399,P42356,Q15058
train,425,P85298,Q14247
train,563,O60333,Q9BZB8
train,565,P35916,P42338
train,574,Q14289,Q9BX66
train,575,P62826,Q96S44
train,589,P08708,P25098
train,601,O60841,P47813
train,616,P27708,Q13188
train,657,O75208,Q5T9A4
train,676,P12270,Q9P2M7
train,757,P18206,P20618
train,802,O43390,P19525
train,815,P62191,Q13418
train,850,Q05655,Q8WWM7
train,862,Q14289,Q9ULH1
train,917,P34897,Q6PKG0
train,923,Q9NRR6,Q9UBF8
train,931,P25705,Q14318
train,939,P10721,Q9H0M0
train,954,Q15147,Q8TCG2
train,966,Q9BV68,Q9BYM8
train,967,P02545,Q00987
train,972,P42694,Q6ZMZ3
train,1024,Q9NWB7,Q9UNF0
train,1066,A6NCM1,O43663
train,1092,O95208,Q99549
train,1190,Q8IYX8,Q96JP2
train,1197,P51948,Q9Y4K3
train,1255,Q6VAB6,Q9BXL8
train,1313,Q13064,Q7Z4K8
train,1316,Q5T9A4,Q5U5X0
train,1352,P22670,Q2TAC2
train,1362,P56537,Q13438
train,1384,Q8IWT3,Q9HCM3
train,1405,P84098,Q96S44
train,1427,P42694,Q8N122
train,1438,P07919,Q00987
train,1439,O43175,Q00987
train,1538,O96033,Q9H4M7
train,1542,Q14315,Q99490
train,1554,P15924,Q9NWA0
train,1563,O00459,P41743
train,1597,P18206,Q8WVM8
train,1604,P78344,Q9UG01
train,1625,P50897,Q00987
train,1637,P52429,Q8N3E9
train,1667,Q96EQ8,Q9BZR9
train,1681,O95229,Q9UI12
train,1704,Q9UHV9,Q9ULZ2
train,1738,P29590,Q6ZW49
train,1754,P21860,Q9NR46
train,1791,Q00987,Q9C005
train,1796,Q14789,Q6VAB6
train,1809,O00212,Q52LW3
train,1832,P50613,Q92466
train,1846,P15735,Q8WWM7
train,1854,Q5U5X0,Q8WW59
train,1855,P02545,Q86YC2
train,1857,P25098,Q9Y6K8
train,1913,Q15542,Q9Y3D8
train,1990,Q8TEP8,Q9UJC3
train,2011,P53621,P57078
train,2017,Q7Z419,Q8WV44
train,2107,O75747,P19174
train,2153,P83731,Q96KB5
train,2156,Q13501,Q8NFI4
train,2196,P07948,Q7L591
train,2202,P52948,Q9HAU5
train,2234,A6NE01,P52948
train,2243,Q02880,Q6PKG0
train,2262,O14745,P19525
train,2273,Q8WUY9,Q96RY7
train,2274,P12757,P30260
train,2288,O43303,Q6P3W7
train,2289,P31943,Q13418
train,2419,P05129,Q15147
train,2434,O95208,P10721
train,2436,P15735,Q13263
train,2441,P22314,P46934
train,2470,O14733,Q9Y4K3
train,2472,P62258,Q13972
train,2493,P05166,Q13131
train,2500,P11047,P24043
train,2574,P62753,Q96KB5
train,2585,O00443,Q14315
train,2635,O60674,Q9Y4H2
train,2648,P15735,P25705
train,2652,P42694,Q92615
train,2685,Q86Y13,Q96A37
train,2717,P06213,Q01484
train,2728,O75208,Q96A26
train,2747,P42694,Q9HBD1
train,2848,P18206,P61978
train,2885,Q9ULZ2,Q9Y230
train,2899,Q7Z6J0,Q8WZA2
train,2903,P02647,P11597
train,2910,P42338,Q6ZUJ8
train,2919,Q6UB99,Q9UQL6
train,2991,P42694,Q504Q3
train,3032,Q13188,Q16543
train,3078,P42694,Q7Z7L1
train,3114,P05231,P19838
train,3140,Q9H0U9,Q9NWB7
train,3154,O94826,Q00987
train,3169,O14744,Q7L5Y6
train,3240,P48736,Q9NQ66
train,3261,Q86Y13,Q96EQ8
train,3288,P11498,Q9BVS4
train,3309,P43403,Q92918
train,3324,P43405,Q8NET5
train,3333,Q7Z6J0,Q9H0H5
train,3446,O00116,Q8TEP8
train,3447,P35222,P47712
train,3449,Q17RB8,Q9NYG5
train,3474,Q8N9I9,Q9BYE7
train,3477,Q15154,Q8TAM2
train,3486,Q13418,Q5VT06
train,3498,O14733,Q96RU8
train,3503,P18754,Q00987
train,3655,P48436,Q14974
train,3662,O14777,P06400
train,3689,P48736,Q15147
train,3741,O75943,P12004
train,3747,O75962,Q05397
train,3748,P25963,Q12933
train,3813,P36543,Q07889
train,3817,O75146,Q9ULU8
train,3834,P18754,Q9UKE5
train,3841,O14492,P07948
train,3868,O14757,Q12834
train,3872,P43403,Q07889
train,3935,P15735,P43307
train,3953,P53667,Q5VT25
train,3974,Q12840,Q9NWB7
train,3997,Q8N5U6,Q9BYE7
train,4013,P20936,Q96QZ7
train,4052,Q13418,Q9UHV9
train,4072,P51948,Q9BYE7
train,4095,P52948,Q8WXE9
train,4102,P62826,Q3SXR2
train,4112,Q13049,Q9BYE7
train,4131,O14777,Q8TEP8
train,4158,O43683,Q9UK32
train,4192,P12270,P13693
train,4206,P31943,Q00987
train,4264,P43403,Q9UQQ2
train,4280,Q00987,Q02790
train,4325,Q3SXR2,Q9ULJ8
train,4370,P82914,Q9UBN7
train,4393,Q6PKG0,Q9BVS4
train,4415,P19525,Q9BQG0
train,4431,O95159,P42356
train,4445,O14733,Q9Y6D9
train,4478,P29597,P42338
train,4481,P52948,Q16363
train,4485,Q6VAB6,Q9P2N5
train,4519,P32519,Q6PKG0
train,4542,P55735,Q96S44
train,4549,O43426,Q15147
train,4615,P07948,P42679
train,4618,Q14134,Q96JP2
train,4623,Q8N9I9,Q9BZR9
train,4684,Q13263,Q9Y3D8
train,4743,O60566,Q9NYG5
train,4803,P12956,Q96EV8
train,4831,O94941,Q9BYM8
train,4877,Q13418,Q15773
train,4933,P30084,Q00987
train,4935,O75528,Q9Y3D8
train,5050,Q5U5X0,Q9Y6H1
train,5063,Q53S33,Q9Y6H1
train,5077,Q16288,Q9NRF2
train,5102,P28370,Q14315
train,5136,O14965,Q9Y2X7
train,5154,P43405,P47712
train,5168,O00459,P52735
train,5177,P61978,Q05655
train,5201,P25705,P57078
train,5215,O00499,Q9ULU8
train,5263,O43175,Q52M75
train,5271,Q9NWU5,Q9Y6H1
train,5324,P06576,Q99807
train,5333,P68400,Q9UJY1
train,5336,O14757,O60566
train,5346,P53999,Q00613
train,5350,Q16576,Q96S44
train,5358,Q14643,Q8N3E9
train,5407,O75150,Q00987
train,5461,P14866,Q8TEP8
train,5479,P15924,Q00987
train,5498,O43390,Q9BVS4
train,5589,Q13137,Q9UER7
train,5727,P57078,Q9UPR3
train,5735,P19174,Q99490
train,5756,Q01970,Q13554
train,5779,Q9BYE7,Q9BYM8
train,5831,P52594,Q9NWF9
train,5865,Q3SXR2,Q9BYV6
train,5932,P35611,Q05655
train,6002,O14733,Q12934
train,6035,P35916,P48736
train,6040,P42338,Q15118
train,6070,P42356,Q7L0Q8
train,6134,P20936,P43405
train,6147,O75347,Q9Y3D8
train,6192,Q8TDR2,Q9HCE7
train,6348,P27708,Q96S44
train,6351,P63211,Q01970
train,6370,P42338,P49418
train,6398,Q14315,Q9NYJ8
train,6419,O14964,Q3SXR2
train,6434,P12270,Q9BT92
train,6445,Q5DJT8,Q5XPI4
train,6446,P57078,Q6Q0C0
train,6453,P18859,Q99807
train,6462,Q15417,Q92804
train,6500,Q5H9R4,Q92667
train,6501,Q92870,Q9HCE7
train,6562,Q6Q0C0,Q9Y4K3
train,6567,P62191,Q52M75
train,6593,P52948,Q14671
train,6613,Q07889,Q9P2A4
train,6621,O00459,Q8WU20
train,6716,Q05655,Q13393
train,6728,Q6P2H3,Q8TEP8
train,6736,O00443,P19174
train,6743,P36888,P40763
train,6754,O43236,Q14315
train,6755,P15735,Q07065
train,6819,P12270,Q14BN4
train,6851,Q14315,Q9Y5X1
train,6903,Q14194,Q9H0R4
train,6918,P11047,Q16787
train,6920,P02489,P02768
train,6926,O75530,Q9BXM7
train,6933,Q9NQ66,Q9UBF8
train,6974,P33992,Q6ZRQ5
train,6987,O14745,Q9BVS4
train,7024,Q9BYM8,Q9BZR9
train,7047,O00203,O43683
train,7083,Q86VW0,Q9NWB7
train,7093,Q05655,Q15147
train,7141,P12270,Q9UPV0
train,7246,O14939,P09972
train,7278,P15735,Q14974
train,7308,P53794,Q14258
train,7328,P42338,P48736
train,7338,P10515,Q8NFV4
train,7352,P19174,Q86YH6
train,7395,P12036,P15735
train,7398,Q15147,Q9UBF8
train,7411,P07948,Q92918
train,7474,P11310,Q00987
train,7522,P48023,Q9UER7
train,7529,P19338,Q13131
train,7581,P08708,P15735
train,7633,P27708,Q13131
train,7638,O43683,Q10567
train,7762,Q5QJE6,Q6PKG0
train,7785,Q05655,Q9Y6R4
train,7789,P08708,Q9P2E2
train,7810,Q12866,Q13873
train,7818,Q13480,Q14155
train,7866,P21673,P68400
train,7884,P17931,P68400
train,7890,P41252,Q9BVS4
train,7903,O00443,O15327
train,7908,P14678,Q9Y5B0
train,7916,Q9NQL2,Q9UQB3
train,7926,P25098,Q96RQ3
train,7953,P20936,Q9H0M0
train,7967,A5PKW4,Q9ULU8
train,7983,P30154,Q13188
train,7992,P15735,Q99623
train,8019,Q9NWB7,Q9P2M7
train,8100,P01374,P01375
train,8152,Q13049,Q86Y13
train,8155,P57078,Q9NRP7
train,8170,P51991,Q13131
train,8231,O14526,Q9HCE7
train,8286,P05387,P19525
train,8311,O60566,P49736
train,8334,Q12959,Q9P2W3
train,8353,Q00653,Q9UQL6
train,8362,P42694,Q9Y6M1
train,8469,P33993,Q92878
train,8482,Q6PKG0,Q9NYI0
train,8500,Q13393,Q86XP1
train,8533,P68400,Q9NQB0
train,8599,P31948,Q00987
train,8694,P51149,Q9ULU8
train,8753,P52948,Q9UPV9
train,8768,Q16543,Q96S44
train,8812,P21860,Q13191
train,8827,P12270,Q9HCS7
train,8876,Q6VAB6,Q9BVC6
train,8887,P12270,P19838
train,8965,P57078,Q69YN4
train,9019,Q14315,Q9HBL0
train,9069,P04629,Q99961
train,9088,O14788,Q07666
train,9165,O14979,Q9UBF8
train,9175,Q99683,Q99759
train,9194,Q9BQG0,Q9BVS4
train,9196,P18206,P62304
train,9218,Q99607,Q9UKT5
train,9261,P12270,Q92973
train,9264,P48736,Q9P2W3
train,9355,O14908,Q08116
train,9436,O75116,Q6VAB6
train,9441,P49815,Q15276
train,9504,Q15392,Q9UBF8
train,9553,Q8NB25,Q9ULU8
train,9575,Q15751,Q9Y3C5
train,9603,O00459,Q9P2W3
train,9646,Q00987,Q04637
train,9738,Q03113,Q15283
train,9763,P12270,Q16666
train,9811,P43405,Q9UQC2
train,9880,P55209,Q6PKG0
train,9909,Q5U5X0,Q9H2W6
train,9922,O43752,Q9P253
train,9935,P06576,Q3MIX3
train,10018,Q6VAB6,Q96LB3
train,10076,Q7Z4K8,Q9BYE7
train,10099,P51948,Q9BV68
train,10113,Q86Y13,Q9BYM8
train,10144,P24043,P55268
train,10156,Q15650,Q96IW2
train,10249,Q8N3E9,Q9NRR6
train,10280,Q6ZVK8,Q9Y620
train,10288,P21860,Q9H0M0
train,10325,Q13418,Q5VV42
train,10328,O00459,O60674
train,10339,P42694,Q99700
train,10340,O00763,P25098
train,10394,P23497,Q9UBE0
train,10408,Q13011,Q3MIX3
train,10411,P15735,P61978
train,10436,Q86TB9,Q8TEP8
train,10499,P14373,Q9NWB7
train,10527,O75747,P42356
train,10535,P11413,Q00987
train,10552,P11308,P17947
train,10564,Q9BXF9,Q9UBF8
train,10598,O75747,Q9NQ66
train,10602,O60716,Q00987
train,10693,Q15628,Q8IVH8
train,10799,P19174,Q8WU20
train,10800,O14745,O43572
train,10851,P42336,P43405
train,10879,Q13873,Q969L4
train,10914,P11498,Q00987
train,10947,P47874,Q9BXY8
train,11019,P20963,P43405
train,11031,O75747,Q15147
train,11055,Q13596,Q92769
train,11062,O00443,Q9NQ66
train,11145,P60228,Q9BVS4
train,11170,P33991,P78527
train,11201,P15735,Q9BXW9
train,11239,P18206,P98179
train,11246,Q9BVS4,Q9UN86
train,11274,O60674,O75159
train,11386,P31751,P42226
train,11389,O43353,Q9BXL7
train,11410,P20618,Q9Y6E0
train,11488,O60674,P19838
train,11498,P30273,Q13191
train,11507,A5YKK6,P42694
train,11516,O00443,Q15147
train,11529,Q13188,Q8TDM6
train,11531,P48736,Q15118
train,11564,Q96RU3,Q9P2E2
train,11568,Q9BQ52,Q9HB07
train,11589,O00311,O60610
train,11604,P52948,Q86U86
train,11626,P25098,Q96TA2
train,11631,O75521,P26440
train,11706,Q92878,Q9NWB7
train,11771,P19174,P42338
train,11777,Q8IUC4,Q9HCE7
train,11788,P15735,P60900
train,11791,O75146,Q14247
train,11804,Q9BYM8,Q9NYG5
train,11880,O14974,O75116
train,11894,P35916,P46108
train,11903,P28072,Q9Y6E0
train,11912,Q13064,Q9BYE7
train,11922,O43586,Q9Y5K6
train,12021,P42229,P51813
train,12022,Q13064,Q9BV68
train,12024,Q7Z419,Q9BZR9
train,12029,Q00987,Q9BVK6
train,12050,P35222,Q9NW38
train,12077,Q8IUC4,Q969H4
train,12078,P55209,Q9BY44
train,12110,P52948,Q9UPV0
train,12149,P05455,Q00987
train,12175,Q86Y13,Q8N5U6
train,12261,P05783,Q8IUC4
train,12268,P42356,Q3KP44
train,12283,P48736,Q13009
train,12324,P25098,Q5TZA2
train,12358,Q14674,Q8WVM7
train,12369,Q5VT25,Q9BZL4
train,12388,P04792,Q00987
train,12423,O14936,Q9Y5K6
train,12448,Q6VAB6,Q92947
train,12454,O60566,Q10567
train,12482,P48736,Q6ZUJ8
train,12489,P30154,P41743
train,12506,P52948,Q13009
train,12509,O95816,P19838
train,12510,O95071,P15735
train,12513,Q9NWB7,Q9P2E9
train,12543,P16435,Q52M75
train,12558,P42694,Q9C0B0
train,12572,P08581,Q9H0N5
train,12582,P19838,P43243
train,12617,O75553,P19174
train,12618,P11310,Q14315
train,12625,Q13188,Q8NF91
train,12641,Q86Y13,Q9BSM1
train,12655,P42694,Q969X5
train,12675,O75400,Q9P2E2
train,12727,Q9BYM8,Q9BYV6
train,12768,P52948,Q96RG2
train,12785,Q14258,Q8TEP8
train,12816,O00459,Q6ZUJ8
train,12941,P61221,Q9UBN7
train,12988,P05387,Q9BVS4
train,13011,O75925,Q8N4C6
train,13023,P12270,Q69YQ0
train,13046,Q13418,Q5SY16
train,13097,Q7Z6B0,Q9UMZ2
train,13104,O60674,Q8TF42
train,13128,P02549,P35611
train,13139,O43390,Q00987
train,13156,A6NHG4,O75347
train,13197,O95208,P17948
train,13210,P38398,Q9Y4A5
train,13267,P19525,Q8WWM7
train,13275,O60684,P38398
train,13294,P46934,Q15038
train,13360,P04843,Q00987
train,13376,O15067,Q9NWB7
train,13422,O60508,Q13490
train,13484,O15061,Q6PKG0
train,13521,Q14315,Q14498
train,13556,Q6PKG0,Q9UKG1
train,13589,Q14168,Q6VAB6
train,13603,O43426,P19174
train,13627,Q6PKG0,Q9ULJ8
train,13690,P37173,Q96CW1
train,13724,P15735,P25787
train,13804,O60381,Q5VSY0
train,13817,O14788,Q9Y4K3
train,13833,P33992,P78527
train,13853,P25098,Q96J01
train,13863,Q02790,Q9Y3D8
train,13938,Q9H0E2,Q9Y616
train,13961,O94941,P51948
train,14046,Q96A37,Q9UPQ4
train,14052,P04264,Q92817
train,14092,O14654,P25098
train,14187,Q9BZZ5,Q9NWB7
train,14310,P52298,P55010
train,14320,P43405,P56945
train,14337,P11532,P48023
train,14358,P11413,Q52M75
train,14449,O14733,Q9UPT5
train,14481,O15254,Q08426
train,14503,Q12968,Q13233
train,14517,P35611,P51532
train,14522,Q96EP1,Q9NYG5
train,14543,P55268,Q16787
train,14596,O15357,Q01970
train,14604,Q8TF72,Q96S44
train,14671,Q13322,Q99704
train,14683,P31751,Q8N3X1
train,14690,P05387,Q9Y6E0
train,14706,A2A2Z9,P31943
train,14752,P25786,Q9Y6E0
train,14768,P28328,Q6PD62
train,14884,P15735,Q96RQ3
train,14934,P42694,Q9H000
train,14967,P42694,Q9BPZ3
train,14993,P42338,Q14789
train,15004,Q9NQ66,Q9NQL2
train,15048,P25098,P62913
train,15077,P25098,P83731
train,15084,P05129,Q14289
train,15133,Q0P5N6,Q13368
train,15164,Q13094,Q13233
train,15174,P52948,Q9BXF9
train,15269,P55735,Q5JSH3
train,15274,Q99615,Q9HCE7
train,15303,O00499,P51813
train,15308,Q15393,Q9Y3D8
train,15322,P31751,Q07889
train,15403,O00499,Q8WYP3
train,15474,P49257,Q14315
train,15484,P25098,P62753
train,15539,Q13439,Q6PKG0
train,15574,P43403,Q8NET5
train,15582,P19838,Q9NWZ3
train,15596,Q06587,Q9BQ52
train,15657,Q9BV68,Q9BYE7
train,15672,Q01970,Q13976
train,15675,O76064,Q7Z419
train,15695,P25705,Q5TC12
train,15699,P42694,Q9Y4F3
train,15732,O43426,Q8TCG2
train,15853,P26368,Q15696
train,15898,P98175,Q8IVE3
train,15912,O60674,P09619
train,15930,P13995,Q00987
train,15979,P52948,Q9UJY4
train,16012,P02649,Q9NWB7
train,16050,O94941,Q13064
train,16079,O60674,P07332
train,16084,O43678,P25705
train,16125,P08581,Q00987
train,16133,O95208,P07949
train,16139,O00459,Q15118
train,16152,Q6ZT12,Q7Z419
train,16153,P48736,P49418
train,16157,Q0VF96,Q9ULU8
train,16183,P84098,Q96KB5
train,16186,P26368,Q8IZL8
train,16193,P42694,Q69YN4
train,16223,O60674,Q13554
train,16226,P42338,Q9NQ66
train,16278,P19174,Q05655
train,16289,O75747,Q9NRR6
train,16376,P25098,Q05655
train,16400,P06576,Q00987
train,16407,P25098,Q9HCC0
train,16421,O00231,Q9Y6E0
train,16477,P25789,Q9Y6E0
train,16488,P15735,P25098
train,16582,Q96R06,Q9NRA8
train,16594,P21860,P48736
train,16664,P11177,Q00987
train,16685,P42338,Q15147
train,16686,O95373,Q52M75
train,16719,P12270,P42858
train,16740,P12270,Q53EL6
train,16769,Q00987,Q07864
train,16863,P61978,Q7Z6J0
train,16928,Q00987,Q13011
train,16944,Q9BV68,Q9BZR9
train,16952,P53805,Q9UBK9
train,17003,O14745,Q13418
train,17035,P51617,Q12933
train,17067,O14979,P18206
train,17089,O14965,Q14155
train,17108,O00559,O95295
train,17122,P49796,Q9H422
train,17133,P17948,P40763
train,17179,P54819,P57078
train,17186,O00212,Q969H4
train,17390,P25098,Q3MHD2
train,17420,O75914,Q15746
train,17429,P09619,Q15464
train,17445,P41273,Q12933
train,17464,O94992,Q9Y3D8
train,17468,O00763,P15735
train,17471,Q02218,Q8NFV4
train,17486,Q9H270,Q9UNK0
train,17564,O60763,P53618
train,17618,Q6NVY1,Q9HB07
train,17687,P20963,Q8TCG2
train,17710,Q8NEV4,Q9UBN7
train,17760,P05783,Q8TEP8
train,17762,P42694,Q7Z2W4
train,17857,Q00987,Q9Y620
train,17897,P19525,P61978
train,17905,O43236,Q9Y6H5
train,17935,P26368,P46821
train,18060,O14788,P25963
train,18073,Q12933,Q15653
train,18094,P42694,Q13148
train,18100,Q8N488,Q9NQL2
train,18126,Q8WV74,Q8WW59
train,18143,O00212,P42356
train,18147,Q08345,Q8WU20
train,18153,Q8IZC4,Q99549
train,18154,O43426,Q9UBF8
train,18219,Q8WWM7,Q9BVS4
train,18258,O43318,Q13233
train,18264,P35568,P56945
train,18286,P05165,Q13131
train,18301,P12270,Q8N137
train,18310,Q6ZRC1,Q9P2E2
train,18329,P07949,Q99961
train,18394,P10721,Q7Z698
train,18401,P10721,Q9NSE2
train,18417,P18206,Q8IYB7
train,18422,Q15363,Q8N6T3
train,18528,A6NHG4,P58546
train,18559,P03950,P32971
train,18574,P42694,Q8ND24
train,18633,Q13501,Q52M75
train,18680,Q15147,Q9P2W3
train,18694,O00212,P52735
train,18763,P22061,Q86UL8
train,18772,O95267,Q07889
train,18781,Q13263,Q9BVS4
train,18796,Q01970,Q8N3E9
train,18803,P15735,Q9GZT3
train,18829,O00628,P33897
train,18845,O43739,Q7Z6J2
train,18879,P41212,Q9HCE7
train,18912,P52948,Q99747
train,18976,P35611,Q96ST3
train,19004,O75323,Q99807
train,19005,Q9BRV8,Q9UHD2
train,19021,O14745,Q00987
train,19043,P12036,P19525
train,19047,Q13435,Q9BVS4
train,19071,P12270,Q9UQE7
train,19079,Q6VAB6,Q9UPT8
train,19090,P26232,P31751
train,19104,P43405,Q13393
train,19206,O60763,P46459
train,19216,P08708,P19525
train,19275,P24539,Q9NZN5
train,19278,P53779,P61978
train,19360,Q7Z419,Q96A37
train,19366,P13639,P33993
train,19376,O60674,P42336
train,19417,P10721,Q96PU5
train,19500,P78527,Q15417
train,19569,Q6P3W6,Q9BXT8
train,19625,P35916,P42336
train,19630,P07948,P42356
train,19645,P68400,Q9Y237
train,19673,P12270,Q8NEY1
train,19713,Q14642,Q14643
train,19890,P19174,Q14642
train,19909,P14174,P18206
train,19934,O94979,P24539
train,19964,Q8WWM7,Q9Y6E0
train,20004,P41567,Q9HAU5
train,20032,O43581,O95782
train,20109,Q9H422,Q9UER7
train,20125,P36406,Q86TM6
train,20166,O00189,O43747
train,20219,Q14315,Q9H0U9
train,20259,P52948,Q9NYJ8
train,20293,Q16576,Q96KB5
train,20296,O14654,Q05655
train,20316,P42356,Q9NRR6
train,20318,O60674,P56945
train,20350,Q00987,Q9UJZ1
train,20369,A5YKK6,P24539
train,20473,Q99784,Q9NWB7
train,20514,P25205,Q00987
train,20559,Q13418,Q99471
train,20647,P12270,Q9HCH5
train,20680,Q9H089,Q9NQL2
train,20688,O95405,P37173
train,20770,O14939,Q86XP1
train,20871,P18545,Q96RU3
train,20945,Q9HCE7,Q9NV92
train,20966,Q13064,Q17RB8
train,20974,O94941,Q9BZR9
train,21001,Q9BWF2,Q9NYG5
train,21022,P42356,Q15669
train,21040,P06213,P41743
train,21148,P17480,Q9NWB7
train,21171,O00443,Q96PE3
train,21203,P98179,Q00987
train,21208,O75582,P40763
train,21217,P17948,Q99961
train,21259,P27816,Q14315
train,21281,P12270,Q96AC6
train,21300,O14964,O60313
train,21313,O14654,P15735
train,21323,O43747,Q9UJ41
train,21352,P42694,Q9UPQ9
train,21426,Q14152,Q9NRI5
train,21442,Q13064,Q86Y13
train,21452,P42694,Q58A45
train,21481,Q00987,Q92945
train,21492,P42336,Q8N3E9
train,21498,P52948,Q9HC77
train,21524,P20936,Q8N4X5
train,21580,Q13131,Q9Y230
train,21640,P31943,Q96S44
train,21650,P25098,Q14318
train,21661,Q13625,Q9H0M0
train,21707,P19338,Q9BY44
train,21723,P40763,Q9UGK3
train,21771,O43353,P19838
train,21788,Q13094,Q92918
train,21804,Q9BYM8,Q9UPQ4
train,21813,O43281,Q05397
train,21905,P42694,Q17RY0
train,21959,P49736,Q00987
train,21971,O95721,O95782
train,21981,P42336,Q6ZUJ8
train,22065,Q86XP1,Q9NQ66
train,22082,P30622,Q9NWB7
train,22096,O43164,Q8TEP8
train,22104,P42356,Q99615
train,22149,P41236,Q9ULJ8
train,22204,Q9UQC2,Q9Y4K3
train,22240,P21359,P62380
train,22271,Q12766,Q9NWB7
train,22279,P15735,P62913
train,22320,P15735,P83731
train,22409,P24539,P78362
train,22419,Q6VAB6,Q9UL15
train,22432,P98174,Q14247
train,22436,P20936,Q9UF33
train,22450,P04629,Q00987
train,22555,Q15147,Q86XP1
train,22613,P25098,P48736
train,22696,O15530,Q12967
train,22708,P15735,P62753
train,22728,Q92804,Q9Y6E0
train,22744,P11274,P42684
train,22828,P43403,Q8WV28
train,22851,O75208,P40939
train,22903,P31943,Q13131
train,22933,Q6ZNA4,Q8WV44
train,22967,O43805,Q9UBP0
train,22970,Q8N9B5,Q9P2E2
train,23011,P06213,P56945
train,23042,P04629,Q9H4P4
train,23046,O95487,P52948
train,23090,O60313,P35611
train,23160,P30154,P36507
train,23241,O14965,P31350
train,23385,P15735,Q9BSD7
train,23417,P42336,P43403
train,23431,P58107,Q00987
train,23456,P19838,P27708
train,23457,P07948,P30273
train,23502,O60907,Q13042
train,23504,P46108,Q13094
train,23530,P06576,Q9Y6H1
train,23538,O75533,Q14680
train,23552,P25705,Q96TC7
train,23557,Q6VAB6,Q9UHW5
train,23599,Q7Z6J0,Q9ULC8
train,23606,P19838,Q6P4R8
train,23660,Q12959,Q9BUH8
train,23745,O95816,P25098
train,23748,P51948,Q86Y13
train,23796,O43765,Q6PKG0
train,23805,P07196,Q9Y4I1
train,23901,Q00341,Q00987
train,23902,O14893,P26368
train,23932,P55196,Q12967
train,23933,P12036,Q9BVS4
train,23936,P28066,Q00987
train,23964,O75934,Q8IVE3
train,24022,P62258,Q9Y6M4
train,24037,P42356,P61587
train,24073,Q8TEP8,Q9HCE1
train,24088,P25705,Q8IXI2
train,24093,O43318,P46108
train,24102,P08708,Q9BVS4
train,24110,P08621,Q14315
train,24172,Q9BZF9,Q9NWB7
train,24175,O60641,P19174
train,24182,P25098,Q9H2D6
train,24234,P12270,Q5VST9
train,24237,A0FGR8,P57078
train,24278,P12270,Q68CZ1
train,24296,Q8WVD5,Q9HCE7
train,24345,Q14990,Q96R06
train,24449,Q13200,Q13617
train,24452,Q04323,Q9HCE7
train,24475,P14317,Q53T59
train,24514,O96019,P24928
train,24560,P15735,Q3MHD2
train,24571,P19838,Q13546
train,24573,P24539,Q502X0
train,24605,P22314,Q99728
train,24628,P29590,P37173
train,24639,Q96S44,Q9Y230
train,24641,Q8NHV4,Q96JP2
train,24652,O95071,Q96HU1
train,24667,P07949,P20936
train,24687,O14492,P43405
train,24723,P42694,Q9UGI0
train,24732,Q17RB8,Q9BV68
train,24733,P21860,Q05397
train,24739,P78527,Q96EV8
train,24756,P05783,Q92769
train,24771,P43034,P46821
train,24784,Q12955,Q9UJC3
train,24789,P24928,Q9UPV9
train,24840,Q9NQP4,Q9ULZ2
train,24880,P62826,Q9Y2X7
train,24910,P25098,Q86W42
train,24978,P19174,Q12774
train,24998,O14544,Q9Y615
train,25006,P42336,Q13418
train,25015,O75791,P19174
train,25230,P05387,Q00987
train,25236,Q13625,Q96QZ7
train,25288,P62316,Q9BVS4
train,25300,P05783,Q9NWB7
train,25319,Q13163,Q3SXR2
train,25387,O75175,Q14315
train,25406,A9Z1Z3,Q8N3Y1
train,25411,A2IDD5,Q9ULU8
train,25474,P13693,P53350
train,25525,O75533,Q13627
train,25530,P52948,P58340
train,25543,O43426,P29323
train,25594,P12036,Q9Y6E0
train,25604,O00443,Q8TCG2
train,25718,P57078,Q8WUM0
train,25739,O14745,P36543
train,25794,P08708,Q9Y6E0
train,25802,P47756,Q00987
train,25863,Q00610,Q00987
train,25866,P19338,Q9UBK2
train,25888,Q92804,Q9NQL2
train,25890,P60900,Q9Y6E0
train,25913,O60573,Q9BUB5
train,25936,Q7Z4K8,Q9UPQ4
train,25998,P15735,P62258
train,26048,Q14289,Q8N5H7
train,26081,Q01970,Q8TCG2
train,26127,O43426,O75747
train,26130,O00459,P19174
train,26143,P29597,Q13191
train,26160,P52948,Q53EL6
train,26212,P33241,Q13873
train,26286,P63211,Q07889
train,26287,Q8TEP8,Q96SN8
train,26306,O00217,Q00987
train,26324,P42694,Q9NRA8
train,26391,O15085,Q9NWB7
train,26398,P12270,Q08378
train,26413,P17600,P20936
train,26422,P25054,Q14152
train,26423,Q86Y13,Q9Y4K3
train,26424,P14868,Q9BVS4
train,26479,Q13237,Q14847
train,26483,P05129,Q16625
train,26507,P04629,Q9HCE7
train,26538,Q96A37,Q9H992
train,26568,O14964,O95405
train,26610,P19525,Q9NYJ8
train,26618,P06213,Q96T49
train,26668,P28330,P42858
train,26669,O00443,O43426
train,26673,O60397,Q13620
train,26725,P46108,Q9Y4H2
train,26738,Q9BVS4,Q9Y295
train,26772,Q13526,Q3SXR2
train,26806,O15151,Q9Y620
train,26830,Q99549,Q9NZ52
train,26840,P60174,Q00987
train,26853,O75791,Q13905
train,26856,Q155Q3,Q9Y6R4
train,26867,Q8TEP8,Q9HB71
train,26869,O00231,Q00987
train,26876,P19525,P46778
train,26895,O15392,P20936
train,26898,Q00987,Q13435
train,26922,Q71SY5,Q9UBN7
train,26989,Q14289,Q5T5U3
train,26998,P61978,Q9BVS4
train,27001,P62316,Q9Y6E0
train,27066,P25705,P49821
train,27125,O75179,P42694
train,27159,Q92538,Q92888
train,27196,P37173,Q14155
train,27219,Q13753,Q16787
train,27237,P21359,Q99615
train,27258,P60228,Q52M75
train,27295,Q9BV68,Q9H992
train,27306,Q8N5M1,Q9Y620
train,27318,O15069,Q6PKG0
train,27336,O00221,Q13616
train,27337,P06733,Q00987
train,27362,Q9UG01,Q9ULG6
train,27494,Q8IVE3,Q9C0J8
train,27498,P51948,Q86TM6
train,27541,O60381,Q8WWW0
train,27608,P18206,P26368
train,27689,P08581,Q13191
train,27737,P06213,Q14155
train,27754,Q00987,Q96PK6
train,27778,Q496Y0,Q9HCE7
train,27794,Q13469,Q9Y3D8
train,27825,Q8WWM7,Q9P2E2
train,27848,Q969H0,Q9Y3D8
train,27857,P19174,Q9NQ66
train,27859,P19838,P41743
train,27877,O75400,O75554
train,27896,O95208,P21860
train,27897,Q7Z419,Q9H270
train,27909,P80192,Q7Z6J0
train,27916,Q15029,Q8NBJ4
train,27932,A6NHG4,Q9UL46
train,27953,P55010,P78344
train,28008,Q7Z698,Q9UG01
train,28038,O15360,Q13418
train,28049,Q16543,Q96KB5
train,28082,P06576,P12270
train,28112,Q13402,Q8NFW9
train,28211,Q9Y230,Q9Y3D8
train,28267,P24539,Q08378
train,28279,P35228,Q9UBF6
train,28310,P52429,Q13393
train,28389,Q13418,Q8WWM7
train,28434,Q13099,Q92834
train,28450,Q13418,Q9NZL4
train,28490,P60900,Q9BVS4
train,28513,Q01970,Q9UBF8
train,28550,P35222,P68400
train,28631,Q14642,Q9NQ66
train,28641,O75521,Q08426
train,28690,P47712,Q8IW41
train,28728,P33981,P57078
train,28745,P25705,Q9Y512
train,28762,O75400,P48023
train,28806,P06733,Q9NVD7
train,28822,Q6ZMZ3,Q8TEP8
train,28839,A7E2F4,Q9NWB7
train,28895,P06213,Q05397
train,28959,P37173,Q9BXA7
train,29014,Q13402,Q9P202
train,29043,Q14642,Q15147
train,29045,O15269,Q13418
train,29169,O75582,P47712
train,29247,P28324,Q13164
train,29276,Q14974,Q8WYP5
train,29309,O14492,P10721
train,29314,O60381,Q16186
train,29334,P35568,Q9Y6K9
train,29370,Q86Y13,Q9BYE7
train,29385,O43639,P06213
train,29431,Q6VAB6,Q9NNW5
train,29443,P38398,P40763
train,29452,P25098,P84098
train,29492,P12755,Q9HCE7
train,29536,P68400,Q96KB5
train,29539,P42694,Q8IU60
train,29549,P57078,Q15386
train,29565,P49137,P49815
train,29571,P42694,Q8WU79
train,29605,P23588,Q52M75
train,29676,O60496,P07948
train,29717,P42694,Q15058
train,29723,O60683,Q96GF1
train,29762,P19525,P62913
train,29768,Q8N5U6,Q96A37
train,29783,P31948,Q3SXR2
train,29788,Q14643,Q9NSC5
train,29794,Q6VAB6,Q9H0U9
train,29817,P11498,Q13131
train,29868,P35568,P46108
train,29896,P51617,Q13233
train,29900,P12270,Q9UPU9
train,29905,P17600,P19174
train,29912,P35568,P68400
train,29915,P42336,P49418
train,29922,O00154,O75208
train,29986,P50613,Q9HC98
train,29987,P52594,Q9UBC2
train,30011,P19174,P52824
train,30065,O14543,P42226
train,30067,P07949,Q9Y4K3
train,30125,O60341,Q8IXJ9
train,30177,Q15147,Q8N3E9
train,30205,P19525,P62753
train,30212,P42694,Q8NDV7
train,30280,P05129,P61764
train,30302,O43639,P31751
train,30333,P01213,Q9BYF1
train,30362,Q8N7W2,Q96JP2
train,30376,O60508,Q13114
train,30534,Q7Z419,Q8WVD3
train,30592,Q9HCM3,Q9Y223
train,30611,O00459,Q9NQ66
train,30614,O14920,P41279
train,30618,Q86Y13,Q9BZR9
train,30652,Q00987,Q8TEX9
train,30659,O43809,P18206
train,30668,P41743,Q15628
train,30680,Q14315,Q7Z5K2
train,30699,O00559,P42356
train,30708,P35251,Q15170
train,30714,P20936,Q9UM73
train,30724,P43403,Q14289
train,30732,O14745,Q13188
train,30814,O75553,Q5VWQ8
train,30850,Q14155,Q9BVS4
train,30871,P62314,Q969L4
train,30880,P33993,Q13418
train,30938,P12757,Q6UB99
train,31002,Q52M75,Q92614
train,31023,Q7Z419,Q9NYG5
train,31047,P24539,Q8N4L8
train,31050,Q7L590,Q96CS2
train,31060,P23508,P36543
train,31073,O00459,Q15147
train,31098,P25705,Q00987
train,31126,Q13322,Q99558
train,31142,P17947,P49716
train,31205,Q13191,Q13905
train,31216,Q9HCE7,Q9NWT1
train,31255,P06733,Q52M75
train,31287,O95721,Q9Y6H1
train,31350,P19525,Q92734
train,31352,P29323,Q8N5H7
train,31392,O14964,Q07889
train,31394,Q16576,Q9BQG0
train,31415,Q6W2J9,Q9UQL6
train,31426,O75400,Q9NQL2
train,31476,P06576,P18206
train,31486,O75159,P42229
train,31504,P07332,Q99704
train,31508,O75400,Q9UPS6
train,31532,P25963,Q9BYM8
train,31562,Q96RQ3,Q9BVS4
train,31563,O15524,P09619
train,31589,P40763,P42229
train,31602,Q3MIX3,Q9H078
train,31615,P62753,Q9UBF8
train,31646,Q8WVD3,Q9Y3D8
train,31660,P24539,Q9P265
train,31684,Q14315,Q9Y5W8
train,31712,P17948,Q13535
train,31715,P42338,Q9NRR6
train,31767,Q7Z419,Q9Y577
train,31783,O43426,P42338
train,31882,O15230,P55268
train,31928,O00560,Q15417
train,31938,P50570,Q9NWB7
train,31943,Q15392,Q9Y6H1
train,32019,O43390,Q13131
train,32057,Q03468,Q6VAB6
train,32072,O60763,P19174
train,32079,P25787,Q9Y6E0
train,32139,Q14643,Q8IWB1
train,32142,O75747,Q01970
train,32168,O00443,Q9UBF8
train,32171,P37173,Q15628
train,32289,Q7Z6J0,Q8N8S7
train,32311,Q1MX18,Q8TEW8
train,32342,Q8TF72,Q9NWB7
train,32345,Q7L5Y9,Q9P2E2
train,32359,O43896,Q99549
train,32378,O43809,Q96S44
train,32436,P12270,Q9UIL1
train,32469,P52948,Q5M775
train,32489,P24928,Q92900
train,32494,P14373,P51948
train,32544,O60313,P02545
train,32586,O60907,Q92828
train,32599,P28328,Q92541
train,32633,P41743,P42336
train,32752,P41743,Q13546
train,32791,P25963,Q05655
train,32853,P17948,Q9Y4K3
train,32891,O95613,Q8TEP8
train,32893,P25963,Q99627
train,32909,P68400,Q00613
train,32945,O75925,P40763
train,32949,P02647,P06576
train,32950,Q05086,Q14999
train,32969,P07949,P56945
train,33017,O14939,P52824
train,33055,P29597,P35568
train,33101,Q00987,Q8TBA6
train,33111,Q13064,Q9UPQ4
train,33113,Q6ZMZ3,Q8NEV8
train,33146,P49796,P62258
train,33183,P04629,P42356
train,33214,P19838,Q96ST3
train,33225,P11047,Q13347
train,33258,O15530,Q15118
train,33324,Q05655,Q9H987
train,33397,P60228,Q9UBW8
train,33407,O43752,Q9H270
train,33415,Q86TU6,Q8IWT3
train,33427,P54257,Q13310
train,33484,Q99436,Q9Y6E0
train,33499,P42694,P50548
train,33587,Q13200,Q13616
train,33608,P46934,Q96B97
train,33614,Q14318,Q6VAB6
train,33656,P29323,P50548
train,33668,O14776,P06213
train,33715,P24539,P78344
train,33724,O60237,O75116
train,33727,P36507,Q13526
train,33844,P17948,Q14289
train,34004,P15735,P52272
train,34012,P19525,P83731
train,34023,P25098,Q9BVS4
train,34025,O00763,Q9BVS4
train,34037,O75925,P52630
train,34052,P12757,Q13042
train,34093,P12270,Q9NTJ3
train,34138,O00499,O15061
train,34147,Q13617,Q14204
train,34151,O75347,P23508
train,34201,P08708,Q13418
train,34286,O00231,Q13188
train,34318,P33991,Q00987
train,34328,P19838,Q13233
train,34347,P49792,P60228
train,34365,Q13099,Q9Y383
train,34392,O15357,Q8N3E9
train,34419,P52824,Q9NQ66
train,34444,P10721,Q9Y6I3
train,34549,P06213,Q9UL68
train,34584,P19525,Q15723
train,34594,P41743,P51617
train,34627,Q52M75,Q8TEX9
train,34643,Q7Z6J0,Q9UQC2
train,34651,O14508,P52630
train,34662,Q13546,Q99683
train,34728,Q155Q3,Q9NWB7
train,34747,P53999,Q9BVS4
train,34850,P53350,Q8IZT6
train,34860,P49840,Q96BR1
train,34910,P52824,Q15147
train,34978,A6NHG4,O15212
train,34990,Q9NRW7,Q9P253
train,35033,Q9H0R4,Q9Y383
train,35083,P25705,Q52M75
train,35091,P78527,Q92878
train,35105,O60684,P40763
train,35113,O14907,O94925
train,35128,P35222,P35240
train,35156,O95816,P15735
train,35180,P52948,Q8WUM4
train,35205,P57078,Q7Z2X4
train,35225,P25963,Q15628
train,35255,Q86UP2,Q9ULU8
train,35260,Q9BV36,Q9Y2J0
train,35294,P42694,Q14671
train,35314,Q15417,Q16363
train,35315,P17948,Q9H4P4
train,35379,O43318,Q13873
train,35414,Q00987,Q07065
train,35444,P36543,Q9Y4K3
train,35458,P15735,P36542
train,35477,P51948,Q9UPQ4
train,35492,P53621,Q9UNK0
train,35535,Q6UXN9,Q9BVS4
train,35583,O75694,P42694
train,35602,P26651,P42694
train,35634,P28066,Q13188
train,35666,Q03113,Q9BX93
train,35677,P14222,P42229
train,35687,P08581,Q99961
train,35811,Q07352,Q99549
train,35857,P35222,Q6VAB6
train,35875,Q5T9A4,Q6VAB6
train,35883,P07949,Q9HCE7
train,35887,Q8IWJ2,Q9NWB7
train,35949,Q00987,Q14974
train,35969,P52948,Q8NCM8
train,35996,Q16512,Q9UBN7
train,36004,O75602,Q8N0X2
train,36046,P46778,Q9BVS4
train,36068,Q14315,Q5TCZ1
train,36069,O43768,Q09428
train,36083,Q8WV44,Q9BV68
train,36143,Q14674,Q8NDV3
train,36164,Q7Z419,Q9BZY9
train,36203,P19174,P42356
train,36228,O00459,P42356
train,36251,P08708,Q00987
train,36282,Q92734,Q9BVS4
train,36337,P31751,Q99683
train,36422,Q96CV9,Q9ULH1
train,36454,P22830,Q00987
train,36469,O14776,Q6PKG0
train,36539,P53041,Q13042
train,36561,A6NHG4,P40925
train,36649,P15735,P84098
train,36673,O14745,Q96S44
train,36719,P42229,P43405
train,36725,Q13017,Q14289
train,36728,O14965,O60566
train,36740,Q13131,Q9Y620
train,36761,P12270,Q9NRJ4
train,36790,Q9BYE7,Q9H992
train,36795,P62753,Q9Y6E0
train,36830,P11532,Q9ULU8
train,36853,P33993,Q52M75
train,36893,P24928,Q13427
train,36989,O60566,Q9Y6R4
train,37017,P40926,Q00987
train,37025,O00443,Q01970
train,37047,P42356,Q14258
train,37058,Q15147,Q9NQ66
train,37166,Q15746,Q9NQU5
train,37173,Q4G0J3,Q8TEP8
train,37190,P25963,Q99759
train,37226,Q13796,Q7Z6J0
train,37277,P45973,Q00987
train,37340,O75884,Q86U90
train,37370,Q13796,Q9NWB7
train,37375,P13693,Q9UNH7
train,37399,O60313,Q96R06
train,37406,P48736,Q9NRR6
train,37464,P19174,P52429
train,37483,Q14152,Q969H0
train,37596,P28328,Q9GZS3
train,37645,O15020,P02549
train,37671,Q00987,Q86UP2
train,37747,Q13546,Q9NQL2
train,37821,O00459,Q07889
train,37884,O14745,Q13131
train,37893,Q6PKG0,Q9NX95
train,37894,P42338,Q01970
train,37908,Q6VAB6,Q96A26
train,37938,P57078,Q9NRZ9
train,37945,O14654,Q9BVS4
train,37954,Q92734,Q9Y6E0
train,38051,P19838,Q13490
train,38098,Q9NWB7,Q9NX95
train,38107,P55072,Q52M75
train,38178,O95235,P42694
train,38186,P02649,P04114
train,38204,P06400,Q08999
train,38227,O14544,Q9Y4H2
train,38279,Q92769,Q96M83
train,38285,P15735,P42704
train,38313,P07332,Q9Y4H2
train,38322,Q7Z4K8,Q9H992
train,38343,Q96B97,Q9NYB9
train,38350,O43318,P19838
train,38379,P12270,Q14678
train,38385,P78527,Q9BVS4
train,38461,Q9BYM8,Q9H992
train,38475,Q9H270,Q9NRW7
train,38477,P51532,P82094
train,38548,Q00987,Q8N983
train,38568,P55884,Q6PKG0
train,38609,P50995,Q00987
train,38643,P46459,Q9P0L0
train,38656,O95782,P50570
train,38675,P53794,Q69YN4
train,38683,O00459,Q9Y4H2
train,38689,O75791,P23942
train,38694,P05129,P25098
train,38702,Q00987,Q16836
train,38725,P19338,P25098
train,38761,P17948,Q9HCE7
train,38781,O60674,P11274
train,38802,Q01534,Q9C005
train,38831,P25098,P27708
train,38877,O00560,P29323
train,38883,P62913,Q9BVS4
train,38901,P52948,Q08379
train,38910,P12270,Q14974
train,38916,P83731,Q9BVS4
train,38924,P54819,Q00987
train,38944,P62191,Q8IVE3
train,38964,P23510,Q12933
train,38990,O60313,Q12797
train,39015,P33993,Q9Y230
train,39073,P40763,Q969D9
train,39125,P42694,Q86UY6
train,39131,P25705,P28331
train,39168,P04629,P46108
train,39195,P42356,Q5XPI4
train,39204,Q8NFH8,Q9ULH1
train,39244,P17947,P19838
train,39259,A5D8V6,Q9NYB9
train,39311,P15735,Q13200
train,39324,P04792,P52948
train,39330,Q07065,Q52M75
train,39415,P10721,P35251
train,39516,P10721,P15036
train,39540,O75347,Q9UKE5
train,39650,O14654,Q9Y6E0
train,39664,O75925,Q6PKG0
train,39665,P30291,Q8TDC3
train,39797,O95208,P42566
train,39808,O14512,O60674
train,39824,P12270,Q8NE31
train,39828,P05387,Q13131
train,39860,Q14974,Q52M75
train,39911,P50402,Q96S44
train,39930,P24539,Q6UB99
train,39946,P34897,Q8NFV4
train,40007,O95816,Q6VAB6
train,40008,P15735,P62826
train,40027,Q7Z419,Q8N9I9
train,40033,Q14444,Q9BVS4
train,40118,Q01484,Q9Y3D8
train,40143,P51617,Q16288
train,40144,P15924,P19838
train,40167,O95208,Q9Y3C5
train,40188,Q9BVS4,Q9HCC0
train,40209,P07910,Q6P3W7
train,40267,P19174,Q8N3E9
train,40296,P13639,Q96QT4
train,40311,P52209,Q9HB07
train,40328,P18206,Q01081
train,40363,P34897,Q99807
train,40398,Q86V81,Q9BVS4
train,40411,Q12972,Q14680
train,40444,P25098,Q14498
train,40445,Q8N7W2,Q9NWB7
train,40495,P62316,Q969L4
train,40506,Q03113,Q9BVS4
train,40527,O75159,P29597
train,40530,Q00987,Q13554
train,40568,O15085,P78559
train,40609,P42356,Q9NQ66
train,40637,P12270,Q9UPQ7
train,40639,P83731,Q9Y6E0
train,40662,O75208,Q9NRK6
train,40703,Q86US8,Q8TEP8
train,40721,P10721,Q7Z699
train,40738,P53618,Q02156
train,40828,Q14318,Q5H9R4
train,40849,P42356,Q9H4M7
train,40981,O75914,P17600
train,41005,Q13415,Q96CS2
train,41063,P42356,Q15147
train,41095,Q00653,Q96ST3
train,41113,Q9BYE7,Q9UPQ4
train,41129,Q00987,Q15149
train,41138,Q8N1A0,Q9NWB7
train,41140,Q3MHD2,Q9BVS4
train,41167,P50402,Q13131
train,41172,O14920,Q13114
train,41226,P42704,Q96EV8
train,41231,P43034,Q9UI46
train,41277,P19174,Q14643
train,41281,P53804,Q9Y4R8
train,41283,P63211,Q9UF11
train,41285,P07948,P19174
train,41314,P27816,Q9P0L2
train,41398,P23246,Q9BVS4
train,41450,Q13610,Q9HCE7
train,41454,O95347,Q9NWB7
train,41458,O15066,Q8IY31
train,41497,P19525,P52272
train,41505,Q8N3E9,Q8TCG2
train,41529,Q7Z4K8,Q8N5U6
train,41530,O75208,Q9GZY8
train,41587,Q6VAB6,Q86U42
train,41592,Q3KR16,Q9UBN7
train,41623,Q13114,Q13233
train,41682,P42694,Q9BRK4
train,41734,Q13418,Q96RQ3
train,41773,P42694,Q6P2E9
train,41839,Q7Z419,Q8N5U6
train,41858,Q13418,Q53EL6
train,41881,P52429,Q9NQ66
train,41889,Q7Z4K8,Q9BZR9
train,41903,Q14244,Q14315
train,41959,P12004,P53999
train,41979,Q13049,Q7Z419
train,41980,P19174,Q9NRR6
train,41985,P02545,Q9UJU6
train,41995,O00459,Q9NRR6
train,42085,O95295,P08581
train,42112,P36543,P52948
train,42196,P31751,P48736
train,42290,P15924,Q96KB5
train,42356,P52429,Q15147
train,42358,Q9BZR9,Q9UPQ4
train,42364,P40763,Q13163
train,42377,Q92963,Q9HCE7
train,42385,P50613,Q14847
train,42388,Q92974,Q9P2M7
train,42403,P35568,Q9H0K1
train,42420,P13639,Q15417
train,42519,O14777,Q9Y6D9
train,42544,Q9H254,Q9ULU8
train,42555,P49716,Q15744
train,42575,O14745,P12271
train,42577,Q52M75,Q9P225
train,42583,P25787,Q00987
train,42632,P52948,Q9BZV1
train,42658,O14939,P61764
train,42661,P25963,P68400
train,42682,P21579,Q86UR5
train,42689,O75347,Q9Y4K3
train,42693,P19525,P43243
train,42706,P12270,Q9H204
train,42837,P05387,Q96S44
train,42978,O14920,O60508
train,43007,O75914,Q9UM54
train,43025,P62826,Q08945
train,43140,Q8TEP8,Q9H000
train,43159,P52948,Q99615
train,43187,O75747,Q96PE3
train,43207,O75208,P06576
train,43209,Q01433,Q9BY44
train,43264,Q00987,Q9GZT3
train,43367,P04629,Q6ZMV7
train,43377,P53350,Q9BZB8
train,43389,O95405,P42773
train,43421,Q13356,Q9BZJ0
train,43422,P23508,Q15363
train,43439,O43303,Q15628
train,43447,O43542,O75771
train,43455,P12036,Q13188
train,43478,P19838,Q13393
train,43483,O60763,P61764
train,43495,Q16576,Q9Y4K3
train,43503,P19838,Q9BXL7
train,43529,P42229,Q9HC77
train,43558,P19338,Q15417
train,43565,O43281,Q14289
train,43593,Q05397,Q14289
train,43610,P08708,Q13188
train,43657,P36406,Q8N5U6
train,43660,Q05655,Q13164
train,43730,O95155,Q99615
train,43762,P09619,P29597
train,43828,Q9H6I2,Q9NQB0
train,43829,P46108,Q14289
train,43831,P35527,Q00987
train,43844,P46778,Q00987
train,43858,Q8WWW0,Q8WZA2
train,43880,P15735,Q01844
train,43957,Q7Z419,Q9BYM8
train,43978,P04629,Q9H0M0
train,44176,P42694,Q8NFZ5
train,44186,P07910,Q00987
train,44208,Q52M75,Q9UHD8
train,44215,P38398,P53803
train,44263,Q13418,Q9UL15
train,44282,Q52M75,Q9UNY4
train,44321,Q8TBK6,Q9Y3D8
train,44325,P48736,Q8N3E9
train,44343,Q69YN4,Q8TEP8
train,44351,O43252,Q9ULJ6
train,44352,P06213,Q6PKG0
train,44354,Q8N5U6,Q9BSM1
train,44362,P49591,Q52M75
train,44410,Q5JY77,Q9BY44
train,44430,O14512,O14654
train,44502,Q9P2D1,Q9UBE8
train,44560,P48436,Q96T58
train,44580,O75486,P38398
train,44591,P06400,P42694
train,44593,Q05397,Q14155
train,44622,P49721,Q9Y6E0
train,44696,P13639,P15735
train,44699,Q9BSM1,Q9BZR9
train,44718,P78545,Q9Y3D8
train,44736,P62913,Q13418
train,44759,P02652,P04114
train,44760,Q13526,Q13554
train,44809,Q9BYE7,Q9H4P4
train,44854,P33993,Q9UBU8
train,44890,P61289,Q14315
train,44898,Q14289,Q9ULZ2
train,44905,Q9NQL2,Q9UGU5
train,44909,P09874,P62913
train,44914,Q9ULW5,Q9Y2J0
train,44928,Q13131,Q8WWM7
train,44941,P51948,Q7Z419
train,44948,P46108,Q13233
train,44963,Q6VAB6,Q9H9L3
train,44992,Q15572,Q9GZS1
train,45037,P34897,Q3MIX3
train,45108,P31751,P98170
train,45155,P62753,Q13418
train,45202,P21860,Q14155
train,45229,O43390,P33993
train,45320,P12270,Q5VWQ8
train,45338,P25963,P43405
train,45356,P22314,Q00987
train,45400,O60763,Q9NYM9
train,45433,P00540,Q99640
train,45445,Q6VAB6,Q9Y605
train,45465,P31751,Q96N46
train,45482,P42336,Q96B97
train,45494,P07948,Q9UN19
train,45497,P25705,Q9P2R7
train,45502,Q8WV44,Q9BYE7
train,45525,Q13418,Q96TA2
train,45569,O14818,Q9Y6E0
train,45584,Q13064,Q9H992
train,45591,Q86UR5,Q9ULW5
train,45593,P04629,Q9BVN2
train,45607,P18074,Q13501
train,45611,P05129,Q9NQ66
train,45636,O00560,Q9Y345
train,45641,P06400,P32519
train,45702,P25705,Q13131
train,45716,Q92918,Q9UN19
train,45719,Q14643,Q9NQ66
train,45811,O60610,Q9UQB8
train,45842,P15735,P19338
train,45861,O60437,Q9NWB7
train,45882,P07949,Q7L591
train,45913,P52948,Q9Y5M8
train,45933,Q9NWB7,Q9Y6D9
train,45938,P15735,P27708
train,45958,Q7Z419,Q9H0F5
train,45981,Q14315,Q8WWN8
train,46000,P13639,P78527
train,46013,P52948,Q9Y2K2
train,46023,Q13418,Q9HCC0
train,46027,Q8IVF5,Q8TEW0
train,46084,A9Z1Z3,O95235
train,46131,Q9NWB7,Q9ULJ1
train,46136,Q6PJ69,Q7Z419
train,46138,Q13094,Q7Z7G1
train,46140,Q00987,Q13535
train,46149,Q14643,Q15147
train,46150,Q9BVS4,Q9Y3D9
train,46226,P78527,Q00987
train,46263,Q07889,Q7Z698
train,46319,Q13233,Q8IVH8
train,46415,P22061,Q05682
train,46430,Q05655,Q99759
train,46517,Q96RQ3,Q9Y6H1
train,46562,Q4VCS5,Q8TEP8
train,46608,Q13554,Q99683
train,46638,O94864,Q9Y3D8
train,46684,Q6VAB6,Q9HCN4
train,46689,O15151,Q13315
train,46695,P68400,Q12972
train,46728,Q16513,Q7Z6J0
train,46750,P83731,Q00987
train,46762,P09619,Q05397
train,46775,O00232,P15735
train,46778,O95208,P08581
train,46781,O00459,P31751
train,46841,P12270,Q00610
train,46861,P42338,P43405
train,47010,P35240,Q12967
train,47020,Q14152,Q9UBF8
train,47031,P43307,Q13131
train,47032,O94875,Q99549
train,47042,P07332,P20936
train,47079,O43318,P63211
train,47093,Q9BQG0,Q9UBK2
train,47132,O60341,P45973
train,47234,P41212,Q14315
train,47239,P25098,Q8TF72
train,47261,Q69YN4,Q8N9X5
train,47264,P28330,Q08426
train,47300,Q05655,Q16543
train,47351,Q6PKG0,Q96N46
train,47359,P36888,P42229
train,47371,P53618,Q13418
train,47392,P10721,Q99961
train,47393,O95816,Q9BVS4
train,47416,Q8NEY4,Q9Y487
train,47429,P19174,P47712
train,47430,P42338,P63211
train,47452,P17948,Q9NR46
train,47456,P52209,Q52M75
train,47479,P83369,Q969L4
train,47488,P43243,Q9BVS4
train,47496,P02545,Q96RP9
train,47509,O75616,Q3MIX3
train,47522,O14965,Q9Y3D8
train,47524,Q08426,Q99424
train,47536,O43426,Q13190
train,47565,P11182,Q9Y6E0
train,47574,Q14289,Q9Y5K6
train,47701,O15085,P52948
train,47704,P05231,Q07889
train,47811,P51948,Q9H992
train,47829,O43426,Q9NQ66
train,47908,P17480,Q9Y6D9
train,47930,Q8WWM7,Q96S44
train,47957,Q01970,Q86XP1
train,47972,O14964,Q9Y6I3
train,48021,Q00987,Q9HCC0
train,48056,Q7Z419,Q7Z4K8
train,48070,P42694,Q96HL8
train,48097,Q8N3E9,Q9UBF8
train,48122,O14508,P06213
train,48179,P21359,Q9H081
train,48187,P12757,Q9H422
train,48200,A0FGR8,Q13418
train,48238,Q00987,Q86V81
train,48313,P22314,Q96PU5
train,48393,P20936,Q14315
train,48411,Q5T9A4,Q99807
train,48445,Q86SQ7,Q8TEP8
train,48446,P10636,Q8TF42
train,48459,Q6VAB6,Q9UNE7
train,48465,Q92769,Q9NPF5
train,48528,O43399,Q00987
train,48630,P20749,P49840
train,48674,Q69YN4,Q8NEV8
train,48678,O14924,Q01970
train,48709,O15230,Q13753
train,48715,Q9BVS4,Q9UMS4
train,48724,Q01844,Q6VAB6
train,48790,Q7Z6J0,Q9UKE5
train,48795,P54826,Q13490
train,48809,Q05655,Q15080
train,48811,P31751,P49815
train,48817,O14508,P35568
train,48864,Q5H9R4,Q96TC7
train,48878,P50570,Q6VMQ6
train,48919,P51617,Q13418
train,48941,O43353,Q9HCE7
train,48956,P31751,P41279
train,48975,P49454,Q7Z569
train,48981,Q96A37,Q9NYG5
train,48992,P83731,Q13418
train,49006,O15294,O60641
train,49022,O15530,P42338
train,49050,Q05655,Q8TF72
train,49058,P06733,Q8TEP8
train,49106,Q7Z695,Q86TW2
train,49122,O95816,Q9Y6E0
train,49145,Q7Z4K8,Q96A37
train,49171,P47974,P52948
train,49243,P51159,Q86UR5
train,49245,P62191,Q6PKG0
train,49265,P22314,Q52M75
train,49290,P51813,Q13480
train,49345,O14788,P19838
train,49351,Q8NB25,Q8TEP8
train,49357,P49815,Q9UK32
train,49400,Q03933,Q9BPX3
train,49465,P15735,Q6P2Q9
train,49501,Q13418,Q9UM73
train,49635,P08581,Q9H4P4
train,49656,A7KAX9,P35240
train,49723,Q9Y3D8,Q9Y4A5
train,49731,P17948,Q9Y6I3
train,49747,Q86Y13,Q96EP1
train,49797,O60684,Q9Y3D8
train,49802,Q96A37,Q9Y577
train,49865,Q3MIX3,Q99807
train,49867,O60508,Q96EP0
train,49868,P09619,P53618
train,49895,Q00987,Q9UPN9
train,49960,Q5XPI4,Q96JP2
train,50030,Q13418,Q9BSD7
train,50038,O75528,P38398
train,50041,P19419,P38398
train,50046,Q17RB8,Q9UPQ4
train,50080,Q8NFH8,Q96SN8
train,50117,Q5VT25,Q9NWB7
train,50133,Q01970,Q14642
train,50275,P04629,P48736
train,50293,P42694,Q9HCJ0
train,50297,Q86W42,Q9Y6E0
train,50336,Q96A37,Q9BWF2
train,50342,P05129,Q8TEW0
train,50444,P18206,P62308
train,50533,O14939,P47712
train,50536,P12036,Q13131
train,50542,P17948,Q00987
train,50564,P52272,Q9BVS4
train,50573,O75925,P42226
train,50576,P43403,Q9H4E7
train,50600,Q9NQ66,Q9NRR6
train,50644,Q7Z419,Q9UBF6
train,50657,Q92804,Q96S44
train,50668,P62316,Q96S44
train,50671,O75400,Q9Y2W2
train,50676,P43403,Q9BXL7
train,50701,P08708,Q13131
train,50702,A9Z1Z3,Q9NQW6
train,50720,O14647,Q9Y3D8
train,50766,P08581,P46934
train,50837,P78527,Q14566
train,50845,Q8ND24,Q8TEP8
train,50935,P51948,Q8N5U6
train,50990,P42336,Q9NRR6
train,51000,Q8NE71,Q9BVS4
train,51042,P04629,P35568
train,51051,Q15147,Q9NRR6
train,51055,Q13188,Q96RQ3
train,51116,O14508,P42226
train,51191,O43303,Q9Y6R4
train,51192,Q6KC79,Q6VAB6
train,51297,P51948,Q9BZR9
train,51306,Q93034,Q9HCE7
train,51343,P49815,Q8NI35
train,51352,P25098,Q13526
train,51424,P49590,Q3MIX3
train,51496,P34897,Q00987
train,51512,Q12959,Q13554
train,51537,Q7Z6J0,Q9H9B1
train,51546,P15735,Q9ULL1
train,51607,O43516,P43403
train,51669,A2RUS2,P46937
train,51695,O95232,Q9ULU8
train,51698,O43809,Q96KB5
train,51699,Q9NQZ5,Q9Y6H1
train,51770,Q13418,Q14204
train,51774,Q00987,Q9Y4A5
train,51781,O75747,Q8N3E9
train,51782,O75747,Q8TCG2
train,51785,Q8NFV4,Q9Y6H1
train,51989,P02768,Q13131
train,52007,O14543,Q9UQQ2
train,52041,O00232,P52948
train,52043,Q00987,Q14444
train,52078,P23497,Q9UBT2
train,52140,Q00987,Q92667
train,52161,P52948,Q9UL03
train,52162,Q7Z6Z7,Q96S44
train,52170,O00443,Q9ULU8
train,52216,Q6VAB6,Q9P2R3
train,52269,O00443,Q8N3E9
train,52272,O43353,P41743
train,52297,Q00613,Q96D71
train,52304,P05129,P46108
train,52310,P41279,Q13873
train,52317,P02768,P10124
train,52321,P07332,P35568
train,52350,Q13418,Q14674
train,52410,Q7Z419,Q9BV68
train,52455,P19525,P25963
train,52469,P31751,Q5VSY0
train,52548,Q13526,Q8WXA9
train,52564,P25963,Q9UBF6
train,52588,P25098,P62191
train,52687,Q13873,Q8N998
train,52705,Q8TEP8,Q9UM82
train,52742,O14543,P46108
train,52806,P55209,Q9BVS4
train,52839,P43243,Q9ULU8
train,52883,O43896,P68400
train,52889,P02766,Q92769
train,52921,P49721,Q13418
train,52942,P24539,Q02880
train,52963,O95208,P04629
train,53006,P48736,P63211
train,53018,O95714,Q9Y3C5
train,53035,Q92888,Q969H4
train,53048,Q69YN4,Q9P2N2
train,53051,P08581,Q9HCE7
train,53063,O75208,Q3MIX3
train,53100,P84098,Q9BVS4
train,53113,O00268,Q9Y3D8
train,53155,Q5M775,Q6VAB6
train,53170,A6NEM1,Q14315
train,53235,P19338,P19525
train,53254,P52757,Q9H0H5
train,53294,P00558,Q00987
train,53329,Q86TM6,Q8WV44
train,53425,P05129,P35568
train,53436,Q14204,Q52M75
train,53460,O00212,Q13009
train,53499,O43252,Q96PM5
train,53503,P49321,Q9P2E2
train,53504,P41236,P68400
train,53517,P42229,Q14155
train,53523,P19419,Q13322
train,53524,P12036,Q96S44
train,53566,P06576,Q8WW59
train,53590,P30679,Q9NQ66
train,53605,P61978,Q13131
train,53638,P01241,Q9Y297
train,53640,Q8N5U6,Q9Y4K3
train,53692,P19174,Q9NP31
train,53693,P08708,Q96S44
train,53819,P15735,Q05397
train,53921,Q00987,Q9Y3D9
train,53961,P62826,Q9Y6E0
train,54048,P30679,Q15147
train,54076,Q8NEY4,Q9UI12
train,54078,P30154,Q99996
train,54160,O43390,Q13873
train,54182,Q9UNF0,Q9Y6H1
train,54251,P29597,P42336
train,54259,P52815,Q00987
train,54370,Q8TEP8,Q9NRA8
train,54425,O96008,Q86TW2
train,54495,P24539,Q96AQ6
train,54507,O60333,Q8NI35
train,54509,Q96TA2,Q9Y6H1
train,54512,P47712,Q9BUB5
train,54527,P46821,P78559
train,54577,P05129,Q9BX93
train,54588,Q6PKG0,Q9UPT6
train,54590,O95071,Q14974
train,54608,O15530,P48736
train,54647,Q9BZR9,Q9H992
train,54669,P52948,Q13772
train,54772,Q13191,Q8WV28
train,54835,Q96KQ4,Q9NWB7
train,54841,P84098,Q9Y6E0
train,54887,Q15417,Q6Q759
train,54937,Q00059,Q9BVS4
train,54983,P35658,Q12986
train,54991,Q00987,Q08379
train,54999,Q8WUM4,Q9UK41
train,55085,P05129,P30154
train,55177,P37198,Q12986
train,55194,P07948,Q14643
train,55195,P26378,Q12986
train,55238,Q13064,Q7Z419
train,55277,P35222,Q00987
train,55282,P57078,Q9C037
train,55284,Q5RL73,Q9Y3D8
train,55300,P23588,P52948
train,55339,O75182,Q9Y6D9
train,55358,P55196,Q8TEP8
train,55391,O00459,O15327
train,55410,O96017,Q9BXA7
train,55416,P41743,P48736
train,55475,P42694,Q9H074
train,55485,Q6IA86,Q9Y3D8
train,55493,P31751,Q9BYB0
train,55563,O00459,O14512
train,55566,Q13387,Q92918
train,55582,Q05655,Q13233
train,55638,P53355,Q15628
train,55691,P20963,Q9UQQ2
train,55762,P49748,Q52M75
train,55801,Q13200,Q9BVS4
train,55853,P04629,Q13972
train,55864,P57078,Q8TDY2
train,55907,P17480,Q08999
train,55916,O60674,Q04912
train,55926,Q7Z419,Q9Y4K3
train,55958,P05783,Q13501
train,56084,O43426,P42356
train,56101,P51955,Q9Y6D9
train,56119,P17948,Q9H0M0
train,56131,Q14789,Q6PKG0
train,56162,P35712,Q15038
train,56269,P19838,Q00610
train,56300,P09972,P52948
train,56313,Q92541,Q9NQL2
train,56340,P36507,Q13233
train,56342,Q9UJ41,Q9UJY4
train,56405,O94941,Q7Z419
train,56532,Q13188,Q9H254
train,56546,O60674,P42226
train,56639,P42858,P51970
train,56729,Q00987,Q9Y383
train,56769,O43581,Q12846
train,56792,Q6VAB6,Q86XN8
train,56809,P17948,P42338
train,56892,P21860,Q99961
train,56894,P40925,P42858
train,56917,Q9BYE7,Q9BZR9
train,56941,P19174,Q13554
train,56955,O75815,P18754
train,56985,Q8IVE3,Q9P0V3
train,57048,O75154,Q9Y6K9
train,57066,O00499,Q8IVH8
train,57078,P10721,Q9H4P4
train,57083,P46108,Q05655
train,57212,P00558,Q52M75
train,57217,P52948,Q9BVS4
train,57231,O15259,Q14315
train,57270,P11274,Q13322
train,57339,P42338,Q13480
train,57349,P23246,Q52M75
train,57352,P33991,Q96CS2
train,57423,P42338,Q8N3E9
train,57476,Q14155,Q9NQU5
train,57479,P14866,P19525
train,57503,Q13200,Q9Y6E0
train,57513,P52948,Q9H8Y8
train,57565,Q7Z4K8,Q9H270
train,57569,P09496,Q14315
train,57586,O00459,P63211
train,57589,P09496,Q8TEP8
train,57590,O15061,Q9Y5X1
train,57597,P10721,Q07889
train,57606,Q53S33,Q96RP9
train,57661,Q15291,Q96JC1
train,57664,O96033,Q8IX03
train,57713,Q6PKG0,Q92614
train,57803,Q8N5U6,Q9BZR9
train,57813,Q6VAB6,Q8TAF3
train,57845,O14976,Q9Y6Q5
train,57850,Q96EZ8,Q9NWB7
train,57905,P05129,Q8N3E9
train,57921,Q9BWF2,Q9BYM8
train,57948,Q07912,Q13972
train,58049,Q01970,Q9NQ66
train,58151,Q8NDV7,Q8TEP8
train,58167,O75334,P52948
train,58182,Q13131,Q96RQ3
train,58275,Q07065,Q9NWB7
train,58307,P48023,Q13526
train,58336,O60313,O94842
train,58353,O75747,Q9UBF8
train,58364,P29323,Q05397
train,58401,P17947,Q08945
train,58455,P52948,Q8WYP5
train,58464,Q7Z6J0,Q86UU1
train,58507,P34897,Q9Y6H1
train,58518,P62318,Q9Y6E0
train,58527,P29323,P52735
train,58529,Q8TEP8,Q96G01
train,58541,P18206,Q14781
train,58548,P51948,Q96A37
train,58598,P15735,Q96T76
train,58629,P02545,Q96B97
train,58632,Q14565,Q9Y620
train,58660,O43719,P63272
train,58663,P42566,P78545
train,58672,P31751,Q8WUM4
train,58684,O43639,P11274
train,58707,A2A2Z9,Q69YN4
train,58716,Q8N3K9,Q9NWB7
train,58721,P42694,Q13310
train,58808,Q16576,Q9Y6E0
train,58810,P68400,Q02790
train,58873,Q99759,Q9H4A3
train,58886,P05129,P07948
train,58914,P48736,Q05397
train,58945,P15924,Q969S8
train,58977,P10721,Q9Y4K3
train,58980,P18754,Q9Y4K3
train,59016,Q13439,Q9UPN3
train,59097,P48736,P52735
train,59116,O96033,Q15029
train,59151,O00459,O15530
train,59237,Q15417,Q9Y2W6
train,59243,Q9BVS4,Q9Y2X7
train,59261,P08581,P56945
train,59278,P42338,P43403
train,59286,O43426,P42566
train,59318,O60333,Q8TEP8
train,59401,P24539,P30414
train,59415,Q05655,Q6RW13
train,59484,P43243,Q00987
train,59504,Q8N488,Q99549
train,59533,O00189,P08962
train,59557,Q9BRP4,Q9UBF8
train,59563,P49796,Q8WXI2
train,59603,Q13310,Q9BVS4
train,59655,O43684,Q9UGN5
train,59659,P15735,P62191
train,59681,O14974,Q6VAB6
train,59693,Q07157,Q92769
train,59724,Q13873,Q8NFP9
train,59747,O75400,Q3SXR2
train,59777,Q5U5X0,Q9HCC0
train,59834,P27708,Q9Y6E0
train,59875,P15735,Q9Y230
train,59880,P12270,Q8N4C6
train,59886,Q13347,Q9BVS4
train,59909,Q14247,Q9UQB3
train,59944,P08559,P52948
train,59969,P21579,P42858
train,60000,P24539,Q96AC6
train,60003,Q13418,Q9H0K1
train,60006,Q13233,Q13546
train,60011,P53999,Q96S44
train,60109,O43426,Q8N3E9
train,60130,P08581,Q14247
train,60133,P52824,Q01970
train,60149,Q05397,Q9BX66
train,60160,Q9H6S1,Q9Y6K9
train,60166,O75400,Q13616
train,60208,O75791,Q8WWW8
train,60223,Q12846,Q6ZWJ1
train,60233,P48436,Q12933
train,60246,P42858,Q14643
train,60250,Q7Z419,Q9H0X6
train,60259,O60907,P25054
train,60286,Q14315,Q9H422
train,60307,Q96A37,Q9BYM8
train,60319,P08133,P55327
train,60464,Q8N488,Q9NWB7
train,60516,P10721,Q9HCE7
train,60546,Q01970,Q13237
train,60575,P14373,Q9BWF2
train,60580,Q16625,Q9NWB7
train,60601,Q12933,Q8IVH8
train,60612,Q9P202,Q9UKN7
train,60635,P11182,Q9Y6H1
train,60639,Q7Z4K8,Q9NYG5
train,60659,Q709F0,Q8NCM8
train,60712,P35916,Q07889
train,60748,Q9BW27,Q9Y6G9
train,60780,Q8TEP8,Q9UPQ9
train,60791,O94967,O95990
train,60792,P19419,Q13490
train,60828,P25963,Q9NYS0
train,60858,Q8WXI2,Q9BYB0
train,60862,P84098,Q00987
train,60929,O95049,Q16625
train,60956,P12270,Q9BQS8
train,60967,Q00987,Q86U42
train,60974,P30679,P34947
train,60984,O95782,P37173
train,61022,P52948,Q96ST3
train,61118,P13639,Q9BVS4
train,61150,Q96RQ3,Q96S44
train,61174,P15735,P31943
train,61265,O60333,P12270
train,61290,P46778,Q96S44
train,61313,P49736,Q92769
train,61346,P25788,Q9Y6E0
train,61385,Q96EP1,Q9UPQ4
train,61421,P10515,P42858
train,61436,P11047,Q16363
train,61541,P18754,P52948
train,61607,O14654,Q13188
train,61608,P24928,Q6VAB6
train,61609,O75175,P42694
train,61612,O95267,P19174
train,61613,P19838,P42336
train,61735,P19525,Q8TF72
train,61738,Q16576,Q9HB07
train,61745,O14727,Q9UK73
train,61788,O60674,P25963
train,61851,Q7Z419,Q9BYE7
train,61852,P42336,Q9NQ66
train,61951,O60674,Q00653
train,61984,O14939,P43405
train,62015,P55196,Q9NRD5
train,62022,P07949,Q13191
train,62023,P36888,Q13191
train,62051,Q9NWB7,Q9UQE7
train,62056,P36542,Q13418
train,62058,P15036,P51532
train,62096,Q15058,Q8NEV8
train,62121,O14920,Q13490
train,62164,O60861,Q9NWB7
train,62372,P42336,Q15147
train,62388,P19338,Q9BVS4
train,62397,Q5T9A4,Q9Y6H1
train,62402,P14866,Q9BVS4
train,62404,P07948,P20936
train,62425,Q17RB8,Q9H992
train,62452,O75529,Q9Y3D8
train,62487,P27708,Q9BVS4
train,62504,O75382,P06213
train,62520,P23508,Q9NR31
train,62534,O14965,Q13188
train,62548,Q13418,Q8WXH0
train,62585,P10721,P46934
train,62643,P46778,Q13131
train,62650,Q13772,Q9UBS8
train,62683,P42704,Q00987
train,62711,P57078,Q9Y230
train,62733,O60674,P52630
train,62741,O75208,Q53S33
train,62774,P42694,Q01804
train,62801,P51159,Q9UQ26
train,62802,Q13131,Q5TZA2
train,62865,P35568,Q16288
train,62868,O00459,P17948
train,62902,Q7Z569,Q969H4
train,62915,P25963,P41743
train,62930,O14578,Q8N1T3
train,62950,Q8WWM7,Q96KB5
train,63007,O43426,Q8N3X1
train,63046,P19338,Q9NQL2
train,63137,P52948,Q9BT78
train,63266,Q00987,Q9P2E9
train,63296,P84098,Q13418
train,63340,Q86XP1,Q8N3E9
train,63346,Q14596,Q8NFI4
train,63379,O96017,Q03468
train,63489,P12004,Q8IWY9
train,63523,P24928,P55199
train,63530,Q52M75,Q9UKV3
train,63684,P17948,P20936
train,63720,O14924,Q9NQ66
train,63738,O15530,P35568
train,63740,Q6VAB6,Q9UHV9
train,63774,P25705,Q12904
train,63808,Q13393,Q9Y4X5
train,63809,O15067,Q52M75
train,63815,P78527,Q96S44
train,63829,P07948,Q05655
train,63837,O75145,Q8ND30
train,63863,Q8IVE3,Q9UF11
train,63902,Q12788,Q16576
train,63906,P37173,Q96PU5
train,63941,Q07157,Q9UBN4
train,63993,P29590,P31751
train,64023,P42694,Q86TB9
train,64042,P52948,Q96P50
train,64094,P35222,Q32MZ4
train,64105,P20963,Q9BXL7
train,64121,P01344,P51654
train,64141,Q9BYV6,Q9BZR9
train,64148,Q14498,Q9BVS4
train,64173,Q96JP2,Q9Y620
train,64174,P15735,P17980
train,64228,P14866,P42338
train,64258,P68400,Q16666
train,64282,P05129,P49757
train,64295,P62913,Q96S44
train,64317,P78527,Q7Z419
train,64327,O60674,Q9UGK3
train,64338,O75400,Q8N8S7
train,64407,P12270,Q9Y608
train,64415,P62826,Q00987
train,64429,Q86UW9,Q8N9I9
train,64468,Q86VV4,Q9ULU8
train,64472,Q13418,Q99615
train,64545,P57078,Q8NEB7
train,64600,Q99807,Q9NUJ1
train,64612,P22314,Q9Y3D8
train,64625,P78559,Q8WZA2
train,64695,P55209,Q52M75
train,64742,P62753,Q96S44
train,64801,Q13427,Q9NQL2
train,64874,O14745,P25098
train,64897,Q6VAB6,Q9Y230
train,65011,Q13099,Q9UPU9
train,65020,Q12955,Q92769
train,65024,Q13751,Q13753
train,65048,O00232,Q9Y6E0
train,65070,P78527,Q13131
train,65161,Q9BST9,Q9HCE7
train,65193,P06753,Q9NQL2
train,65194,P05129,P47712
train,65265,P17947,Q15744
train,65320,P34897,Q9HCC0
train,65337,O75582,Q15831
train,65409,P30273,Q07889
train,65442,Q6UVJ0,Q9NWB7
train,65447,Q6P3W7,Q9Y5S9
train,65468,P40763,Q13131
train,65499,P42336,Q9UQC2
train,65528,P09874,Q96EV8
train,65542,P62913,Q13131
train,65546,Q96A37,Q9BZR9
train,65549,P52735,Q13094
train,65578,P83731,Q13131
train,65650,Q17RB8,Q8N5U6
train,65734,O43166,Q15417
train,65735,Q13554,Q9NQ66
train,65742,Q3MIX3,Q5JRX3
train,65743,P01241,P35568
train,65768,P19174,Q14155
train,65800,Q13418,Q15118
train,65850,Q14315,Q9UPT8
train,65885,Q92734,Q96S44
train,65899,O15357,Q14643
train,65925,Q99807,Q9NXH9
train,65944,P62753,Q13131
train,65969,Q13200,Q13418
train,65971,Q5T8D3,Q8TEP8
train,65990,P25963,Q9NWZ3
train,66001,Q9BVS4,Q9BY77
train,66093,P19174,Q15147
train,66133,Q14990,Q5BJF6
train,66188,Q13554,Q15147
train,66203,Q9NP81,Q9Y255
train,66215,Q92804,Q9BY44
train,66238,O14920,O43187
train,66258,P12270,Q9NRD5
train,66270,Q14315,Q86UL8
train,66340,Q13873,Q9H981
train,66360,P37173,Q13546
train,66408,Q12959,Q9UM54
train,66420,Q14152,Q52M75
train,66425,P04843,P15735
train,66435,P42356,Q01970
train,66458,Q07889,Q15118
train,66463,P61011,Q15287
train,66500,Q6PKG0,Q9BV73
train,66510,P55735,Q13418
train,66581,Q13233,Q9UN19
train,66611,Q13131,Q9BSD7
train,66612,P19838,P38398
train,66652,P42704,Q52M75
train,66655,P49721,Q13188
train,66659,O15146,Q13702
train,66660,Q14151,Q9NQL2
train,66689,Q6PKG0,Q9HD67
train,66730,O15270,O75208
train,66765,P09619,P56945
train,66767,P00540,Q13873
train,66769,P55010,P68400
train,66822,Q9HCE7,Q9Y3F4
train,66837,Q13131,Q9HCC0
train,66843,O43187,Q9HCE7
train,66915,P07332,P56945
train,66993,O14964,O95782
train,67013,P31751,Q15643
train,67019,P19838,Q14155
train,67047,O14920,Q9NZJ5
train,67052,P08581,P42338
train,67071,O14757,P31751
train,67092,Q00059,Q00987
train,67101,P49703,Q9HCE7
train,67109,P13639,Q13418
train,67144,P51948,Q9H270
train,67157,O75208,Q9NQZ5
train,67406,P52948,Q5VT06
train,67421,P19838,P29459
train,67451,P09012,P18206
train,67465,P18206,Q52M75
train,67483,P21579,Q14315
train,67512,Q13415,Q9Y5N6
train,67532,Q8N5V2,Q9UF33
train,67536,Q6VAB6,Q8IXM3
train,67583,O75175,P12270
train,67588,P56545,Q9BQ52
train,67650,P34947,Q9Y2X7
train,67661,O14654,Q96S44
train,67696,P0CB47,Q3SXR2
train,67704,P42694,P56545
train,67721,P36888,P78314
train,67726,Q13972,Q16288
train,67787,Q14315,Q9NZ56
train,67823,P12004,Q5QJE6
train,67833,P68400,Q00688
train,67835,Q13131,Q3MHD2
train,67840,Q13131,Q9NNW5
train,67904,O75694,Q8TEP8
train,67923,P26651,Q8TEP8
train,67936,Q3SXR2,Q92625
train,67960,O15530,Q14764
train,68010,Q8TAD8,Q9H422
train,68143,P46734,Q14203
train,68161,O14512,Q9Y4H2
train,68229,P11498,P15735
train,68231,P04792,P57078
train,68330,P19338,Q13418
train,68398,O15530,P42336
train,68457,P42356,Q69YN4
train,68459,A2RUR9,Q9ULU8
train,68524,P60228,Q99627
train,68538,Q86UU1,Q8IVE3
train,68585,Q6VAB6,Q9BSC4
train,68603,Q9BYE7,Q9H270
train,68625,P55072,Q13190
train,68626,P10636,Q05655
train,68669,P83731,Q96S44
train,68758,P21860,Q9Y4K3
train,68788,P41743,P42338
train,68813,O75582,P04792
train,68815,Q8TEB7,Q9HCM9
train,68870,O00459,Q96PE3
train,68873,P08708,Q96KB5
train,68895,P19838,Q9UN86
train,68900,Q15154,Q9NQL2
train,68916,P17947,P36888
train,68954,O14654,Q13131
train,68983,Q9H0H5,Q9Y6R4
train,69007,Q14315,Q9P0V3
train,69014,P25205,Q96CS2
train,69023,P17480,Q9HCE7
train,69074,O14745,P42336
train,69076,P57078,Q9H4K1
train,69080,O00522,Q96PM5
train,69089,P62318,Q00987
train,69094,O14617,Q9NQL2
train,69113,Q14247,Q9H8Y5
train,69122,Q8TD19,Q9Y5B9
train,69167,P49757,Q05655
train,69194,O95816,P49137
train,69308,Q00987,Q9Y5M8
train,69331,P09543,Q05655
train,69401,O60508,Q9Y4K3
train,69465,P04792,Q14315
train,69467,Q13064,Q9BWF2
train,69470,P10721,Q9NR46
train,69479,P55268,Q16363
train,69489,P14174,Q00987
train,69581,P52948,P53367
train,69620,Q15139,Q9ULH0
train,69632,O75486,Q9Y3D8
train,69678,P18206,Q8TEP8
train,69748,O15020,Q14203
train,69806,Q6P2E9,Q9Y3D8
train,69820,P12270,Q96RU3
train,69825,Q13094,Q8WV28
train,69836,P52948,P61221
train,69852,P52757,Q92769
train,69886,Q6VAB6,Q9P0J0
train,69899,Q14642,Q8N3E9
train,69916,Q15075,Q9Y2X7
train,69923,P12757,Q86WT6
train,69960,P47974,Q9UBN7
train,69971,Q9GZS3,Q9HCE7
train,69996,P25205,Q9Y5B9
train,70077,Q96GF1,Q9NX47
train,70097,P47712,Q05655
train,70101,O60763,P12270
train,70106,Q13873,Q9UPQ7
train,70108,O15294,Q14315
train,70140,Q9GZT8,Q9Y620
train,70161,O43255,Q16633
train,70174,P07476,Q92817
train,70182,P31350,Q12834
train,70184,P52948,Q96R06
train,70218,Q13347,Q13418
train,70227,P32019,Q9HCE7
train,70282,P42694,Q86SE9
train,70286,Q13418,Q9Y285
train,70287,O60826,Q9UQE7
train,70298,Q6PKG0,Q96JC1
train,70301,O00443,P42356
train,70348,P51948,Q9NYG5
train,70354,Q8N5U6,Q9BYM8
train,70392,O75179,Q13418
train,70395,P22314,P24928
train,70423,P42694,Q9H4M7
train,70436,Q13131,Q9UM73
train,70461,O60518,Q9ULU8
train,70473,Q5HYK7,Q99961
train,70480,P12270,P47813
train,70549,Q96A37,Q9BV68
train,70565,O43390,P15735
train,70635,P51948,Q9BYM8
train,70654,Q6PKG0,Q6UB99
train,70784,Q4V328,Q9HCE7
train,70838,Q7Z6J0,Q9Y2H5
train,70879,Q13315,Q9UL54
train,70897,P52948,Q12986
train,70928,O60508,Q9HCE7
train,70950,Q8N0X4,Q96B97
train,70996,P48047,Q00987
train,71024,P51991,Q00987
train,71029,P35916,Q05397
train,71106,Q9NR31,Q9Y4K3
train,71107,P05387,P25098
train,71150,P51617,P52948
train,71159,P42356,Q9Y5X1
train,71165,P57078,Q9C0B1
train,71213,Q8IXT5,Q8TEP8
train,71370,P12270,P25205
train,71403,Q15276,Q6PKG0
train,71455,O95081,Q9UBC2
train,71486,O94759,Q9Y210
train,71487,P46108,P62258
train,71503,P78527,Q9UBU8
train,71520,P09619,Q14155
train,71585,P21860,Q07889
train,71619,Q96Q15,Q9UPR3
train,71633,P46821,Q9Y3F4
train,71707,O60313,Q8WXW3
train,71714,P51948,Q9BWF2
train,71718,Q5YKI7,Q9P2K8
train,71753,P05783,Q00987
train,71772,O60566,P31350
train,71798,O60313,Q9NQZ2
train,71857,Q13131,Q7Z406
train,71858,P11310,Q08426
train,71899,O43390,P78527
train,71929,O00459,Q8N3E9
train,71973,P19525,Q86U86
train,72023,Q13200,Q52M75
train,72047,P29590,Q96IZ0
train,72079,O14745,P15735
train,72105,O60906,P48736
train,72153,Q1MX18,Q8TEW0
train,72159,Q13131,Q14318
train,72184,Q15075,Q9UBN7
train,72192,P12270,Q9HCG7
train,72202,O43809,P15735
train,72267,Q00987,Q9Y285
train,72286,P98082,Q86YT6
train,72305,P02768,P19838
train,72333,Q01970,Q9NRR6
train,72343,Q9H8W5,Q9UBF8
train,72359,P42338,Q05397
train,72375,Q13064,Q9NYG5
train,72384,P19525,Q92900
train,72464,Q05397,Q13546
train,72473,P35222,Q16566
train,72517,P06753,Q00987
train,72581,P10721,Q00987
train,72598,P10721,P21359
train,72607,Q8IYW5,Q9UJ41
train,72608,O00203,O60566
train,72617,P11182,Q13131
train,72619,P05129,Q01970
train,72645,P31751,Q14432
train,72648,O75791,P43403
train,72689,Q9H4M7,Q9Y3D8
train,72793,Q9H7C4,Q9Y4J8
train,72815,P14616,Q07889
train,72823,Q9BVS4,Q9Y2R5
train,72900,Q969L4,Q9Y3F4
train,72980,P12036,Q96KB5
train,73024,Q01081,Q15696
train,73028,P36507,Q05655
train,73035,Q86UP2,Q9NWB7
train,73067,P23942,Q03395
train,73120,P19525,P31943
train,73138,P13639,Q52M75
train,73328,O94972,Q8TEP8
train,73338,O00459,Q8TCG2
train,73389,O43303,Q16659
train,73433,P18754,P35790
train,73505,Q5T9A4,Q9HCC0
train,73580,O75159,P52630
train,73600,Q8N3E9,Q9NQ66
train,73661,P22314,Q86Y13
train,73666,P10153,P61221
train,73674,Q99549,Q9Y576
train,73690,Q02156,Q99996
train,73736,Q71SY5,Q96G25
train,73753,P08133,Q00987
train,73756,P12757,Q9HB07
train,73758,P06576,P15735
train,73791,Q05397,Q9HBL0
train,73809,O00459,P43403
train,73811,P06213,Q13480
train,73839,O75925,P42229
train,73842,Q8WV44,Q9H992
train,73868,P09619,Q05655
train,73871,Q96QT4,Q9BX84
train,73907,P62258,Q92834
train,73910,O43426,Q9Y3L3
train,73911,P25705,Q9NQZ5
train,73915,P11047,P31751
train,73917,O00499,Q99700
train,73923,Q13490,Q9BZR9
train,73929,P62191,Q9Y6E0
train,73937,P07949,P21359
train,73963,O75083,Q9BXL7
train,73974,Q96EP1,Q9H992
train,74008,P43405,P46108
train,74067,Q8TEP8,Q9BRK4
train,74086,P18206,Q8N5D0
train,74088,Q14315,Q9Y2J0
train,74090,P51948,Q96GF1
train,74105,O75208,P34897
train,74121,Q9BZR9,Q9H270
train,74162,Q8TCG2,Q9NRR6
train,74178,Q8NEV8,Q9BRK4
train,74225,Q13438,Q5T1A1
train,74243,O14617,O14733
train,74250,P43243,Q13131
train,74265,P19338,Q52M75
train,74319,O14641,P05129
train,74324,Q13418,Q14498
train,74411,P42229,P42694
train,74419,Q8NHV4,Q8TEP8
train,74461,P49840,Q00613
train,74484,P11274,P35568
train,74525,O94941,Q96A37
train,74529,P07949,Q96PU5
train,74536,P21860,Q9HCE7
train,74576,O60313,P24001
train,74588,P05129,Q9UQ80
train,74594,P14866,Q00987
train,74617,Q32MZ4,Q9Y3R0
train,74635,P20042,Q9BVS4
train,74701,O43353,P51617
train,74734,P49703,Q9Y675
train,74753,Q13418,Q9NTJ3
train,74763,P51948,Q7Z4K8
train,74784,Q7Z419,Q9H992
train,74839,O43426,Q01970
train,74843,O15357,Q9NQ66
train,74857,O96033,Q9NUQ8
train,74942,O60763,P49257
train,74996,P49815,Q15417
train,75007,P46821,Q01081
train,75156,O00499,O43426
train,75183,O14733,Q969H4
train,75190,P05129,Q05397
train,75283,P19838,Q05655
train,75290,P22061,Q9H8Y8
train,75298,P12270,Q86T90
train,75375,P11274,P19174
train,75378,O75031,Q9ULU8
train,75417,P15735,Q9BSJ2
train,75439,P46108,Q96D71
train,75466,P25963,Q96EP0
train,75486,Q00987,Q8NFV4
train,75511,Q14674,Q9UQE7
train,75632,Q9P253,Q9UNK0
train,75652,Q969H0,Q99466
train,75702,P05783,Q52M75
train,75730,P52824,Q8N3E9
train,75779,P12270,Q68CZ6
train,75816,Q13526,Q9NQL2
train,75876,O75521,Q9H078
train,75880,O43896,P52948
train,75904,P51116,Q15417
train,75908,P15735,Q9UQE7
train,75929,Q96FS4,Q96RY7
train,75985,O94925,Q8WW59
train,75997,P08621,Q9Y5B0
train,76016,Q9BYE7,Q9NYG5
train,76034,P18859,P52948
train,76035,P42356,Q13418
train,76089,P25054,P46940
train,76136,O00443,Q9NRR6
train,76143,Q15417,Q96L91
train,76179,P43405,Q9UJU6
train,76198,Q13099,Q9NPC3
train,76228,P11274,P20936
train,76249,Q969S8,Q9ULT8
train,76274,O43567,Q14315
train,76309,P25098,Q8WWM7
train,76318,O14641,Q9Y4D1
train,76352,P17948,P42336
train,76374,P51948,Q96EQ8
train,76375,P26440,Q9NQZ5
train,76386,O14776,Q99549
train,76388,Q00987,Q14498
train,76389,P42694,Q92900
train,76427,O15085,Q6PKG0
train,76437,P25205,Q6ZRQ5
train,76459,Q14315,Q9Y252
train,76466,P22314,Q9Y297
train,76476,A6NEM1,P22670
train,76487,P07919,Q3MIX3
train,76545,P25705,P34897
train,76619,Q00341,Q14315
train,76688,P56545,Q93099
train,76723,P53805,Q99759
train,76771,Q8N3K9,Q96EV8
train,76814,P25054,Q9NQB0
train,76861,O75159,P40763
train,76889,Q8WW59,Q9NP81
train,76898,P42356,Q92667
train,76973,O14893,P62318
train,76987,P10721,P42229
train,77085,P08581,P48736
train,77094,P25098,P25705
train,77099,O75582,Q16082
train,77106,Q13617,Q9Y295
train,77109,Q14194,Q9Y223
train,77152,P61978,Q99549
train,77183,Q13064,Q8N9I9
train,77216,Q8N5U6,Q96EP1
train,77262,O95816,Q96S44
train,77296,O75582,Q9UK32
train,77297,Q9BZR9,Q9NYG5
train,77324,O75791,Q15464
train,77337,Q14315,Q9BX66
train,77357,Q14315,Q9NWS6
train,77362,O43426,Q14847
train,77425,Q8TEP8,Q9UMS4
train,77444,P12036,P61764
train,77469,O94763,P12270
train,77472,P49790,Q12986
train,77475,Q96ST3,Q9Y3D8
train,77498,O14974,Q13418
train,77502,Q01970,Q05655
train,77518,Q5T5P2,Q7Z6J0
train,77530,P43405,Q92918
train,77583,P30622,Q15555
train,77609,P19174,Q8TCG2
train,77615,Q16363,Q9NWB7
train,77627,O43426,P42336
train,77630,P19838,Q15628
train,77676,P45973,Q9UQL6
train,77708,P49792,Q9UBE0
train,77774,P08133,Q52M75
train,77777,Q14315,Q96NX5
train,77786,O60683,Q7Z419
train,77790,P42694,Q9HCE1
train,77850,Q10567,Q6VMQ6
train,77867,O15530,Q14289
train,77927,P40939,Q00987
train,77976,Q8NI35,Q9UQB8
train,77980,Q7Z419,Q9UPQ4
train,78028,P31943,Q9BVS4
train,78128,Q5VT06,Q8TEP8
train,78232,O14512,P29597
train,78297,P33993,P78527
train,78298,P05387,P15735
train,78320,P19021,Q8TAS1
train,78323,P17980,Q9Y6E0
train,78336,P28066,P52948
train,78337,P34897,Q9Y255
train,78368,P47712,Q03113
train,78489,O95816,Q13131
train,78518,P52948,Q8NDI1
train,78529,P57078,Q9BXM9
train,78544,O00311,Q01534
train,78632,Q05655,Q9NQ66
train,78649,P06213,P78314
train,78665,O76094,Q9NWB7
train,78687,O00257,Q9NWA0
train,78738,Q13064,Q9BYM8
train,78751,P24539,Q9HD33
train,78778,P36542,Q13131
train,78801,O43747,P12270
train,78934,Q9NWB7,Q9NYJ8
train,78974,P40763,Q13873
train,78995,P42336,Q05655
train,79014,P45973,Q8IXJ9
train,79044,O00628,Q13608
train,79048,P08581,Q9Y6I3
train,79065,P34897,Q53S33
train,79122,O75146,P42858
train,79152,P19419,P46734
train,79156,P15735,P20618
train,79177,Q00613,Q9Y3D8
train,79179,P25205,P78527
train,79182,Q8TEP8,Q9BYZ6
train,79193,Q6PKG0,Q9H6S3
train,79284,P17948,Q96PU5
train,79294,O95396,O96033
train,79306,O14920,O43353
train,79333,P26651,P52948
train,79386,P24928,Q13418
train,79400,P51948,Q8N9I9
train,79448,Q7Z419,Q96EP1
train,79464,P29475,Q16566
train,79496,O95299,Q8WW59
train,79573,Q92769,Q9Y3X0
train,79586,A5D8V6,Q8NEZ2
train,79606,Q92783,Q9Y3E7
train,79643,P30679,Q01970
train,79655,P15735,P50402
train,79710,P15735,P28072
train,79730,P19174,Q9UN19
train,79765,P52948,Q6ZNA4
train,79818,O15085,P46821
train,79842,O95271,Q96AX1
train,79853,O60313,Q9NYJ8
train,79856,O14745,Q9UBN4
train,79858,O14964,Q86XT2
train,79865,P49792,Q12986
train,79893,P42229,Q969D9
train,79933,P19174,Q9UBF8
train,79947,O00231,P15735
train,79955,O00459,Q9UBF8
train,79973,P84098,Q13131
train,80036,P35222,P37198
train,80060,P29590,Q13535
train,80118,Q99640,Q9UK32
train,80180,Q7Z419,Q9BYV6
train,80188,P49720,Q9Y6E0
train,80190,Q9ULH1,Q9Y6K9
train,80192,Q13418,Q15393
train,80212,P43307,Q7Z3B4
train,80221,Q13315,Q7Z3E1
train,80223,P17948,Q13191
train,80300,Q8TEP8,Q92805
train,80309,O43924,P20936
train,80310,P19419,Q9UL54
train,80386,P19174,P48736
train,80409,P05231,P13725
train,80410,Q8N5U6,Q9BV68
train,80458,P20936,Q13017
train,80464,P12004,P51532
train,80486,Q8TEP8,Q9HCJ0
train,80532,Q13049,Q9BV68
train,80544,P30154,P37173
train,80596,Q92769,Q96T58
train,80704,P33993,P49959
train,80718,Q86UD3,Q96GF1
train,80724,O95347,Q9NQL2
train,80746,Q9NP31,Q9Y620
train,80926,P13639,Q13188
train,80949,Q13233,Q92918
train,80990,O75970,Q96PV0
train,81006,P42694,Q13064
train,81019,O76094,P12270
train,81033,Q13751,Q16787
train,81038,O43175,Q13418
train,81104,Q12840,Q6PKG0
train,81119,O95163,Q96BR1
train,81157,Q96AE7,Q9HCE7
train,81212,Q6XZF7,Q70E73
train,81259,P15735,P28066
train,81312,P25705,Q13057
train,81328,P01375,P01579
train,81335,Q8N5U6,Q8WV44
train,81388,Q05655,Q07157
train,81430,P30154,Q01105
train,81432,O14512,P19174
train,81467,A6NC98,O60826
train,81503,O15530,Q96BR1
train,81575,O76081,P42356
val,0,P46087,Q12913
val,1,P99999,Q9UHQ9
val,23,P05067,P61353
val,39,P27658,P56199
val,45,P09326,Q13478
val,50,Q5JSZ5,Q8N268
val,66,Q5SWW7,Q96PV6
val,73,Q02878,Q13563
val,75,Q7Z3U7,Q9HD43
val,99,P53396,P55854
val,157,P12694,Q96MF6
val,185,P51878,Q9Y2G2
val,206,Q53H12,Q9P032
val,242,P33121,Q9P032
val,245,P34998,Q969E3
val,350,P02751,P05067
val,351,P13611,P16112
val,362,Q99689,Q9BZI7
val,368,Q14393,Q86Y30
val,392,P53701,Q9HCL2
val,434,P24588,Q99689
val,443,O00206,O95999
val,447,P12830,P26010
val,461,P29350,Q9HBE5
val,466,O75439,Q9BRJ2
val,470,P16298,Q9NPC6
val,473,P14859,P20823
val,480,O15205,Q96CS3
val,498,Q14766,Q15113
val,512,P82663,Q96AK3
val,525,P25942,Q14653
val,553,Q06710,Q969T9
val,565,Q3ZCQ8,Q9P032
val,567,Q15906,Q9NRQ2
val,578,P06127,P26842
val,628,P12830,P30307
val,642,P00750,Q05586
val,673,P29692,P55854
val,677,O00206,P08571
val,701,P26951,Q07812
val,734,O15205,Q9NY61
val,745,P78562,Q9GZV9
val,803,O75489,Q6P161
val,804,Q7Z6A9,Q7Z7D3
val,823,P20800,P23276
val,832,O43633,Q96FZ7
val,840,O15205,P00374
val,842,P14210,Q9Y5Y6
val,876,Q96AK3,Q9UNX3
val,881,Q86X76,Q8N3J5
val,944,P23378,Q9BXR5
val,967,Q8IUC6,Q92985
val,969,O43149,Q86Y30
val,1010,O43707,P17301
val,1057,P03372,P08243
val,1104,Q12888,Q5SWW7
val,1109,O15205,P51648
val,1110,O00567,P55854
val,1113,Q96A35,Q96AK3
val,1136,Q96CF2,Q96FZ7
val,1157,Q02878,Q15435
val,1168,Q8N5I3,Q9NQ34
val,1183,P14784,P29350
val,1194,Q5UIP0,Q99689
val,1195,P38646,Q9HCU0
val,1232,O15144,Q92558
val,1249,P22413,Q86Y30
val,1255,P06737,P55854
val,1305,P03372,P41235
val,1310,O15205,O43707
val,1365,O15205,O95573
val,1374,P11831,Q8TAU0
val,1386,P08603,Q13316
val,1397,P26641,P55854
val,1433,P18084,Q14766
val,1439,P17812,P55854
val,1451,P40189,Q03405
val,1490,P26992,P29350
val,1499,Q15113,Q9H6X2
val,1500,Q6P087,Q9BRJ2
val,1505,P46776,Q9BRJ2
val,1529,P82675,Q96AK3
val,1533,Q6P587,Q9BRJ2
val,1555,Q08334,Q96RP3
val,1558,P55854,Q9Y2W1
val,1570,O15205,P54136
val,1707,P19235,P32927
val,1733,Q12923,Q13158
val,1737,Q99689,Q9BVI4
val,1745,Q13797,Q92752
val,1747,P05305,P23276
val,1767,P25445,P29350
val,1772,P00742,P02749
val,1777,Q14653,Q86XR7
val,1805,P17301,P24821
val,1811,P0DPD6,P42081
val,1831,O15205,Q9H668
val,1834,P08311,P17936
val,1837,P20273,P40259
val,1877,O15205,Q02413
val,1879,Q58FF8,Q7L2J0
val,1891,O60603,P14625
val,1896,P15692,Q13275
val,1901,O15205,P15880
val,1904,P03372,Q96AG4
val,1944,Q8TB22,Q9NUB1
val,1955,P20916,Q9BZR6
val,1964,O15205,O75971
val,1988,P14859,P42702
val,1996,P01024,P17927
val,2000,Q9BRJ2,Q9BYD1
val,2054,P10415,Q9BZR8
val,2070,O00411,Q96MF6
val,2108,A4FU69,O15205
val,2118,O15205,Q8NCH0
val,2207,P43630,Q8N5I3
val,2213,P23471,Q02878
val,2221,Q14257,Q9P032
val,2227,Q14257,Q96H96
val,2270,P14543,P98160
val,2312,O75360,Q9UBX0
val,2321,O15205,P62277
val,2324,P04003,P26022
val,2343,O14561,Q86X76
val,2355,P02751,P20701
val,2378,P00451,P07307
val,2387,P01730,P11912
val,2401,Q14515,Q99689
val,2409,Q8N5I3,Q96AG3
val,2417,P16144,P38646
val,2463,Q14257,Q8WUK0
val,2471,P55854,Q9H0D6
val,2483,Q16611,Q92934
val,2492,P58753,Q8IUC6
val,2505,P01024,P26022
val,2561,Q07812,Q96C01
val,2566,O15205,Q7KZF4
val,2574,P36578,P55854
val,2586,P56180,Q58FG1
val,2613,P02741,P04003
val,2683,A8K2U0,Q8NBF2
val,2711,P11912,P24071
val,2716,Q8TB22,Q96CM8
val,2727,P51648,Q9P032
val,2738,P55809,Q96FC7
val,2769,Q6L8Q7,Q8WUK0
val,2787,Q15468,Q8WV35
val,2792,P18627,Q03701
val,2827,Q4U2R6,Q9BRJ2
val,2848,P51398,Q96AK3
val,2853,P00742,P38435
val,2894,P60602,Q9P032
val,2950,P51648,Q8WUK0
val,2965,P17301,Q86Y30
val,2971,P55854,P60484
val,2973,P08603,Q92496
val,2976,P18084,Q92752
val,2997,P16112,P23142
val,3036,O00220,P01730
val,3042,P05067,Q9NZV6
val,3056,O75489,Q96GC5
val,3081,P08246,P08519
val,3102,O95999,P55211
val,3115,P00451,P49767
val,3152,O43633,P26641
val,3153,Q96CS3,Q9HD43
val,3185,P55854,Q8WWQ8
val,3189,P55854,Q9NSD9
val,3241,P02751,P51888
val,3259,Q92934,Q9BXH1
val,3260,P10827,P55854
val,3272,P01133,P14780
val,3285,P08476,P17813
val,3323,Q8N5I3,Q96AG4
val,3348,P29084,P32780
val,3384,P61769,Q8NHL6
val,3390,P14780,P20742
val,3394,Q96AK3,Q9P015
val,3397,P86790,Q8WV35
val,3411,O15205,Q5VWZ2
val,3448,P08476,Q03167
val,3484,O00555,P21817
val,3489,P08246,P18827
val,3501,P07814,P14859
val,3530,P16144,Q9UKX5
val,3543,P12111,P20908
val,3581,P01834,Q8NBF2
val,3582,O00418,Q13155
val,3588,P00749,P14780
val,3673,P02788,P26641
val,3698,Q8WXG6,Q9NQX5
val,3719,O15205,Q96QK1
val,3749,O00418,P62269
val,3776,P18031,Q8N5I3
val,3863,P11279,Q8N5I3
val,3916,P00749,Q9Y5Y6
val,3926,O15205,Q5VY09
val,3930,O15205,Q9NX40
val,3931,P10275,Q12796
val,3957,P55854,Q9H4L4
val,4026,P04179,Q8N3J5
val,4043,P02746,Q07021
val,4044,P16112,Q9UHI8
val,4066,P22695,Q9P032
val,4067,O94856,P78357
val,4079,P29350,P38484
val,4088,O95298,Q86X76
val,4142,Q96AK3,Q9BYD1
val,4144,P11912,P49221
val,4166,Q5HYK3,Q9BYD1
val,4255,P55060,Q9HD43
val,4263,O94985,Q9UMD9
val,4269,Q10713,Q9BRJ2
val,4270,P06401,Q9UBZ4
val,4278,P13804,Q8TB22
val,4354,P52657,Q9UNN4
val,4361,P11831,Q9BPY8
val,4365,P34741,Q16851
val,4374,P05067,Q9Y266
val,4393,P47989,Q96S82
val,4405,P08311,Q14242
val,4406,P00734,P22891
val,4430,Q96CU9,Q9P032
val,4442,P55854,Q8WTT2
val,4446,O43915,Q13797
val,4479,P05067,P98160
val,4502,P12074,Q96MF6
val,4520,P18084,Q9NS15
val,4545,O60346,Q13601
val,4550,O15205,P51784
val,4598,O43920,Q86X76
val,4604,P32927,Q07812
val,4612,P28827,Q13332
val,4624,Q8N5I3,Q9BUN8
val,4627,Q14257,Q9Y2Z9
val,4629,P12109,P12111
val,4657,P22004,Q6WN34
val,4661,P29692,P38646
val,4667,Q9H3K2,Q9P032
val,4674,Q5SWW7,Q9UHJ6
val,4679,P14780,P16070
val,4700,P01730,P06127
val,4705,O15205,P55060
val,4708,O75197,Q86Y30
val,4772,O00206,O60602
val,4795,Q12931,Q9BRJ2
val,4796,P0CG47,Q96LD8
val,4834,P08235,P10275
val,4867,O75439,Q9NQH7
val,4885,O43847,P55809
val,4971,Q02818,Q99608
val,4975,O60882,P16112
val,4983,O43405,Q86Y30
val,4994,P82673,Q96AK3
val,5002,Q92558,Q92934
val,5018,Q8N3Z0,Q8WUK0
val,5050,P05111,P19883
val,5060,P06734,P20702
val,5071,O15297,P46777
val,5091,P04150,Q12888
val,5123,P10275,Q13950
val,5151,O15205,Q9BTL4
val,5163,P04070,P38435
val,5180,P02675,P10912
val,5225,O43707,Q13797
val,5258,Q02318,Q8TB22
val,5271,P03971,Q92824
val,5330,P05121,P08697
val,5334,P46781,P85299
val,5339,P08476,Q16270
val,5351,P19438,Q99836
val,5362,P13804,Q8N3Z0
val,5382,P56134,Q9P032
val,5393,O43181,Q9P032
val,5406,Q14028,Q9H307
val,5425,P22105,Q15113
val,5440,P04004,P17301
val,5451,O15205,P84996
val,5518,O15205,Q08J23
val,5540,P06881,Q96SW2
val,5544,O75431,Q8N5I3
val,5570,Q96MF6,Q9H3L0
val,5604,Q8NC54,Q9HD43
val,5645,P10589,Q96JE9
val,5702,P00742,Q15113
val,5741,O95985,Q8N268
val,5753,P01133,P17301
val,5806,O00418,P00738
val,5904,Q86UE4,Q8N268
val,5919,O15335,P17301
val,5929,A0JNW5,Q86Y30
val,5937,P03372,Q96JQ0
val,5968,P14316,P55854
val,5975,P26012,Q9UKX5
val,5983,P08246,Q99062
val,6025,P00751,P08603
val,6033,P43897,Q86X76
val,6035,P01133,Q15113
val,6064,O15205,Q9H061
val,6082,P11387,P55854
val,6090,O15205,Q00325
val,6096,P58512,Q8N9N5
val,6126,P20702,Q9NNX6
val,6132,P55084,P55854
val,6166,P04216,P07766
val,6194,P05121,Q9NZR2
val,6195,O15205,Q7L8L6
val,6229,O15205,Q99943
val,6238,P55290,Q15848
val,6243,O00602,O14618
val,6255,O15205,Q6PRD7
val,6262,P46087,P55854
val,6265,P05067,P12109
val,6267,P04004,P53708
val,6269,P06881,P98164
val,6272,P14625,P38646
val,6278,O00339,P02751
val,6299,P04150,Q6ZSB3
val,6312,P13611,P14555
val,6342,Q8N5I3,Q99442
val,6356,P05121,P14210
val,6372,P16298,P32418
val,6377,P08575,P10747
val,6431,O15205,P39656
val,6448,P01876,Q9NUX5
val,6460,P18084,Q9UKX5
val,6469,P02671,P08697
val,6472,O60524,Q9UNQ2
val,6528,P05067,P11686
val,6563,P03952,P05155
val,6663,P38646,Q6ULP2
val,6692,P42701,Q99665
val,6699,P10827,P28702
val,6718,P27487,Q8IZJ3
val,6747,P38646,Q8IZU8
val,6783,O00400,O15205
val,6786,P01137,P34741
val,6798,O15205,P62841
val,6805,P08603,P35318
val,6807,O14732,P49441
val,6814,P13611,Q92752
val,6817,Q4KWH8,Q96AK3
val,6819,O15205,Q7Z2K6
val,6836,P38646,Q6P1A2
val,6840,P23280,P55899
val,6847,P55061,Q92934
val,6870,Q96A65,Q9UJ55
val,6872,P46777,P55854
val,6877,O43157,P21854
val,6879,Q58FG1,Q96CF2
val,6880,O43707,P16144
val,6884,P18084,Q8WX93
val,6897,P36551,Q99689
val,6906,P29350,Q8N6P7
val,6913,P04054,Q99062
val,6932,O00220,Q8WXG6
val,6957,O00602,O00754
val,6967,P05546,P08246
val,6979,P09529,P55103
val,6998,O15205,P14314
val,7010,Q9P032,Q9Y697
val,7102,O15205,Q8TDN6
val,7153,O15205,Q8TC07
val,7183,P05067,P08311
val,7192,P10275,Q01860
val,7234,Q96CM3,Q9BRJ2
val,7252,P11831,P55211
val,7257,P00749,P14543
val,7259,P16112,P51884
val,7295,O43592,Q9HD43
val,7333,P00749,P02751
val,7335,P38646,P55854
val,7359,P61769,Q02878
val,7391,O14594,P05067
val,7408,P05067,P62861
val,7419,P02748,P07357
val,7440,P01350,P08473
val,7447,O15205,Q6ZRV2
val,7489,P22695,Q86X76
val,7493,Q02878,Q9NZN8
val,7503,P17181,P29350
val,7517,P03372,Q96CS3
val,7540,P02751,Q9UKX5
val,7585,P04216,P09693
val,7615,P01876,Q9P209
val,7643,P83111,Q9NQH7
val,7656,P10451,P26012
val,7676,Q10713,Q8NI37
val,7679,O15205,O95456
val,7680,P00749,P08697
val,7688,O15205,O43592
val,7707,P59046,Q9ULZ3
val,7716,O00255,O15205
val,7733,P49006,Q9BRJ2
val,7735,P00734,P04070
val,7742,Q13573,Q9P2M1
val,7771,P10451,Q13683
val,7796,P05067,Q9NZC2
val,7830,O95196,P05067
val,7845,P08476,P55103
val,7898,P13498,P19320
val,7912,O15205,P62269
val,7915,P13598,P20701
val,7919,Q14994,Q15466
val,7949,O60934,Q9NSU2
val,7950,P16112,P98066
val,8012,O15205,Q15046
val,8027,P05121,P98164
val,8034,P32242,Q5SWW7
val,8039,P07766,P40259
val,8059,Q8N3J5,Q96DP5
val,8066,O95425,Q99572
val,8075,O75390,Q9BRJ2
val,8110,Q9NX40,Q9UIF7
val,8136,P34741,Q03167
val,8138,O14980,Q13568
val,8156,Q16595,Q9NPH0
val,8161,O00418,P60866
val,8170,P56181,Q86X76
val,8179,Q8TDN1,Q9H3M0
val,8180,O75534,Q16549
val,8225,P42261,Q14790
val,8265,A6NKF1,Q96QK1
val,8279,P00451,P04070
val,8322,O15205,Q96EK4
val,8345,Q5SWW7,Q9NRY6
val,8349,P08311,P12259
val,8394,O75439,Q8NI37
val,8396,P24071,Q9UKJ1
val,8417,P05111,P09529
val,8418,O75096,P26641
val,8420,Q7KZF4,Q99798
val,8437,P29350,Q14627
val,8501,Q86X76,Q9BYD1
val,8518,Q15185,Q58FF7
val,8534,P01133,P16144
val,8555,P00742,P13726
val,8594,P00451,Q8NI22
val,8609,P01730,P06729
val,8618,P03372,P51843
val,8650,Q99689,Q9H2M9
val,8673,Q9NX40,Q9P032
val,8675,P43026,Q92743
val,8678,O60936,Q13158
val,8682,P09038,Q8N441
val,8690,P05981,P08709
val,8697,P00451,P24821
val,8764,P05067,P15104
val,8774,Q8WV35,Q9H269
val,8783,P62244,Q99689
val,8787,P05156,P08174
val,8795,P55854,Q96SI1
val,8796,P10451,Q9UKX5
val,8812,O95425,Q99689
val,8867,P51784,Q58FF8
val,8896,O15205,Q6PI48
val,8924,P30988,Q92547
val,8945,P13611,Q14242
val,8971,P01730,Q15116
val,9029,Q86T26,Q8N5I3
val,9035,P08138,Q12923
val,9069,O60524,Q96HY6
val,9071,P02751,P04216
val,9099,P39656,Q9HD43
val,9114,P55854,Q9P2J5
val,9117,Q10713,Q96FC7
val,9140,P00451,P08709
val,9155,P05121,P08246
val,9172,P01871,Q9UBV2
val,9180,O00567,O60524
val,9184,P00734,P40197
val,9186,P03952,P17936
val,9206,O75446,Q9UHR5
val,9210,P17301,P18084
val,9245,P19320,P26010
val,9251,P19438,Q7Z7A1
val,9252,P82933,Q96AK3
val,9259,P09529,P19883
val,9280,P10827,P62324
val,9282,Q96AK3,Q9NVS2
val,9304,Q05586,Q99689
val,9315,P20908,Q9UKX5
val,9317,Q96H96,Q9NZJ6
val,9320,Q10713,Q9NX40
val,9340,P10997,P52945
val,9342,O43707,P26006
val,9379,Q8IUW5,Q969Z4
val,9394,P10909,Q14114
val,9450,P38646,P98164
val,9465,P13591,P39905
val,9475,Q8NE62,Q9P032
val,9485,P02751,P19883
val,9499,Q99689,Q99828
val,9502,P23786,Q9P032
val,9506,O15205,P46776
val,9509,P23511,Q9H4I2
val,9512,P08174,P80108
val,9533,O15205,P07814
val,9546,O95980,P14780
val,9572,P16284,P28907
val,9589,P51878,Q9NPP4
val,9616,Q9UJ55,Q9Y520
val,9623,P17735,Q12824
val,9660,Q13601,Q96AK3
val,9665,Q86X76,Q9NPL8
val,9675,P55854,Q92598
val,9694,P01732,P42081
val,9706,P00750,P01133
val,9734,O75489,Q86X76
val,9780,O43707,P18084
val,9856,Q9BRJ2,Q9Y3B7
val,9867,Q92934,Q9HD36
val,9876,Q86XR7,Q92985
val,9878,Q7L2J0,Q9BRJ2
val,9891,Q96C01,Q9HCL2
val,9895,P01019,P48147
val,9917,P10644,Q99689
val,9922,P26012,Q92752
val,9941,P29350,Q9BXR5
val,9966,Q12888,Q5IJ48
val,9971,Q9BVV7,Q9P032
val,9993,O76080,P21580
val,10013,Q13683,Q92752
val,10038,P38646,Q02487
val,10049,P03372,Q92956
val,10051,P08473,P35318
val,10083,P22004,Q8N8U9
val,10106,P11831,P55212
val,10112,P02751,P19320
val,10115,Q6NVV9,Q9UJM3
val,10122,P00505,P38646
val,10126,O15205,Q9HDC9
val,10130,O15335,Q13797
val,10154,P38646,Q9Y4L1
val,10190,Q4J6C6,Q9NQH7
val,10194,P08311,P19320
val,10197,P13489,P55854
val,10200,Q92752,Q96GW7
val,10254,P24821,P26006
val,10266,P29350,Q13241
val,10292,O00300,P02751
val,10304,P05067,Q7Z4U5
val,10306,O15205,Q12769
val,10311,O15205,P62241
val,10314,P02679,P04004
val,10317,P05120,Q14653
val,10342,O15205,P81605
val,10356,P15692,P22105
val,10402,Q9BRJ2,Q9H7H0
val,10414,Q8N5I3,Q9ULY5
val,10436,P17813,P86790
val,10446,P26951,P29350
val,10454,P01266,P14625
val,10491,P55854,Q07687
val,10504,P62841,Q96AK3
val,10618,P31323,Q05469
val,10622,Q96FC7,Q9NQH7
val,10631,Q5T8A7,Q9NYQ7
val,10655,Q02978,Q9NX40
val,10710,O75534,Q6UXB8
val,10762,O75469,P55854
val,10775,P03372,P10275
val,10781,Q9H061,Q9P032
val,10793,Q6UWY0,Q86Y30
val,10804,Q00325,Q9P032
val,10818,O15455,Q86XR7
val,10835,O15205,P62081
val,10842,P08709,P38435
val,10912,O15205,Q96JG8
val,10927,P55854,Q53GS9
val,10956,P04275,P26006
val,10967,P29350,Q99650
val,10979,P08246,P10646
val,11009,P23467,P24821
val,11013,Q8N5I3,Q9UQV4
val,11015,P51587,Q13309
val,11017,O60346,Q96HY6
val,11030,Q92752,Q9UKX5
val,11048,P35556,P55001
val,11054,P10415,Q15257
val,11096,Q13505,Q96MF6
val,11098,O75093,Q00325
val,11131,P12694,Q96H96
val,11132,Q9BX67,Q9Y624
val,11138,O43715,Q4J6C6
val,11153,P02751,Q9Y4K0
val,11162,Q08188,Q9NZT1
val,11176,P14859,P38646
val,11214,P02751,P20916
val,11268,P02788,P19835
val,11280,P02751,Q8IU80
val,11340,O15205,Q96P11
val,11355,Q15526,Q9BRJ2
val,11373,P12694,Q8WUK0
val,11375,P27695,Q9GZY0
val,11431,P55854,Q02878
val,11484,P04196,P12314
val,11485,P04070,P07204
val,11506,A6NKF1,Q9UBQ0
val,11513,P10451,P17301
val,11527,P50914,Q6UXB8
val,11560,P51784,Q58FF7
val,11563,P08582,Q9BUN8
val,11567,P00749,P14210
val,11571,O15335,P18084
val,11578,O15205,Q9H4H8
val,11622,A6NM62,O75147
val,11633,O15145,Q92558
val,11677,Q7L5D6,Q9HD43
val,11703,O60346,P28838
val,11735,O75197,Q14696
val,11747,O15335,P16144
val,11758,O75380,Q9P032
val,11768,O15519,P55210
val,11782,Q99836,Q9NPH3
val,11799,P28827,Q92824
val,11827,P38646,P40197
val,11837,P08833,Q9NRE1
val,11841,O43181,Q86X76
val,11873,P22102,P55854
val,11897,P62861,Q9BRJ2
val,11994,P07602,P54803
val,12011,P05067,P14543
val,12020,P99999,Q92934
val,12043,O43157,P14210
val,12051,O15205,O43491
val,12090,P61812,Q8WUH2
val,12124,Q8N3G9,Q8N5I3
val,12133,O15519,P55212
val,12188,O60346,Q5UIP0
val,12189,P04179,Q9P267
val,12223,P06881,P30988
val,12234,P10275,P55210
val,12236,O15205,P60866
val,12237,O15205,P08865
val,12245,O60462,O95754
val,12268,P14780,P24821
val,12282,O60343,O94916
val,12286,O15205,P01834
val,12297,Q9HC84,Q9Y561
val,12298,P55854,Q8IX12
val,12307,O14561,Q96FC7
val,12328,P55061,Q8N5I3
val,12334,P03372,Q99798
val,12360,P01589,P01730
val,12365,Q7L4I2,Q8N268
val,12367,P07359,P08311
val,12371,O75489,P21964
val,12414,Q9BRJ2,Q9ULW3
val,12427,P16112,Q15113
val,12458,P51398,P55854
val,12481,Q8N3J5,Q8NI37
val,12490,O60524,Q5JVS0
val,12510,Q15126,Q8WV35
val,12531,O15205,Q9NWL6
val,12567,A0A1B0GX68,P07766
val,12584,P23142,P98160
val,12588,A6NHQ2,P49917
val,12605,Q92903,Q9Y6T7
val,12638,P0CG47,P55854
val,12644,O00300,P04275
val,12660,Q7Z4F1,Q9UBV2
val,12681,P31785,Q01113
val,12714,P12694,P55809
val,12727,P22695,P55854
val,12728,P03372,Q5JTV8
val,12742,O95476,Q8N5I3
val,12746,P00738,P20273
val,12763,O15205,Q01780
val,12784,Q8IX12,Q92851
val,12819,P16144,P24821
val,12875,O15205,P30050
val,12883,P38646,Q14790
val,12911,P0DPD6,Q92851
val,12918,P00749,P11717
val,12992,P24071,Q8IYS5
val,12997,P01019,Q9ULA0
val,13012,P08246,P28799
val,13084,P38646,Q9NQH7
val,13091,P61927,Q9BRJ2
val,13095,O94856,Q92752
val,13097,P12830,Q14790
val,13099,P03372,P30613
val,13114,P08571,Q99836
val,13142,P17812,Q9UJ55
val,13146,P01834,Q86UE4
val,13162,P00750,Q9GZP0
val,13173,O00602,Q504T8
val,13182,O00602,P06702
val,13185,O43427,Q14512
val,13202,P28676,Q5SWW7
val,13248,Q8N5I3,Q9BTV4
val,13271,P11912,P29350
val,13312,P02751,Q96AK3
val,13319,Q5EG05,Q9Y2G2
val,13328,P03372,P39656
val,13360,A8K2U0,Q9Y2I6
val,13367,O60687,Q03405
val,13372,Q6IN84,Q9BRJ2
val,13378,O15205,Q8IWF2
val,13397,Q9BRJ2,Q9BSH4
val,13419,P01730,P20036
val,13451,P20674,Q92743
val,13492,P04275,P16144
val,13503,P27797,P38646
val,13516,O60346,Q9BTT0
val,13528,P16581,Q14242
val,13537,P19835,P78380
val,13571,P55854,Q02543
val,13605,O75489,O95298
val,13640,Q9H9P8,Q9Y2Z9
val,13669,P00748,P03952
val,13675,Q14257,Q96BP2
val,13677,P08476,P09529
val,13683,P17301,Q92752
val,13730,P00734,P17936
val,13788,P16471,P29350
val,13830,P04004,P26006
val,13901,Q8NE86,Q9BRJ2
val,13912,Q8N5I3,Q9NRN7
val,13925,P30990,P48147
val,13937,A0A1B0GX68,P09693
val,13956,P10415,Q96HR8
val,13974,P28702,Q15466
val,13976,P55854,Q96QK1
val,14070,P15248,Q01113
val,14087,Q99575,Q9ULZ3
val,14097,P29350,P40259
val,14107,P01871,P11912
val,14109,Q96QE5,Q9BRJ2
val,14126,O00507,Q9NWV8
val,14127,Q6NUS6,Q8N5I3
val,14133,P07814,Q9NX74
val,14159,O15335,P26006
val,14180,P49639,Q5JSZ5
val,14192,O95425,Q7Z4U5
val,14215,O95298,Q9NX40
val,14219,O15205,Q96A65
val,14223,O15205,P48556
val,14230,Q5VTL8,Q8N268
val,14240,Q5SWA1,Q96AG4
val,14241,P14735,Q4J6C6
val,14263,P57087,Q9Y624
val,14279,P00451,P00750
val,14312,Q15750,Q9HD43
val,14335,P01834,Q9Y2I6
val,14338,Q99075,Q9NS15
val,14428,Q5RI15,Q9P032
val,14445,P01024,Q9UGM3
val,14461,Q8NBM4,Q9HD43
val,14492,A6NJ78,Q9BRJ2
val,14525,Q10713,Q8N3Z0
val,14526,P26022,P27918
val,14555,O15205,Q12824
val,14560,Q13571,Q9H2D1
val,14576,Q92844,Q93009
val,14591,P01133,P12830
val,14613,P10646,P14780
val,14615,Q8WUK0,Q96DP5
val,14638,O43707,P55854
val,14643,P03952,P14210
val,14657,O15205,Q9NP73
val,14675,P14735,Q96FC7
val,14715,O43920,Q9NX40
val,14733,Q8IZH2,Q9BZI7
val,14743,P20810,Q92743
val,14756,P10912,P29350
val,14793,P55854,Q12888
val,14845,P14735,Q9NX40
val,14858,O43707,P05121
val,14863,P00751,Q92496
val,14874,P17301,P27658
val,14908,Q8N268,Q9P275
val,14924,P38646,Q9Y6R7
val,14936,P03372,Q12931
val,14947,P42261,Q05586
val,14976,P38646,Q96FC7
val,14977,O00206,P14625
val,15033,P02746,P05067
val,15069,P52655,Q9H6P5
val,15079,O75380,Q86X76
val,15086,P05067,Q86Y30
val,15121,P38646,Q07820
val,15129,P04275,Q9Y561
val,15190,O75056,P20908
val,15206,P01019,P42785
val,15214,P03372,P13804
val,15216,O15205,Q8WVQ1
val,15229,Q9BYD1,Q9NZJ6
val,15235,P05067,Q9H9H5
val,15248,P08473,P20800
val,15324,O15205,Q15459
val,15350,P16070,Q13316
val,15370,P01871,Q9P209
val,15373,O15205,Q9P209
val,15377,P12074,Q9P032
val,15384,P12074,Q96H96
val,15442,P05067,P51884
val,15454,O15205,O75390
val,15458,Q96AK3,Q96EY7
val,15476,Q5SWA1,Q9BUN8
val,15503,P25713,P26641
val,15520,O95202,Q9P032
val,15525,O60346,P54727
val,15560,P20810,P55210
val,15564,P29692,Q15046
val,15587,Q9NUQ2,Q9Y6C2
val,15594,Q6UWL2,Q86Y30
val,15610,P12644,P98066
val,15625,P15260,P38484
val,15632,Q12888,Q96SD1
val,15639,P13984,Q8N268
val,15648,P51888,Q14112
val,15651,Q8N5I3,Q9Y6G5
val,15672,P08865,P15509
val,15715,P27918,Q92496
val,15734,Q9HAV4,Q9HD43
val,15737,Q9BRJ2,Q9BRU9
val,15741,P05161,Q14653
val,15751,P55854,Q08J23
val,15778,P10589,P10827
val,15844,P78560,Q14790
val,15867,O43715,Q8TB22
val,15901,P10589,P41235
val,15913,P29350,Q12918
val,15916,P07602,P16278
val,15922,P16112,Q92752
val,15947,P82663,Q9NQH7
val,15950,P02751,P20908
val,15991,P20908,Q15113
val,16003,O00198,Q92934
val,16010,O15205,Q99848
val,16026,Q9NX02,Q9Y2G2
val,16038,P10909,P27918
val,16085,P05067,Q7LBR1
val,16119,P43897,Q9NX40
val,16122,P24821,Q13797
val,16125,O95298,Q96MF6
val,16130,P46531,P86790
val,16138,P61769,Q14213
val,16145,O75489,Q96AY3
val,16170,P05305,P08473
val,16218,P04150,P10275
val,16231,Q86Y30,Q8N2E2
val,16244,O15205,P26640
val,16251,Q8NBX0,Q9P032
val,16272,P51784,Q58FF6
val,16275,P14735,Q8NI37
val,16288,P0CG47,Q12824
val,16300,O75093,Q9Y6N7
val,16301,P01133,P16070
val,16325,P24752,P26641
val,16358,P00734,P14770
val,16375,Q96MN2,Q9NPP4
val,16376,O43561,Q9BZW8
val,16379,Q96PD2,Q9NPR2
val,16380,P23142,Q99075
val,16401,Q8N5I3,Q8WV48
val,16410,O00418,P26641
val,16431,O60602,P05067
val,16433,P04004,P16144
val,16434,P01730,P16070
val,16435,P62136,Q07812
val,16438,P55854,Q9NYF8
val,16447,P46777,Q9Y561
val,16476,O00548,O14672
val,16521,O60383,O95972
val,16583,P40818,Q9UJ55
val,16594,P16144,Q9UQC9
val,16596,P14543,P51888
val,16603,P02751,P04275
val,16617,P08575,P16871
val,16637,O60462,P49763
val,16666,O00602,P26022
val,16695,P82664,Q8N3Z0
val,16698,Q8N5I3,Q8WXI8
val,16707,P55854,P62917
val,16731,P14735,Q96MF6
val,16734,P35680,Q5SWW7
val,16753,P53007,Q96MF6
val,16766,P01137,Q8WUH2
val,16774,P26641,Q96RD6
val,16783,P04179,Q86X76
val,16900,P01266,P98164
val,16913,O75360,Q99697
val,16943,O43707,Q96NW7
val,16982,O14672,P01135
val,16985,O15205,Q13309
val,17022,Q9HC29,Q9Y2G2
val,17028,Q58FF7,Q96CF2
val,17058,P01024,P08174
val,17076,P37231,Q8N5I3
val,17081,P12830,Q4KMG0
val,17191,P17677,Q02878
val,17219,Q5SWA1,Q99442
val,17265,P12644,Q6WN34
val,17268,P10827,Q15646
val,17292,P23467,Q9Y624
val,17348,P05067,Q86YW5
val,17350,P07492,P27487
val,17361,P26641,Q9ULX3
val,17384,P04040,Q8WVN6
val,17391,P05546,P08311
val,17393,O00602,P28676
val,17453,P16112,Q99542
val,17454,P01008,P34741
val,17458,Q9UJ55,Q9Y266
val,17459,P40189,Q8NI17
val,17471,P27694,Q9NSU2
val,17496,P04070,P12259
val,17515,P00451,P01133
val,17541,P12694,Q86X76
val,17553,O15205,Q96BW1
val,17587,Q15070,Q9P032
val,17598,P43026,P98066
val,17631,Q96A35,Q9BRJ2
val,17634,P00734,P13671
val,17665,O15205,Q96KP1
val,17682,P05067,P14780
val,17698,P20908,P24821
val,17759,P03372,P43026
val,17770,P31785,Q12913
val,17778,P03372,P62081
val,17804,O15205,P14625
val,17820,P55854,Q07021
val,17834,Q86X76,Q9P032
val,17835,P02812,P46527
val,17890,P00750,P14780
val,17905,O43592,P55854
val,17933,P98066,Q6KF10
val,17944,Q0ZGT2,Q7Z4U5
val,17976,Q86Y30,Q8IWU6
val,17998,P14780,Q9NRE1
val,17999,P07359,Q9NQC7
val,18009,Q96FC7,Q9Y2S7
val,18028,O15205,Q13868
val,18044,P10827,P38646
val,18049,O43561,P01732
val,18076,O00602,Q14703
val,18082,P04275,P18084
val,18092,P02751,P21589
val,18102,Q96AK3,Q9Y2R9
val,18126,P03952,Q04756
val,18136,P05067,Q92743
val,18145,P04070,P05121
val,18162,P01834,P04275
val,18244,P55854,Q15046
val,18265,Q9Y561,Q9Y6C2
val,18290,O15205,Q96EK7
val,18297,P55854,Q9H307
val,18312,P51649,P80404
val,18320,P55854,Q8N1G4
val,18344,P31323,Q5JQC9
val,18355,P16070,Q13477
val,18469,P11831,P55210
val,18471,P03372,Q12824
val,18494,P41594,P42261
val,18497,P00734,P05160
val,18503,P11831,Q9ULZ3
val,18511,P01019,Q16819
val,18525,Q9H5V8,Q9Y5Y6
val,18536,Q9BZR6,Q9NQC3
val,18537,O43847,P06881
val,18550,P01137,P55103
val,18563,O75095,Q13361
val,18580,P03923,Q99689
val,18594,Q14257,Q96FC7
val,18600,O94985,Q92547
val,18659,P01133,P14210
val,18676,P18858,P26641
val,18681,P29350,Q08334
val,18696,O00300,P04004
val,18698,P05156,P26022
val,18705,Q9NR99,Q9Y5K3
val,18726,P01871,P12018
val,18730,O15205,Q9UKF6
val,18777,O43169,Q9P032
val,18854,P11831,Q9UMQ3
val,18901,Q9NP94,Q9NY26
val,18917,O95390,Q86Y30
val,18930,Q6WBX8,Q99638
val,18932,P05114,P14316
val,18947,O60346,P05067
val,18993,P30990,P39905
val,19014,P58753,Q15629
val,19025,P38646,P51648
val,19037,Q15906,Q96JC9
val,19041,P01135,P08246
val,19043,O15371,P55854
val,19063,P78324,Q9NPH3
val,19096,P14735,Q8TB22
val,19098,Q3ZCQ8,Q96MF6
val,19177,Q5SWW7,Q8TDC0
val,19178,O00418,P62910
val,19184,Q8NFY4,Q9UIW2
val,19197,O15205,P30305
val,19208,Q9H553,Q9UBV8
val,19271,O43847,O75489
val,19281,Q86X76,Q9BU61
val,19284,O00418,P38646
val,19292,O15205,P53396
val,19342,Q9H936,Q9P032
val,19366,P02750,P02751
val,19394,P38646,Q8TB22
val,19404,P17301,P20908
val,19464,P14210,P14780
val,19476,Q07021,Q9HCL2
val,19504,P29460,Q13568
val,19526,O75390,Q9Y2Z9
val,19563,O00418,P62273
val,19569,P53701,Q9P032
val,19573,P01732,P10747
val,19583,P03952,P48307
val,19610,P23467,P78357
val,19636,P29350,P42701
val,19648,Q96AK3,Q9Y399
val,19656,P03372,Q16719
val,19669,P00742,P01008
val,19670,O15205,P47897
val,19683,P38646,Q969L2
val,19694,P14555,Q13018
val,19740,P05067,P62081
val,19741,P02751,P12110
val,19744,P46776,P55854
val,19814,P38646,Q5TFE4
val,19818,P43897,Q9BRJ2
val,19824,P10747,Q53EV4
val,19830,P04004,Q13797
val,19856,P08138,P20916
val,19896,P55854,Q9Y2X3
val,19907,P00734,P38435
val,19923,O75489,Q9Y697
val,19934,Q13936,Q8N5I3
val,20010,P29350,Q86UP6
val,20016,O00253,Q9UBU3
val,20049,P02746,P26022
val,20070,P01860,P05067
val,20076,P34059,Q86Y30
val,20097,O60346,Q9Y617
val,20112,P03372,Q9HAV4
val,20140,Q96MF6,Q9Y2S7
val,20142,Q6IA17,Q9NR96
val,20206,Q9P2M1,Q9UNS2
val,20230,Q92934,Q96HR8
val,20255,Q9NX14,Q9P032
val,20292,O15205,Q9NWT6
val,20300,Q96RD7,Q99572
val,20304,P01871,P20273
val,20313,P01871,P05067
val,20331,P01732,P11912
val,20340,P01833,P11912
val,20350,O43707,Q9UKX5
val,20354,P03372,Q6P1J9
val,20362,Q96BP2,Q9BRJ2
val,20373,P20674,Q9P032
val,20403,P02741,Q9HCN6
val,20413,O15205,Q9Y305
val,20428,P27797,Q07820
val,20432,P26718,Q29980
val,20435,P05067,Q15113
val,20446,O95256,P09326
val,20471,O15205,Q9Y5V3
val,20476,P07602,P10912
val,20488,P08246,P12259
val,20495,P18084,P24821
val,20503,P11831,P54821
val,20510,P38646,Q8N3Z0
val,20516,Q9BRJ2,Q9H9J2
val,20532,P51878,Q9ULZ3
val,20566,Q8N3J5,Q96FC7
val,20596,O15205,P26641
val,20616,O60603,Q8IUC6
val,20628,O15519,P42575
val,20677,P05067,Q9UQN3
val,20679,Q02978,Q8WUK0
val,20681,P29350,Q01113
val,20713,O15205,Q6NUK1
val,20730,P12273,P38646
val,20743,Q07021,Q96BP2
val,20747,P61769,Q15113
val,20751,P99999,Q96HR8
val,20859,P05121,P07204
val,20873,O14561,Q8N3Z0
val,20881,P10451,Q92985
val,20889,O60494,P98164
val,20932,Q96AK3,Q9ULW3
val,20950,Q92752,Q9BZZ2
val,20955,Q5JVS0,Q8N268
val,20957,P04118,P54317
val,21017,Q9NPH0,Q9NX40
val,21030,O00418,P62249
val,21048,P05067,P31431
val,21086,P16298,Q8TDC0
val,21093,P00748,P02749
val,21103,Q53EP0,Q5SWW7
val,21122,P19883,P55103
val,21149,O15205,P46781
val,21154,Q4J6C6,Q9BYD1
val,21180,P55854,P62136
val,21181,Q9BRJ2,Q9NVS2
val,21184,P13726,Q8NB91
val,21190,P14625,P55157
val,21203,Q96A65,Q9Y2H0
val,21209,O14830,P10276
val,21210,P0CG47,P46531
val,21239,P17813,Q03167
val,21257,P61812,Q9NS15
val,21260,P55210,Q14814
val,21277,O14980,Q13158
val,21283,A6NHQ2,Q96CF2
val,21324,O75880,Q9P032
val,21376,P29350,Q9UHF4
val,21378,P55854,Q12931
val,21403,Q53H82,Q9NPH0
val,21408,P38646,Q16653
val,21409,P27987,Q9Y5K3
val,21447,O15205,Q6NVV9
val,21456,P01133,P35354
val,21460,O14672,P20827
val,21462,Q92552,Q96AK3
val,21512,Q99836,Q9HC29
val,21513,P01137,P09529
val,21531,P47871,P84996
val,21545,P78411,Q8IW19
val,21564,O95831,P05161
val,21578,Q9NQH7,Q9Y697
val,21676,Q5IJ48,Q7Z4F1
val,21681,P29350,Q9UMR7
val,21717,O60245,P62136
val,21730,P29350,Q96PQ1
val,21745,Q15629,Q8IUC6
val,21749,O00418,Q92598
val,21756,P46527,Q14790
val,21811,O15205,Q9Y4L1
val,21843,P17301,P98160
val,21854,P39656,Q8N5I3
val,21855,O43847,Q96MF6
val,21857,P00749,P01133
val,21883,O60346,P51693
val,21888,P07492,Q16819
val,21889,Q7Z4U5,Q9NUM4
val,21935,P52655,P55854
val,21936,P01854,P12319
val,21959,P04040,Q9BXR5
val,21994,Q58FF6,Q96CF2
val,21998,P02751,Q13797
val,22002,P12074,Q86X76
val,22007,P02675,P08519
val,22019,P01730,P10966
val,22037,O00418,P46777
val,22069,P04275,P26012
val,22075,P20674,P55809
val,22100,O75147,Q96AK3
val,22110,P05067,Q9H6X2
val,22140,Q5SWW7,Q7Z5V6
val,22148,O60343,Q92547
val,22164,P01834,Q13797
val,22236,P26641,P47897
val,22247,P42768,Q99828
val,22282,P26641,P43490
val,22293,P00736,P02746
val,22319,P0CG47,P46527
val,22344,P01893,Q16827
val,22360,P55809,Q86X76
val,22375,P12830,Q15678
val,22378,P38646,Q9NY74
val,22390,Q96CS3,Q9UNN5
val,22399,P05067,Q08E93
val,22415,P05067,Q99584
val,22446,Q14213,Q8NHL6
val,22454,P01019,P08311
val,22471,P04216,P16070
val,22495,O15205,P46087
val,22575,P17813,P61812
val,22580,P12830,Q8NHZ8
val,22593,P26641,Q8WX93
val,22623,Q13950,Q15573
val,22632,P08519,P98164
val,22642,Q9NWV8,Q9UNS2
val,22647,O15496,Q13018
val,22665,O15205,Q8WZ79
val,22715,P46060,Q9UJ55
val,22730,P08582,Q9GZP9
val,22742,O60783,Q96AK3
val,22744,P22695,Q96MF6
val,22768,P02760,P05067
val,22778,P05067,Q7Z7K6
val,22794,P11831,Q9UNW1
val,22811,P29350,Q13651
val,22829,O60936,Q07812
val,22847,P12644,Q8N8U9
val,22866,O00418,P06748
val,22870,P01876,Q9Y2I6
val,22878,Q5TEU4,Q9NPL8
val,22880,Q9H7Z7,Q9P032
val,22896,O15205,Q9BXR0
val,22926,P05155,P08697
val,22944,P26641,Q9UM00
val,22963,Q14201,Q8N9N5
val,22995,O75880,P55809
val,23003,P06401,Q13573
val,23030,Q8N268,Q9H501
val,23089,P10451,P26006
val,23109,P78509,Q9UN73
val,23121,P46379,Q9HD43
val,23130,Q9BRJ2,Q9P015
val,23133,P05067,Q16270
val,23141,Q5SWA1,Q9NVH0
val,23142,O14770,P31269
val,23166,P05067,Q9UEW3
val,23173,O60346,Q02878
val,23182,O15205,P53007
val,23183,P04275,Q9UKX5
val,23232,P22105,P49765
val,23291,P13591,P32004
val,23294,P29350,P31785
val,23305,P03372,P53396
val,23319,P55854,Q01826
val,23342,Q0VD86,Q5SWW7
val,23357,O15205,P62910
val,23370,O00555,O60346
val,23400,Q6UWW8,Q9H0Q3
val,23438,P20701,Q9Y624
val,23441,P82663,Q8N3Z0
val,23454,Q24JP5,Q96KG7
val,23459,Q10570,Q15543
val,23475,P82664,Q96AK3
val,23490,P10415,P99999
val,23514,O94856,Q07699
val,23515,O43242,Q9NWV8
val,23528,O43422,Q96AK3
val,23533,O15205,P46379
val,23569,Q99608,Q9UJ55
val,23572,P02751,P16144
val,23573,Q02978,Q9P032
val,23613,P04150,P38484
val,23621,P18084,Q13797
val,23631,P01137,P20908
val,23654,P02751,Q13683
val,23674,P12830,Q9BWV1
val,23725,P20908,Q13797
val,23733,Q96AK3,Q9BYD2
val,23751,O00468,P05067
val,23760,P42702,Q8NI17
val,23796,P38646,Q14160
val,23807,P16144,Q13797
val,23854,O00418,P62861
val,23867,Q9BWS9,Q9NY15
val,23886,P08697,Q96P63
val,23901,P01876,Q5W0Q7
val,23924,Q4J6C6,Q8N3Z0
val,23929,Q58FG1,Q7L2J0
val,23948,P04004,P14210
val,24010,O43157,Q9NPR2
val,24011,P15509,P32927
val,24017,P16871,P46531
val,24040,P01732,P61769
val,24041,P01133,P19883
val,24051,P05981,P14210
val,24054,O60346,O75363
val,24084,Q8N5I3,Q9H3M0
val,24119,P29460,Q5VWK5
val,24160,O00468,P01876
val,24187,P14780,P15514
val,24188,Q14257,Q8N3Z0
val,24189,P10909,P48357
val,24262,P58753,Q01638
val,24321,P01024,P48740
val,24325,P42127,Q9Y624
val,24345,O00602,Q9UGM3
val,24358,P13765,P28068
val,24395,O14980,Q9HD43
val,24430,P13611,Q9UHI8
val,24435,P11387,P55212
val,24460,O75431,Q9P032
val,24511,Q86Y30,Q9NY47
val,24513,Q86X19,Q8N5I3
val,24525,Q05996,Q9BS86
val,24527,P24821,Q13683
val,24586,O14770,P31271
val,24616,O15205,P37268
val,24626,P01893,P04150
val,24633,P01876,P08F94
val,24640,O15205,Q9Y617
val,24665,P61769,Q13241
val,24680,P01589,P14784
val,24684,O15205,Q9P0U3
val,24776,O00602,P02751
val,24785,P12109,Q13797
val,24801,P02675,P26641
val,24818,O15205,Q13895
val,24825,P39060,P98095
val,24849,O00462,Q86Y30
val,24870,Q9BRJ2,Q9NVH0
val,24875,Q7Z4F1,Q92743
val,24909,P10276,P62324
val,24919,P12110,P20908
val,24922,O00602,P01876
val,24941,O75489,Q96MF6
val,24984,P55854,Q9Y4W2
val,25006,Q9BPX7,Q9H2D1
val,25057,P20702,Q9BX67
val,25063,P26006,Q13443
val,25106,O15205,Q53H12
val,25107,P00734,P02760
val,25123,P08247,P19235
val,25134,P14780,P35070
val,25158,P13611,P23142
val,25168,P03372,Q16822
val,25186,P00738,Q86VB7
val,25187,P08174,P08571
val,25190,P18084,P20908
val,25196,O15455,P08571
val,25200,O00602,Q96BY9
val,25226,P78310,Q8N5I3
val,25244,P26641,P49221
val,25268,P01137,P12645
val,25297,O14735,Q92903
val,25317,O95231,Q5SWW7
val,25339,P08174,P17927
val,25341,O15335,Q9UKX5
val,25379,P38646,Q8WUK0
val,25382,P11831,Q14790
val,25392,P19827,P98066
val,25400,P26006,Q92752
val,25404,P16144,P20908
val,25422,Q9BRJ2,Q9BUB7
val,25491,P20908,Q13683
val,25510,O15205,P10644
val,25517,P14138,P23276
val,25519,O60602,Q6IA17
val,25532,P03372,Q9Y5Z4
val,25534,Q2M3C7,Q8TB22
val,25536,Q6NUK1,Q9P032
val,25549,P38646,Q14156
val,25604,P24821,Q9UKX5
val,25625,P02746,P04196
val,25626,P01730,P28907
val,25631,Q8N268,Q9ULX3
val,25764,O14561,Q8WUK0
val,25860,Q8N5I3,Q96RD7
val,25867,P16112,P98095
val,25932,P12319,P19823
val,25943,P01024,P02741
val,25976,Q96QK1,Q9UJ55
val,25989,P07602,Q02878
val,25996,P32969,Q58FG1
val,26034,P05067,P20810
val,26056,O00418,O95831
val,26060,P12109,P12110
val,26087,P02751,P26012
val,26121,Q96AK3,Q9Y3C1
val,26143,P10276,Q9BQI9
val,26191,P48634,Q9BRJ2
val,26230,P10275,Q9Y2I1
val,26240,P18827,Q16270
val,26243,P05305,P35318
val,26246,Q14257,Q8TB22
val,26247,P20823,P41235
val,26268,O14763,Q8WXG6
val,26279,P05067,P22105
val,26287,Q86Y30,Q96KR4
val,26323,P26012,Q13797
val,26359,O00180,Q9P0U3
val,26467,P05067,Q6UW88
val,26504,O00602,P55084
val,26508,O43561,P01730
val,26517,P07202,Q9NRD9
val,26532,P00748,Q9NPY3
val,26543,P05067,Q92686
val,26558,P08311,P55210
val,26566,P03372,P10827
val,26567,Q2MV58,Q86Y30
val,26571,P12109,Q13683
val,26608,P04179,Q96JQ0
val,26611,O15205,P09211
val,26617,Q8IUW5,Q8NC24
val,26637,Q03405,Q9NZR2
val,26661,P43026,Q6WN34
val,26685,P03372,Q8TAQ2
val,26730,P29350,Q01344
val,26738,P02751,P18031
val,26752,Q6UY14,Q8WV35
val,26762,P16144,P98088
val,26769,P26641,Q9ULI3
val,26773,Q13563,Q6VY07
val,26775,Q8N3Z0,Q9Y2S7
val,26793,P06312,Q96HY6
val,26802,Q8TCU4,Q96KG7
val,26838,P08246,P09919
val,26848,Q12769,Q8N1L1
val,26864,P60022,Q5UIP0
val,26873,Q86X76,Q9NX14
val,26880,O15205,P27797
val,26916,P55957,P99999
val,27055,Q53H12,Q8WUK0
val,27149,Q5SWW7,Q8WU58
val,27174,Q96C01,Q9NUB1
val,27183,O15393,Q8N5I3
val,27199,Q9UJ55,Q9Y2J2
val,27202,Q8N3J5,Q9Y697
val,27326,P12694,Q4J6C6
val,27351,O76021,P55854
val,27425,P48200,Q96AK3
val,27427,P05067,P49458
val,27429,P19438,Q93038
val,27434,P29460,Q99665
val,27448,O00418,P15880
val,27454,P08575,P09919
val,27481,Q86X55,Q9Y3P9
val,27490,O15205,P62244
val,27501,P02751,P53708
val,27575,P24821,P38646
val,27606,P03372,P37231
val,27609,P38646,Q9Y2Z9
val,27620,P39060,Q15113
val,27640,O15205,P48147
val,27656,P14735,Q9Y6X8
val,27671,P05067,P59020
val,27672,Q00325,Q9Y5Y6
val,27674,P15151,Q9NP84
val,27685,P05067,P35030
val,27717,P10276,Q7Z443
val,27765,P12644,Q9BU40
val,27783,P05111,Q03167
val,27785,O60524,P20674
val,27811,P12694,Q5TEU4
val,27848,P38646,Q8WXG6
val,27869,P20908,P26012
val,27888,Q07021,Q96MF6
val,27896,P01730,P27487
val,27903,P20908,P26006
val,27904,O00165,Q6UXB8
val,27917,O75880,Q86X76
val,27972,O14561,Q9Y2Z9
val,27975,P53007,Q9P032
val,27977,P03372,Q8N268
val,28000,P82673,Q8N3Z0
val,28008,P02679,P14555
val,28024,Q05586,Q9Y2H0
val,28028,O75489,Q9NRV9
val,28050,P48634,Q8N268
val,28055,P28702,Q9Y5X4
val,28061,P16144,Q92752
val,28086,P03973,P48740
val,28094,O15205,Q9Y679
val,28108,P01730,P10747
val,28128,P14859,P28360
val,28146,P04004,P26012
val,28148,O60942,P01876
val,28166,P42261,Q13224
val,28178,P10589,P29692
val,28235,Q58FG1,Q8WX93
val,28244,Q12805,Q92743
val,28246,Q5SZK8,Q86Y30
val,28264,P10644,Q58FG1
val,28288,O15205,P33121
val,28314,P16871,Q9HC73
val,28371,Q05586,Q13115
val,28390,P13598,Q9NNX6
val,28396,O15205,Q96ME1
val,28404,Q8N268,Q8NAV1
val,28406,P05067,Q96CT7
val,28407,Q7L8L6,Q9BRJ2
val,28413,O14561,Q9NPH0
val,28414,P06127,P11912
val,28447,P98160,Q6PCB0
val,28456,Q07021,Q9BRJ2
val,28459,P26641,P60903
val,28484,Q5SWW7,Q9H3K6
val,28490,Q9BRJ2,Q9UJV8
val,28538,O15205,Q9ULK4
val,28580,O60828,P10275
val,28586,Q9HBE4,Q9HBE5
val,28619,O75439,P55854
val,28660,P03372,P80404
val,28690,P05067,Q9H6F5
val,28705,O95602,Q5UIP0
val,28734,P05067,P09038
val,28771,P10619,P13473
val,28784,Q8N5I3,Q96GX1
val,28798,P55854,Q16643
val,28861,Q08334,Q969E3
val,28870,P01730,P42081
val,28875,P38646,P62081
val,28884,P01133,P02751
val,28909,P46531,P78536
val,28922,P12109,P26006
val,28956,O15297,P13051
val,28959,P00750,Q9NZR2
val,28962,O15205,P50454
val,28986,Q13571,Q9BSL1
val,28988,O43707,P29350
val,29002,O00418,P62829
val,29031,O60603,Q8IWL2
val,29040,O15205,P22695
val,29041,Q8NE62,Q96C01
val,29074,Q16827,Q9HD43
val,29085,P05156,P15529
val,29122,P10451,Q13797
val,29127,P00734,P00749
val,29138,P12644,Q92743
val,29151,P08575,P29350
val,29163,P04216,P08575
val,29197,P06127,P40259
val,29212,P02741,P27918
val,29251,O43915,P00451
val,29264,P04004,Q9UKX5
val,29265,O94856,P05067
val,29268,O15205,P06396
val,29288,O75688,P55854
val,29291,Q8TBE0,Q96KG7
val,29319,P08246,P19320
val,29324,A6NHQ2,Q9BXB1
val,29336,P12694,Q8NI37
val,29340,O60524,O75147
val,29371,P12109,P18084
val,29397,P03372,P55084
val,29410,Q02297,Q9H013
val,29412,O15205,P15104
val,29414,P22303,Q86XR5
val,29444,P01730,P01732
val,29491,P27797,Q9HD43
val,29496,P00734,Q04756
val,29510,P17735,Q8TAQ2
val,29516,P02741,P12314
val,29522,P13804,Q96FC7
val,29526,P14735,P55809
val,29528,Q16656,Q5SWW7
val,29531,P61812,Q03167
val,29537,P12109,P16144
val,29586,P12109,P20908
val,29622,P05067,Q9BY76
