protein_id,reason,members
h0000001,test_entry_or_isoform_family,Q15911-2
h0000014,test_entry_or_isoform_family,P19544-6
h0000019,test_accession;test_entry_or_isoform_family;exact_test_sequence,B7ZAQ6;P0CG08
h0000021,test_accession;test_entry_or_isoform_family;exact_test_sequence,Q9C0K0
h0000023,test_accession;test_entry_or_isoform_family;exact_test_sequence,Q8WWU5
h0000024,test_accession;test_entry_or_isoform_family;exact_test_sequence,Q14656
h0000033,test_accession;test_entry_or_isoform_family;exact_test_sequence,Q9H8N7
h0000037,test_accession;test_entry_or_isoform_family;exact_test_sequence,Q9ULL5
h0000047,test_entry_or_isoform_family,P29374-2
h0000056,test_accession;test_entry_or_isoform_family;exact_test_sequence,Q8IZD4
h0000065,test_accession;test_entry_or_isoform_family;exact_test_sequence,O15015
h0000071,test_accession;test_entry_or_isoform_family;exact_test_sequence,Q9UH92
h0000075,test_accession;test_entry_or_isoform_family;exact_test_sequence,Q96IF1
h0000082,test_entry_or_isoform_family,Q9P2N7-3
h0000088,test_entry_or_isoform_family,Q9UL33-2
h0000095,test_accession;test_entry_or_isoform_family;exact_test_sequence,P17040
h0000103,test_accession;test_entry_or_isoform_family;exact_test_sequence,P10746
h0000127,test_accession;test_entry_or_isoform_family;exact_test_sequence,P19532
h0000138,test_accession;test_entry_or_isoform_family;exact_test_sequence,P08913
h0000143,test_accession;test_entry_or_isoform_family;exact_test_sequence,Q9BTC0
h0000152,test_accession;test_entry_or_isoform_family;exact_test_sequence,P43088
h0000155,test_accession;test_entry_or_isoform_family;exact_test_sequence,Q9UGQ2
h0000161,test_accession;test_entry_or_isoform_family;exact_test_sequence,Q6UVY6
h0000171,test_accession;test_entry_or_isoform_family;exact_test_sequence,P02775
h0000172,test_accession;test_entry_or_isoform_family;exact_test_sequence,Q6ZN18
h0000188,test_accession;test_entry_or_isoform_family;exact_test_sequence,Q969S6
h0000190,test_accession;test_entry_or_isoform_family;exact_test_sequence,P06454
h0000191,test_accession;test_entry_or_isoform_family;exact_test_sequence,Q96KM6
h0000192,test_accession;test_entry_or_isoform_family;exact_test_sequence,Q9BXP2
h0000211,test_entry_or_isoform_family,Q13952-2
h0000224,test_accession;test_entry_or_isoform_family;exact_test_sequence,O95171
h0000244,test_entry_or_isoform_family,P35659-2
h0000252,test_accession;test_entry_or_isoform_family;exact_test_sequence,Q96DX8
h0000270,test_entry_or_isoform_family,Q96S52-2
h0000276,test_accession;test_entry_or_isoform_family;exact_test_sequence,Q9UKP3
h0000278,test_accession;test_entry_or_isoform_family;exact_test_sequence,O43156
h0000291,test_accession;test_entry_or_isoform_family;exact_test_sequence,Q96C23
h0000294,test_accession;test_entry_or_isoform_family;exact_test_sequence,Q7Z7J9
h0000300,test_accession;test_entry_or_isoform_family;exact_test_sequence,Q5VUE5
h0000308,test_accession;test_entry_or_isoform_family;exact_test_sequence,P54851
h0000311,test_accession;test_entry_or_isoform_family;exact_test_sequence,Q96T83
h0000321,test_entry_or_isoform_family,Q9UHL9-2
h0000328,test_accession;test_entry_or_isoform_family;exact_test_sequence,Q8NEM8
h0000331,test_accession;test_entry_or_isoform_family;exact_test_sequence,Q9UGI8
h0000337,test_entry_or_isoform_family,Q16514-2
h0000348,test_entry_or_isoform_family,Q9Y2Y0-2
h0000351,test_accession;test_entry_or_isoform_family;exact_test_sequence,Q92908
h0000353,test_accession;test_entry_or_isoform_family;exact_test_sequence,Q5T230
h0000361,test_accession;test_entry_or_isoform_family;exact_test_sequence,A4D1L5;P62256
h0000365,test_accession;test_entry_or_isoform_family;exact_test_sequence,O15372;Q6IB98
h0000366,test_accession;test_entry_or_isoform_family;exact_test_sequence,P54219
h0000367,test_accession;test_entry_or_isoform_family;exact_test_sequence,Q16795
h0000395,test_accession;test_entry_or_isoform_family;exact_test_sequence,Q86VF7
h0000397,test_accession;test_entry_or_isoform_family;exact_test_sequence,O15375
h0000401,test_accession;test_entry_or_isoform_family;exact_test_sequence,P09466
h0000410,test_accession;test_entry_or_isoform_family;exact_test_sequence,Q8TAK6
h0000420,test_accession;test_entry_or_isoform_family;exact_test_sequence,Q9UL59
h0000426,test_entry_or_isoform_family,O95822-2
h0000430,test_accession;test_entry_or_isoform_family;exact_test_sequence,Q53GG5
h0000432,test_entry_or_isoform_family,Q9H2U1-3
h0000434,test_accession;test_entry_or_isoform_family;exact_test_sequence,Q8IZM8
h0000437,test_accession;test_entry_or_isoform_family;exact_test_sequence,P56557
h0000442,test_accession;test_entry_or_isoform_family;exact_test_sequence,P10606
h0000448,test_accession;test_entry_or_isoform_family;exact_test_sequence,P55773
h0000467,test_accession;test_entry_or_isoform_family;exact_test_sequence,P09668
h0000476,test_entry_or_isoform_family,O75626-2
h0000479,test_accession;test_entry_or_isoform_family;exact_test_sequence,Q96NZ1
h0000490,test_accession;test_entry_or_isoform_family;exact_test_sequence,Q00403
h0000493,test_accession;test_entry_or_isoform_family;exact_test_sequence,O43583
h0000494,test_accession;test_entry_or_isoform_family;exact_test_sequence,Q9BQC6
h0000503,test_accession;test_entry_or_isoform_family;exact_test_sequence,Q9Y5K5
h0000508,test_accession;test_entry_or_isoform_family;exact_test_sequence,P57772
h0000520,test_accession;test_entry_or_isoform_family;exact_test_sequence,Q96IJ6
h0000526,test_accession;test_entry_or_isoform_family;exact_test_sequence,Q96QE2
h0000528,test_accession;test_entry_or_isoform_family;exact_test_sequence,P0DI81;P0DI82
h0000530,test_accession;test_entry_or_isoform_family;exact_test_sequence,P62847
h0000535,test_accession;test_entry_or_isoform_family;exact_test_sequence,Q96BV0
h0000539,test_accession;test_entry_or_isoform_family;exact_test_sequence,O76090
h0000543,test_accession;test_entry_or_isoform_family;exact_test_sequence,Q14166
h0000553,test_accession;test_entry_or_isoform_family;exact_test_sequence,Q9UIS9
h0000561,test_accession;test_entry_or_isoform_family;exact_test_sequence,Q96PG8
h0000573,test_accession;test_entry_or_isoform_family;exact_test_sequence,Q9P2G9
h0000578,test_accession;test_entry_or_isoform_family;exact_test_sequence,Q8WY22
h0000596,test_accession;test_entry_or_isoform_family;exact_test_sequence,Q76KP1
h0000602,test_accession;test_entry_or_isoform_family;exact_test_sequence,Q96RE7
h0000608,test_entry_or_isoform_family,Q12857-2
h0000616,test_entry_or_isoform_family,Q8N490-3
h0000621,test_accession;test_entry_or_isoform_family;exact_test_sequence,P11161
h0000633,test_accession;test_entry_or_isoform_family;exact_test_sequence,Q8TEA8
h0000644,test_accession;test_entry_or_isoform_family;exact_test_sequence,Q2QGD7
h0000646,test_entry_or_isoform_family,Q9NXE4-2
h0000653,test_accession;test_entry_or_isoform_family;exact_test_sequence,Q96MI9
h0000657,test_accession;test_entry_or_isoform_family;exact_test_sequence,Q7Z4V5
h0000661,test_entry_or_isoform_family,Q86TJ2-3
h0000665,test_accession;test_entry_or_isoform_family;exact_test_sequence,Q9NRM2
h0000675,test_accession;test_entry_or_isoform_family;exact_test_sequence,Q99678
h0000677,test_accession;test_entry_or_isoform_family;exact_test_sequence,P32248
h0000678,test_accession;test_entry_or_isoform_family;exact_test_sequence,Q8IW45
h0000708,test_entry_or_isoform_family,Q9BSJ5-2
h0000710,test_accession;test_entry_or_isoform_family;exact_test_sequence,Q8NCG7
h0000711,test_accession;test_entry_or_isoform_family;exact_test_sequence,P09681
h0000713,test_accession;test_entry_or_isoform_family;exact_test_sequence,Q14116
h0000723,test_accession;test_entry_or_isoform_family;exact_test_sequence,O95395
h0000725,test_accession;test_entry_or_isoform_family;exact_test_sequence,P48506
h0000727,test_accession;test_entry_or_isoform_family;exact_test_sequence,B3EWG3;B3EWG5
h0000728,test_accession;test_entry_or_isoform_family;exact_test_sequence,O75541
h0000729,test_accession;test_entry_or_isoform_family;exact_test_sequence,Q8NAC3
h0000733,test_entry_or_isoform_family,Q147X3-2
h0000745,test_accession;test_entry_or_isoform_family;exact_test_sequence,Q8IX01
h0000747,test_entry_or_isoform_family,P78312-5
h0000749,test_entry_or_isoform_family,Q9UL41-2
h0000774,test_accession;test_entry_or_isoform_family;exact_test_sequence,P15382
h0000784,test_accession;test_entry_or_isoform_family;exact_test_sequence,Q75T13
h0000794,test_entry_or_isoform_family,Q02086-2
h0000805,test_accession;test_entry_or_isoform_family;exact_test_sequence,Q9NQI0
h0000809,test_accession;test_entry_or_isoform_family;exact_test_sequence,P55198
h0000826,test_entry_or_isoform_family,P82912-2
h0000834,test_accession;test_entry_or_isoform_family;exact_test_sequence,P22674
h0000835,test_accession;test_entry_or_isoform_family;exact_test_sequence,O15255
h0000838,test_accession;test_entry_or_isoform_family;exact_test_sequence,Q9Y3S2
h0000841,test_accession;test_entry_or_isoform_family;exact_test_sequence,Q6NUQ1
h0000845,test_accession;test_entry_or_isoform_family;exact_test_sequence,Q9BZW4
h0000865,test_accession;test_entry_or_isoform_family;exact_test_sequence,Q96LT7
h0000870,test_accession;test_entry_or_isoform_family;exact_test_sequence,Q9BSN7
h0000872,test_accession;test_entry_or_isoform_family;exact_test_sequence,Q96B42
h0000873,test_accession;test_entry_or_isoform_family;exact_test_sequence,Q9H410
h0000884,test_entry_or_isoform_family,P55265-5
h0000898,test_accession;test_entry_or_isoform_family;exact_test_sequence,O95625
h0000899,test_accession;test_entry_or_isoform_family;exact_test_sequence,Q15760
h0000903,test_accession;test_entry_or_isoform_family;exact_test_sequence,O00399
h0000907,test_accession;test_entry_or_isoform_family;exact_test_sequence,Q9H2P9
h0000912,test_accession;test_entry_or_isoform_family;exact_test_sequence,Q58DX5
h0000934,test_accession;test_entry_or_isoform_family,Q5H9K5
h0000936,test_accession;test_entry_or_isoform_family;exact_test_sequence,Q9H7E9
h0000937,test_accession;test_entry_or_isoform_family;exact_test_sequence,Q96D31
h0000939,test_accession;test_entry_or_isoform_family;exact_test_sequence,Q08257
h0000951,test_accession;test_entry_or_isoform_family;exact_test_sequence,A0PJE2
h0000958,test_entry_or_isoform_family,Q9NQ11-3
h0000964,test_accession;test_entry_or_isoform_family;exact_test_sequence,O15382
h0000967,test_accession;test_entry_or_isoform_family;exact_test_sequence,Q7Z4Q2
h0000969,test_accession;test_entry_or_isoform_family;exact_test_sequence,Q9H9B4
h0000970,test_entry_or_isoform_family,P56937-2
h0000971,test_accession;test_entry_or_isoform_family;exact_test_sequence,Q8N0U2
h0000975,test_entry_or_isoform_family,Q96Q07-2
h0000979,test_entry_or_isoform_family,Q9UBL3-3
h0000989,test_accession;test_entry_or_isoform_family;exact_test_sequence,Q9UJT1
h0001012,test_accession;test_entry_or_isoform_family;exact_test_sequence,Q8NDX6
h0001022,test_accession;test_entry_or_isoform_family;exact_test_sequence,O15304
h0001038,test_accession;test_entry_or_isoform_family;exact_test_sequence,P51674
h0001039,test_accession;test_entry_or_isoform_family;exact_test_sequence,P60006
h0001061,test_entry_or_isoform_family,Q7L2E3-3
h0001065,test_accession;test_entry_or_isoform_family;exact_test_sequence,Q7Z3K3
h0001085,test_accession;test_entry_or_isoform_family;exact_test_sequence,Q8N4H5
h0001095,test_accession;test_entry_or_isoform_family;exact_test_sequence,Q8TDT2
h0001105,test_entry_or_isoform_family,Q9Y2N7-4
h0001109,test_accession;test_entry_or_isoform_family;exact_test_sequence,Q9UDV7
h0001111,test_accession;test_entry_or_isoform_family;exact_test_sequence,Q8IZ57
h0001117,test_accession;test_entry_or_isoform_family;exact_test_sequence,Q6IQ32
h0001123,test_accession;test_entry_or_isoform_family;exact_test_sequence,Q9BQS6
h0001129,test_accession;test_entry_or_isoform_family;exact_test_sequence,Q9UBW7
h0001139,test_accession;test_entry_or_isoform_family;exact_test_sequence,Q9Y2Y0
h0001141,test_accession;test_entry_or_isoform_family;exact_test_sequence,O75444
h0001160,test_accession;test_entry_or_isoform_family;exact_test_sequence,Q04656
h0001167,test_accession;test_entry_or_isoform_family;exact_test_sequence,A7XYQ1
h0001182,test_accession;test_entry_or_isoform_family;exact_test_sequence,Q9NSD7
h0001184,test_accession;test_entry_or_isoform_family;exact_test_sequence,O60281
h0001188,test_entry_or_isoform_family,O43541-2
h0001194,test_accession;test_entry_or_isoform_family;exact_test_sequence,P24046
h0001196,test_accession;test_entry_or_isoform_family;exact_test_sequence,Q13520
h0001201,test_accession;test_entry_or_isoform_family;exact_test_sequence,P30989
h0001228,test_accession;test_entry_or_isoform_family;exact_test_sequence,P46092
h0001231,test_accession;test_entry_or_isoform_family;exact_test_sequence,Q9NPI8
h0001233,test_accession;test_entry_or_isoform_family;exact_test_sequence,Q96RY5
h0001235,test_accession;test_entry_or_isoform_family;exact_test_sequence,Q9UBD0
h0001265,test_accession;test_entry_or_isoform_family;exact_test_sequence,P28222
h0001276,test_accession;test_entry_or_isoform_family;exact_test_sequence,Q9Y2R4
h0001299,test_accession;test_entry_or_isoform_family;exact_test_sequence,Q15697
h0001300,test_accession;test_entry_or_isoform_family;exact_test_sequence,Q9H1E5
h0001301,test_accession;test_entry_or_isoform_family;exact_test_sequence,Q9H2W1
h0001304,test_accession;test_entry_or_isoform_family;exact_test_sequence,O94772
h0001309,test_accession;test_entry_or_isoform_family;exact_test_sequence,P49916
h0001312,test_accession;test_entry_or_isoform_family;exact_test_sequence,Q9BXD5
h0001315,test_accession;test_entry_or_isoform_family;exact_test_sequence,Q96PN7
h0001316,test_accession;test_entry_or_isoform_family;exact_test_sequence,P35408
h0001317,test_accession;test_entry_or_isoform_family;exact_test_sequence,P78563
h0001319,test_accession;test_entry_or_isoform_family;exact_test_sequence,Q6IPW1
h0001331,test_accession;test_entry_or_isoform_family;exact_test_sequence,Q10586
h0001346,test_accession;test_entry_or_isoform_family;exact_test_sequence,P30041;V9HWC7
h0001355,test_entry_or_isoform_family,Q9NZC7-5
h0001365,test_accession;test_entry_or_isoform_family;exact_test_sequence,Q9ULV3
h0001366,test_entry_or_isoform_family,Q53EQ6-2
h0001370,test_accession;test_entry_or_isoform_family;exact_test_sequence,Q70YC4
h0001375,test_accession;test_entry_or_isoform_family;exact_test_sequence,Q8N0Z2
h0001386,test_accession;test_entry_or_isoform_family;exact_test_sequence,Q6P9G9
h0001395,test_entry_or_isoform_family,Q9UH92-2
h0001410,test_entry_or_isoform_family,Q8NDX5-3
h0001419,test_accession;test_entry_or_isoform_family;exact_test_sequence,Q8TF39
h0001420,test_accession;test_entry_or_isoform_family;exact_test_sequence,Q5I7T1
h0001425,test_entry_or_isoform_family,Q14202-2
h0001426,test_accession;test_entry_or_isoform_family;exact_test_sequence,Q8TF08
h0001436,test_accession;test_entry_or_isoform_family;exact_test_sequence,P55073
h0001455,test_accession;test_entry_or_isoform_family;exact_test_sequence,P10109
h0001458,test_accession;test_entry_or_isoform_family;exact_test_sequence,Q8N4L1
h0001480,test_entry_or_isoform_family,Q9H2F5-2
h0001483,test_accession;test_entry_or_isoform_family;exact_test_sequence,Q9BXF3
h0001487,test_accession;test_entry_or_isoform_family;exact_test_sequence,Q96P26
h0001489,test_entry_or_isoform_family,Q99081-3
h0001490,test_accession;test_entry_or_isoform_family;exact_test_sequence,Q9H0R8
h0001491,test_entry_or_isoform_family,Q96PN7-4
h0001501,test_accession;test_entry_or_isoform_family;exact_test_sequence,Q8WUU8
h0001503,test_accession;test_entry_or_isoform_family;exact_test_sequence,O15243
h0001504,test_accession;test_entry_or_isoform_family;exact_test_sequence,O75845
h0001524,test_entry_or_isoform_family,Q9UPQ0-3
h0001527,test_accession;test_entry_or_isoform_family;exact_test_sequence,Q86U28
h0001529,test_accession;test_entry_or_isoform_family;exact_test_sequence,Q9P2F9
h0001540,test_entry_or_isoform_family,P60323-2
h0001544,test_accession;test_entry_or_isoform_family;exact_test_sequence,Q9NYU2
h0001546,test_entry_or_isoform_family,Q9NP71-3
h0001551,test_entry_or_isoform_family,Q9BXP5-3
h0001566,test_accession;test_entry_or_isoform_family;exact_test_sequence,Q8N6U8
h0001582,test_entry_or_isoform_family,Q9Y2K1-2
h0001591,test_accession;test_entry_or_isoform_family;exact_test_sequence,Q07326
h0001594,test_accession;test_entry_or_isoform_family;exact_test_sequence,Q9NR33
h0001596,test_accession;test_entry_or_isoform_family;exact_test_sequence,Q8NCC5
h0001598,test_accession;test_entry_or_isoform_family;exact_test_sequence,Q13323
h0001603,test_accession;test_entry_or_isoform_family;exact_test_sequence,Q92982
h0001631,test_entry_or_isoform_family,P17040-3
h0001639,test_accession;test_entry_or_isoform_family,Q6P5X5
h0001646,test_accession;test_entry_or_isoform_family;exact_test_sequence,Q15942
h0001647,test_accession;test_entry_or_isoform_family;exact_test_sequence,O95562
h0001649,test_entry_or_isoform_family,P51809-3
h0001651,test_accession;test_entry_or_isoform_family;exact_test_sequence,Q8WUY1
h0001656,test_accession;test_entry_or_isoform_family;exact_test_sequence,O94953
h0001664,test_accession;test_entry_or_isoform_family;exact_test_sequence,O00624
h0001665,test_accession;test_entry_or_isoform_family;exact_test_sequence,P43681
h0001667,test_accession;test_entry_or_isoform_family;exact_test_sequence,O43325
h0001676,test_accession;test_entry_or_isoform_family;exact_test_sequence,Q9UNL4
h0001679,test_accession;test_entry_or_isoform_family;exact_test_sequence,Q8WWL7
h0001690,test_entry_or_isoform_family,P78396-2
h0001693,test_accession;test_entry_or_isoform_family;exact_test_sequence,Q92610
h0001695,test_accession;test_entry_or_isoform_family;exact_test_sequence,Q9UIL8
h0001703,test_entry_or_isoform_family,Q8TAA9-2
h0001708,test_accession;test_entry_or_isoform_family;exact_test_sequence,P78556
h0001730,test_accession;test_entry_or_isoform_family;exact_test_sequence,Q8N720
h0001731,test_accession;test_entry_or_isoform_family;exact_test_sequence,P07902
h0001739,test_accession;test_entry_or_isoform_family;exact_test_sequence,Q70JA7
h0001741,test_accession;test_entry_or_isoform_family;exact_test_sequence,Q9BZQ6
h0001748,test_accession;test_entry_or_isoform_family;exact_test_sequence,A2A288
h0001752,test_accession;test_entry_or_isoform_family;exact_test_sequence,Q8N895
h0001760,test_accession;test_entry_or_isoform_family;exact_test_sequence,Q96SK2
h0001781,test_accession;test_entry_or_isoform_family;exact_test_sequence,Q53FD0
h0001782,test_accession;test_entry_or_isoform_family;exact_test_sequence,P56645
h0001801,test_accession;test_entry_or_isoform_family;exact_test_sequence,P53634
h0001803,test_accession;test_entry_or_isoform_family;exact_test_sequence,O60676
h0001807,test_accession;test_entry_or_isoform_family;exact_test_sequence,Q8IZ52
h0001822,test_entry_or_isoform_family,Q13838-2
h0001825,test_entry_or_isoform_family,Q8WXA2-2
h0001832,test_accession;test_entry_or_isoform_family;exact_test_sequence,O43290
h0001834,test_entry_or_isoform_family,Q5VYS8-6
h0001841,test_entry_or_isoform_family,Q9XRX5-2
h0001842,test_accession;test_entry_or_isoform_family;exact_test_sequence,Q8N807
h0001852,test_accession;test_entry_or_isoform_family;exact_test_sequence,Q86UZ6
h0001854,test_accession;test_entry_or_isoform_family;exact_test_sequence,Q8WZ60
h0001859,test_entry_or_isoform_family,P04844-2
h0001901,test_accession;test_entry_or_isoform_family;exact_test_sequence,Q96B49
h0001903,test_accession;test_entry_or_isoform_family;exact_test_sequence,Q5T5X7
h0001910,test_accession;test_entry_or_isoform_family;exact_test_sequence,Q14435
h0001911,test_accession;test_entry_or_isoform_family;exact_test_sequence,O00409
h0001914,test_entry_or_isoform_family,Q495W5-2
h0001918,test_accession;test_entry_or_isoform_family;exact_test_sequence,Q5T750
h0001923,test_accession;test_entry_or_isoform_family;exact_test_sequence,O75638
h0001929,test_accession;test_entry_or_isoform_family;exact_test_sequence,P05019
h0001934,test_entry_or_isoform_family,Q9NRM0-2
h0001943,test_accession;test_entry_or_isoform_family;exact_test_sequence,P51797
h0001946,test_accession;test_entry_or_isoform_family;exact_test_sequence,Q24JQ0
h0001951,test_accession;test_entry_or_isoform_family;exact_test_sequence,Q9C086
h0001958,test_accession;test_entry_or_isoform_family;exact_test_sequence,Q9Y2G5
h0001961,test_accession;test_entry_or_isoform_family;exact_test_sequence,Q9BVG9
h0001964,test_accession;test_entry_or_isoform_family;exact_test_sequence,O14530
h0001983,test_entry_or_isoform_family,O95236-2
h0001991,test_entry_or_isoform_family,P10809-2
h0001993,test_accession;test_entry_or_isoform_family;exact_test_sequence,P11684
h0001994,test_accession;test_entry_or_isoform_family;exact_test_sequence,O43173
h0001995,test_accession;test_entry_or_isoform_family;exact_test_sequence,P46094
h0002002,test_accession;test_entry_or_isoform_family;exact_test_sequence,Q03188
h0002007,test_accession;test_entry_or_isoform_family;exact_test_sequence,Q567V2
h0002035,test_accession;test_entry_or_isoform_family;exact_test_sequence,P10073
h0002039,test_accession;test_entry_or_isoform_family;exact_test_sequence,Q14940
h0002044,test_accession;test_entry_or_isoform_family;exact_test_sequence,Q9Y2D1
h0002048,test_accession;test_entry_or_isoform_family,P57071
h0002049,test_accession;test_entry_or_isoform_family;exact_test_sequence,Q15916
h0002052,test_entry_or_isoform_family,Q02153-2
h0002054,test_entry_or_isoform_family,P49916-3
h0002058,test_accession;test_entry_or_isoform_family;exact_test_sequence,Q9UK53
h0002070,test_accession;test_entry_or_isoform_family;exact_test_sequence,P59797
h0002076,test_entry_or_isoform_family,Q7Z4V5-2
h0002081,test_accession;test_entry_or_isoform_family;exact_test_sequence,Q9H6K4
h0002083,test_accession;test_entry_or_isoform_family;exact_test_sequence,P17987
h0002105,test_accession;test_entry_or_isoform_family;exact_test_sequence,P16152
h0002120,test_entry_or_isoform_family,Q66K41-2
h0002135,test_accession;test_entry_or_isoform_family;exact_test_sequence,Q9NWS9
h0002140,test_accession;test_entry_or_isoform_family;exact_test_sequence,P62701
h0002152,test_accession;test_entry_or_isoform_family;exact_test_sequence,Q96G91
h0002154,test_entry_or_isoform_family,Q8TDX5-2
h0002168,test_accession;test_entry_or_isoform_family;exact_test_sequence,P13667
h0002172,test_accession;test_entry_or_isoform_family;exact_test_sequence,Q9C0G0
h0002174,test_accession;test_entry_or_isoform_family;exact_test_sequence,P56385
h0002186,test_accession;test_entry_or_isoform_family;exact_test_sequence,P60983
h0002189,test_accession;test_entry_or_isoform_family;exact_test_sequence,O14639
h0002191,test_accession;test_entry_or_isoform_family;exact_test_sequence,O43488
h0002212,test_entry_or_isoform_family,O95199-2
h0002223,test_accession;test_entry_or_isoform_family;exact_test_sequence,P46063
h0002228,test_accession;test_entry_or_isoform_family;exact_test_sequence,Q8N123
h0002230,test_accession;test_entry_or_isoform_family;exact_test_sequence,Q32M45
h0002236,test_accession;test_entry_or_isoform_family,Q7RTU5
h0002237,test_accession;test_entry_or_isoform_family;exact_test_sequence,A4D2B0
h0002241,test_accession;test_entry_or_isoform_family;exact_test_sequence,P31150
h0002246,test_accession;test_entry_or_isoform_family;exact_test_sequence,P54278
h0002284,test_accession;test_entry_or_isoform_family;exact_test_sequence,Q9HB58
h0002296,test_entry_or_isoform_family,Q6ZQW0-2
h0002300,test_accession;test_entry_or_isoform_family;exact_test_sequence,Q16762
h0002311,test_entry_or_isoform_family,O43759-2
h0002330,test_entry_or_isoform_family,Q8N2R0-2
h0002333,test_accession;test_entry_or_isoform_family;exact_test_sequence,O60762
h0002351,test_entry_or_isoform_family,Q9Y5K5-3
h0002352,test_entry_or_isoform_family,Q16619-2
h0002359,test_accession;test_entry_or_isoform_family;exact_test_sequence,Q53H47
h0002360,test_accession;test_entry_or_isoform_family;exact_test_sequence,Q8IYB8
h0002364,test_accession;test_entry_or_isoform_family;exact_test_sequence,Q9NP71
h0002368,test_accession;test_entry_or_isoform_family;exact_test_sequence,Q92794
h0002372,test_accession;test_entry_or_isoform_family;exact_test_sequence,Q9NPR9
h0002378,test_entry_or_isoform_family,Q13428-2
h0002390,test_accession;test_entry_or_isoform_family;exact_test_sequence,O15403
h0002422,test_entry_or_isoform_family,Q8IXB1-3
h0002435,test_accession;test_entry_or_isoform_family;exact_test_sequence,P53539
h0002442,test_accession;test_entry_or_isoform_family;exact_test_sequence,P02730
h0002451,test_accession;test_entry_or_isoform_family;exact_test_sequence,P55789
h0002459,test_entry_or_isoform_family,Q8N6U8-4
h0002462,test_accession;test_entry_or_isoform_family;exact_test_sequence,Q9BZ95
h0002467,test_accession;test_entry_or_isoform_family;exact_test_sequence,P40305
h0002468,test_accession;test_entry_or_isoform_family;exact_test_sequence,Q16514
h0002485,test_accession;test_entry_or_isoform_family;exact_test_sequence,Q9H0M4
h0002486,test_accession;test_entry_or_isoform_family;exact_test_sequence,Q96LB9
h0002487,test_accession;test_entry_or_isoform_family;exact_test_sequence,Q15633
h0002494,test_entry_or_isoform_family,P49450-2
h0002495,test_accession;test_entry_or_isoform_family;exact_test_sequence,Q8IWS0
h0002497,test_accession;test_entry_or_isoform_family;exact_test_sequence,Q9H8H0
h0002514,test_accession;test_entry_or_isoform_family;exact_test_sequence,Q7L622
h0002523,test_entry_or_isoform_family,Q16775-2
h0002537,test_entry_or_isoform_family,Q13330-2
h0002562,test_entry_or_isoform_family,Q9BT76-2
h0002570,test_accession;test_entry_or_isoform_family;exact_test_sequence,P63241
h0002571,test_accession;test_entry_or_isoform_family;exact_test_sequence,P48169
h0002576,test_entry_or_isoform_family,Q9NPQ8-2
h0002582,test_accession;test_entry_or_isoform_family;exact_test_sequence,Q9HCE9
h0002585,test_accession;test_entry_or_isoform_family;exact_test_sequence,Q9H5V7
h0002591,test_accession;test_entry_or_isoform_family;exact_test_sequence,Q8NEB9
h0002593,test_accession;test_entry_or_isoform_family;exact_test_sequence,Q96BF6
h0002595,test_entry_or_isoform_family,Q8IWV8-2
h0002600,test_entry_or_isoform_family,O95936-4
h0002602,test_accession;test_entry_or_isoform_family;exact_test_sequence,O60220
h0002612,test_accession;test_entry_or_isoform_family;exact_test_sequence,Q16581
h0002613,test_accession;test_entry_or_isoform_family;exact_test_sequence,Q12872
h0002614,test_entry_or_isoform_family,Q13061-3
h0002615,test_accession;test_entry_or_isoform_family;exact_test_sequence,Q13113
h0002632,test_entry_or_isoform_family,O75379-2
h0002633,test_accession;test_entry_or_isoform_family;exact_test_sequence,Q8IV31
h0002641,test_accession;test_entry_or_isoform_family;exact_test_sequence,P49069
h0002651,test_accession;test_entry_or_isoform_family,P08588
h0002654,test_accession;test_entry_or_isoform_family;exact_test_sequence,Q8IZ40
h0002663,test_accession;test_entry_or_isoform_family;exact_test_sequence,Q96QU8
h0002666,test_accession;test_entry_or_isoform_family;exact_test_sequence,Q8N661
h0002677,test_accession;test_entry_or_isoform_family;exact_test_sequence,P22234
h0002682,test_entry_or_isoform_family,Q12830-2
h0002695,test_accession;test_entry_or_isoform_family;exact_test_sequence,O15446
h0002697,test_accession;test_entry_or_isoform_family;exact_test_sequence,Q8TAD4
h0002711,test_accession;test_entry_or_isoform_family;exact_test_sequence,Q9UIG0
h0002722,test_entry_or_isoform_family,Q16881-2
h0002723,test_accession;test_entry_or_isoform_family;exact_test_sequence,Q92620
h0002728,test_accession;test_entry_or_isoform_family;exact_test_sequence,O76082
h0002730,test_accession;test_entry_or_isoform_family;exact_test_sequence,P53674
h0002741,test_accession;test_entry_or_isoform_family;exact_test_sequence,Q8NFD5
h0002761,test_accession;test_entry_or_isoform_family;exact_test_sequence,Q14728
h0002771,test_accession;test_entry_or_isoform_family;exact_test_sequence,Q86WC4
h0002814,test_accession;test_entry_or_isoform_family;exact_test_sequence,P05814;W5RWE1
h0002820,test_accession;test_entry_or_isoform_family;exact_test_sequence,Q99684
h0002821,test_accession;test_entry_or_isoform_family;exact_test_sequence,Q9BTP7
h0002826,test_accession;test_entry_or_isoform_family;exact_test_sequence,Q9Y316
h0002844,test_accession;test_entry_or_isoform_family;exact_test_sequence,Q8N4W6
h0002889,test_accession;test_entry_or_isoform_family;exact_test_sequence,Q9Y2T7
h0002890,test_entry_or_isoform_family,Q9BSG5-2
h0002904,test_accession;test_entry_or_isoform_family;exact_test_sequence,Q92979
h0002905,test_accession;test_entry_or_isoform_family;exact_test_sequence,O75362
h0002907,test_accession;test_entry_or_isoform_family;exact_test_sequence,Q8IWI9
h0002918,test_accession;test_entry_or_isoform_family;exact_test_sequence,Q96D98
h0002928,test_accession;test_entry_or_isoform_family;exact_test_sequence,Q9NVP1
h0002961,test_accession;test_entry_or_isoform_family;exact_test_sequence,O14497
h0002967,test_accession;test_entry_or_isoform_family;exact_test_sequence,P84157
h0002969,test_accession;test_entry_or_isoform_family;exact_test_sequence,Q6Y2X3
h0002984,test_accession;test_entry_or_isoform_family;exact_test_sequence,Q9GZR5
h0002991,test_accession;test_entry_or_isoform_family;exact_test_sequence,P23025
h0003005,test_entry_or_isoform_family,P18510-2
h0003021,test_accession;test_entry_or_isoform_family;exact_test_sequence,Q8N543
h0003029,test_entry_or_isoform_family,Q96HJ3-2
h0003038,test_accession;test_entry_or_isoform_family;exact_test_sequence,O43889
h0003043,test_accession;test_entry_or_isoform_family;exact_test_sequence,Q6ZUI0
h0003060,test_entry_or_isoform_family,Q567V2-2
h0003063,test_accession;test_entry_or_isoform_family;exact_test_sequence,Q9UK58
h0003081,test_accession;test_entry_or_isoform_family;exact_test_sequence,Q4VC12
h0003097,test_accession;test_entry_or_isoform_family;exact_test_sequence,Q9NUN5
h0003101,test_accession;test_entry_or_isoform_family;exact_test_sequence,P35754
h0003105,test_accession;test_entry_or_isoform_family;exact_test_sequence,Q9NWH2
h0003119,test_accession;test_entry_or_isoform_family;exact_test_sequence,Q6SPF0
h0003124,test_accession;test_entry_or_isoform_family;exact_test_sequence,Q5T2D3
h0003143,test_entry_or_isoform_family,P01042-2
h0003148,test_accession;test_entry_or_isoform_family;exact_test_sequence,P21583
h0003149,test_accession;test_entry_or_isoform_family;exact_test_sequence,P32245
h0003156,test_accession;test_entry_or_isoform_family;exact_test_sequence,Q9H8G2
h0003160,test_accession;test_entry_or_isoform_family;exact_test_sequence,O75594
h0003161,test_accession;test_entry_or_isoform_family;exact_test_sequence,Q9NUS5
h0003170,test_accession;test_entry_or_isoform_family;exact_test_sequence,Q9NS18
h0003181,test_accession;test_entry_or_isoform_family;exact_test_sequence,Q9GZU2
h0003183,test_accession;test_entry_or_isoform_family;exact_test_sequence,Q8TB61
h0003195,test_entry_or_isoform_family,O75541-2
h0003200,test_accession;test_entry_or_isoform_family;exact_test_sequence,Q8N490
h0003208,test_accession;test_entry_or_isoform_family;exact_test_sequence,O00391
h0003211,test_accession;test_entry_or_isoform_family;exact_test_sequence,O75953
h0003219,test_accession;test_entry_or_isoform_family;exact_test_sequence,P25686
h0003231,test_entry_or_isoform_family,P38117-2
h0003232,test_accession;test_entry_or_isoform_family;exact_test_sequence,P35520
h0003242,test_accession;test_entry_or_isoform_family;exact_test_sequence,Q14562
h0003245,test_accession;test_entry_or_isoform_family;exact_test_sequence,P02686
h0003257,test_accession;test_entry_or_isoform_family;exact_test_sequence,P54274
h0003264,test_entry_or_isoform_family,Q15084-2
h0003270,test_accession;test_entry_or_isoform_family;exact_test_sequence,P55000
h0003274,test_accession;test_entry_or_isoform_family;exact_test_sequence,Q16594
h0003298,test_accession;test_entry_or_isoform_family;exact_test_sequence,Q96E35
h0003301,test_accession;test_entry_or_isoform_family;exact_test_sequence,Q9UBP5
h0003302,test_accession;test_entry_or_isoform_family;exact_test_sequence,Q9GZN0
h0003303,test_accession;test_entry_or_isoform_family;exact_test_sequence,Q96C55
h0003305,test_accession;test_entry_or_isoform_family;exact_test_sequence,Q8TAM1
h0003315,test_accession;test_entry_or_isoform_family;exact_test_sequence,Q9NV96
h0003325,test_entry_or_isoform_family,P55265-2
h0003332,test_accession;test_entry_or_isoform_family;exact_test_sequence,Q9H609
h0003335,test_accession;test_entry_or_isoform_family,Q9NX05
h0003347,test_accession;test_entry_or_isoform_family;exact_test_sequence,A1L429
h0003348,test_accession;test_entry_or_isoform_family;exact_test_sequence,Q5VV17
h0003366,test_accession;test_entry_or_isoform_family;exact_test_sequence,Q8TD22
h0003387,test_accession;test_entry_or_isoform_family;exact_test_sequence,Q96B54
h0003396,test_accession;test_entry_or_isoform_family;exact_test_sequence,P09001
h0003402,test_accession;test_entry_or_isoform_family;exact_test_sequence,Q86V15
h0003403,test_accession;test_entry_or_isoform_family;exact_test_sequence,P39748;Q6FHX6
h0003409,test_entry_or_isoform_family,Q3V5L5-2
h0003432,test_accession;test_entry_or_isoform_family;exact_test_sequence,O75251
h0003455,test_accession;test_entry_or_isoform_family;exact_test_sequence,O95243
h0003474,test_entry_or_isoform_family,Q96JF0-2
h0003475,test_accession;test_entry_or_isoform_family;exact_test_sequence,Q9UMR3
h0003482,test_accession;test_entry_or_isoform_family;exact_test_sequence,Q9HB03
h0003489,test_entry_or_isoform_family,P43088-2
h0003498,test_entry_or_isoform_family,Q93100-4
h0003501,test_accession;test_entry_or_isoform_family;exact_test_sequence,Q9Y6K0
h0003503,test_accession;test_entry_or_isoform_family;exact_test_sequence,P56937
h0003504,test_accession;test_entry_or_isoform_family;exact_test_sequence,Q8NBB4
h0003508,test_entry_or_isoform_family,Q9Y692-2
h0003510,test_accession;test_entry_or_isoform_family;exact_test_sequence,Q96JQ5
h0003514,test_accession;test_entry_or_isoform_family;exact_test_sequence,P35268
h0003523,test_accession;test_entry_or_isoform_family;exact_test_sequence,Q8N344
h0003528,test_accession;test_entry_or_isoform_family;exact_test_sequence,Q04837
h0003535,test_accession;test_entry_or_isoform_family;exact_test_sequence,O95455
h0003562,test_entry_or_isoform_family,Q9Y450-2
h0003575,test_accession;test_entry_or_isoform_family;exact_test_sequence,Q8N8Z8
h0003588,test_entry_or_isoform_family,Q9Y5P6-2
h0003595,test_accession;test_entry_or_isoform_family;exact_test_sequence,P52739
h0003601,test_entry_or_isoform_family,Q66PJ3-4
h0003607,test_accession;test_entry_or_isoform_family;exact_test_sequence,Q9H116
h0003612,test_entry_or_isoform_family,Q9NVD3-4
h0003613,test_accession;test_entry_or_isoform_family;exact_test_sequence,Q9UI30
h0003615,test_accession;test_entry_or_isoform_family;exact_test_sequence,Q6ZNB6
h0003618,test_accession;test_entry_or_isoform_family;exact_test_sequence,P26678
h0003621,test_accession;test_entry_or_isoform_family;exact_test_sequence,Q9P1U0
h0003639,test_entry_or_isoform_family,Q9Y226-2
h0003648,test_entry_or_isoform_family,O75112-6
h0003667,test_entry_or_isoform_family,P49023-4
h0003683,test_accession;test_entry_or_isoform_family;exact_test_sequence,Q96EB1
h0003685,test_accession;test_entry_or_isoform_family;exact_test_sequence,A1L3Z9;Q2TAL8
h0003695,test_accession;test_entry_or_isoform_family;exact_test_sequence,Q6W5P4
h0003696,test_accession;test_entry_or_isoform_family;exact_test_sequence,Q96JM2
h0003702,test_entry_or_isoform_family,P54278-2
h0003717,test_accession;test_entry_or_isoform_family;exact_test_sequence,P23528
h0003724,test_accession;test_entry_or_isoform_family;exact_test_sequence,Q9H6H4
h0003726,test_accession;test_entry_or_isoform_family;exact_test_sequence,Q9H6X4
h0003727,test_accession;test_entry_or_isoform_family;exact_test_sequence,P04155
h0003728,test_accession;test_entry_or_isoform_family;exact_test_sequence,P30044
h0003732,test_accession;test_entry_or_isoform_family;exact_test_sequence,Q86XD5
h0003737,test_accession;test_entry_or_isoform_family;exact_test_sequence,Q86YF9
h0003749,test_accession;test_entry_or_isoform_family,P60372
h0003753,test_entry_or_isoform_family,P18583-10
h0003754,test_accession;test_entry_or_isoform_family;exact_test_sequence,Q9Y4X3
h0003768,test_entry_or_isoform_family,O75398-3
h0003770,test_accession;test_entry_or_isoform_family;exact_test_sequence,Q9P0S2
h0003775,test_accession;test_entry_or_isoform_family;exact_test_sequence,Q8TDZ2
h0003776,test_accession;test_entry_or_isoform_family;exact_test_sequence,Q9Y2G3
h0003780,test_accession;test_entry_or_isoform_family;exact_test_sequence,Q7Z3Z3
h0003793,test_accession;test_entry_or_isoform_family;exact_test_sequence,Q5VVX9
h0003794,test_accession;test_entry_or_isoform_family;exact_test_sequence,A6H8Y1
h0003796,test_entry_or_isoform_family,Q9Y6M7-13
h0003813,test_accession;test_entry_or_isoform_family;exact_test_sequence,Q9Y6E7
h0003819,test_entry_or_isoform_family,Q6NXT6-2
h0003823,test_entry_or_isoform_family,Q96AT9-2
h0003829,test_accession;test_entry_or_isoform_family;exact_test_sequence,Q13118
h0003834,test_accession;test_entry_or_isoform_family;exact_test_sequence,O75683
h0003840,test_accession;test_entry_or_isoform_family;exact_test_sequence,A6NFI3
h0003842,test_accession;test_entry_or_isoform_family;exact_test_sequence,Q53HV7
h0003843,test_accession;test_entry_or_isoform_family,Q8NHH1
h0003850,test_accession;test_entry_or_isoform_family;exact_test_sequence,Q9BQW3
h0003854,test_accession;test_entry_or_isoform_family;exact_test_sequence,Q9GZU3
h0003859,test_accession;test_entry_or_isoform_family;exact_test_sequence,Q99612
h0003869,test_accession;test_entry_or_isoform_family;exact_test_sequence,Q3YBM2
h0003880,test_accession;test_entry_or_isoform_family;exact_test_sequence,Q16619
h0003885,test_accession;test_entry_or_isoform_family;exact_test_sequence,P00156
h0003891,test_accession;test_entry_or_isoform_family;exact_test_sequence,D9IAI1;P30086
h0003898,test_entry_or_isoform_family,Q92845-2
h0003930,test_accession;test_entry_or_isoform_family;exact_test_sequence,Q13642
h0003931,test_accession;test_entry_or_isoform_family;exact_test_sequence,Q96IQ9
h0003936,test_accession;test_entry_or_isoform_family;exact_test_sequence,Q9NVU7
h0003947,test_entry_or_isoform_family,O95793-2
h0003949,test_accession;test_entry_or_isoform_family;exact_test_sequence,Q9P2N7
h0003951,test_entry_or_isoform_family,P07101-3
h0003962,test_accession;test_entry_or_isoform_family;exact_test_sequence,Q5TC79
h0003979,test_accession;test_entry_or_isoform_family;exact_test_sequence,Q8N7P3
h0003982,test_accession;test_entry_or_isoform_family,Q5XG87
h0003985,test_entry_or_isoform_family,Q8N5C7-2
h0003986,test_accession;test_entry_or_isoform_family;exact_test_sequence,Q96ER3
h0003987,test_accession;test_entry_or_isoform_family;exact_test_sequence,O43653
h0003990,test_entry_or_isoform_family,P35610-2
h0003995,test_accession;test_entry_or_isoform_family;exact_test_sequence,Q8WWI5
h0004000,test_entry_or_isoform_family,Q9BYN7-2
h0004001,test_accession;test_entry_or_isoform_family;exact_test_sequence,Q9P0U4
h0004002,test_entry_or_isoform_family,Q15047-2
h0004004,test_accession;test_entry_or_isoform_family;exact_test_sequence,Q6YN16
h0004007,test_accession;test_entry_or_isoform_family;exact_test_sequence,A0A024R3X4;P10809
h0004028,test_entry_or_isoform_family,Q14722-2
h0004031,test_accession;test_entry_or_isoform_family;exact_test_sequence,Q99732
h0004040,test_accession;test_entry_or_isoform_family;exact_test_sequence,P15954
h0004047,test_accession;test_entry_or_isoform_family;exact_test_sequence,P85037
h0004048,test_accession;test_entry_or_isoform_family;exact_test_sequence,Q92793
h0004050,test_accession;test_entry_or_isoform_family;exact_test_sequence,P54845
h0004052,test_accession;test_entry_or_isoform_family;exact_test_sequence,Q96KR1
h0004055,test_accession;test_entry_or_isoform_family;exact_test_sequence,Q8IZU0
h0004056,test_accession;test_entry_or_isoform_family;exact_test_sequence,Q10471
h0004057,test_accession;test_entry_or_isoform_family;exact_test_sequence,Q86T24
h0004058,test_accession;test_entry_or_isoform_family;exact_test_sequence,Q9UBB9
h0004064,test_accession;test_entry_or_isoform_family;exact_test_sequence,Q9NQR9
h0004070,test_accession;test_entry_or_isoform_family;exact_test_sequence,Q15042
h0004079,test_accession;test_entry_or_isoform_family;exact_test_sequence,P23560
h0004081,test_accession;test_entry_or_isoform_family;exact_test_sequence,O60268
h0004083,test_accession;test_entry_or_isoform_family;exact_test_sequence,P15172
h0004096,test_accession;test_entry_or_isoform_family;exact_test_sequence,Q99677
h0004099,test_entry_or_isoform_family,Q92993-3
h0004101,test_accession;test_entry_or_isoform_family;exact_test_sequence,Q96S59
h0004105,test_accession;test_entry_or_isoform_family;exact_test_sequence,P36956
h0004121,test_accession;test_entry_or_isoform_family;exact_test_sequence,P00491
h0004132,test_accession;test_entry_or_isoform_family;exact_test_sequence,P23763
h0004133,test_accession;test_entry_or_isoform_family;exact_test_sequence,A2VCK2
h0004135,test_accession;test_entry_or_isoform_family;exact_test_sequence,Q9H8M2
h0004145,test_accession;test_entry_or_isoform_family;exact_test_sequence,Q68CP9
h0004149,test_accession;test_entry_or_isoform_family;exact_test_sequence,Q6P4A7
h0004165,test_accession;test_entry_or_isoform_family;exact_test_sequence,Q9BWQ6
h0004167,test_accession;test_entry_or_isoform_family;exact_test_sequence,Q6L9W6
h0004171,test_accession;test_entry_or_isoform_family;exact_test_sequence,Q9NRH3
h0004173,test_entry_or_isoform_family,Q9UQ84-4
h0004178,test_accession;test_entry_or_isoform_family;exact_test_sequence,Q9UHV8
h0004181,test_entry_or_isoform_family,Q6UWN0-2
h0004182,test_accession;test_entry_or_isoform_family;exact_test_sequence,Q96C28
h0004185,test_accession;test_entry_or_isoform_family;exact_test_sequence,Q9Y274
h0004186,test_accession;test_entry_or_isoform_family;exact_test_sequence,Q9UHI6
h0004187,test_accession;test_entry_or_isoform_family;exact_test_sequence,P06744
h0004190,test_accession;test_entry_or_isoform_family;exact_test_sequence,Q9UDW1
h0004194,test_accession;test_entry_or_isoform_family;exact_test_sequence,O75911
h0004204,test_entry_or_isoform_family,Q8IWV8-4
h0004209,test_accession;test_entry_or_isoform_family;exact_test_sequence,Q9UPW5
h0004218,test_accession;test_entry_or_isoform_family;exact_test_sequence,Q96NA2
h0004223,test_accession;test_entry_or_isoform_family;exact_test_sequence,Q9Y6B7
h0004226,test_accession;test_entry_or_isoform_family;exact_test_sequence,Q7RTS3
h0004240,test_accession;test_entry_or_isoform_family;exact_test_sequence,Q9P1F3
h0004257,test_entry_or_isoform_family,Q53GG5-2
h0004259,test_entry_or_isoform_family,Q8NAC3-2
h0004263,test_accession;test_entry_or_isoform_family;exact_test_sequence,P15173
h0004268,test_accession;test_entry_or_isoform_family;exact_test_sequence,Q8N2M4
h0004269,test_accession;test_entry_or_isoform_family;exact_test_sequence,P98182
h0004270,test_accession;test_entry_or_isoform_family;exact_test_sequence,Q96HH4
h0004274,test_accession;test_entry_or_isoform_family;exact_test_sequence,O94777
h0004275,test_entry_or_isoform_family,Q3B8N2-2
h0004277,test_accession;test_entry_or_isoform_family;exact_test_sequence,P83876
h0004282,test_accession;test_entry_or_isoform_family;exact_test_sequence,Q8TDV0
h0004284,test_accession;test_entry_or_isoform_family;exact_test_sequence,Q99742
h0004290,test_accession;test_entry_or_isoform_family;exact_test_sequence,Q6P1K1
h0004291,test_accession;test_entry_or_isoform_family;exact_test_sequence,Q3KQV3
h0004307,test_entry_or_isoform_family,Q9UHB6-3
h0004308,test_entry_or_isoform_family,Q9UNP4-2
h0004315,test_accession;test_entry_or_isoform_family;exact_test_sequence,A6NKN8
h0004326,test_entry_or_isoform_family,Q9NUN5-2
h0004328,test_accession;test_entry_or_isoform_family,A0A384ME17;P49411
h0004340,test_accession;test_entry_or_isoform_family;exact_test_sequence,Q6IB77
h0004342,test_accession;test_entry_or_isoform_family;exact_test_sequence,Q2TAP0
h0004347,test_accession;test_entry_or_isoform_family;exact_test_sequence,Q9UI09
h0004349,test_accession;test_entry_or_isoform_family;exact_test_sequence,Q6JEL2
h0004351,test_accession;test_entry_or_isoform_family;exact_test_sequence,Q96JA4
h0004364,test_accession;test_entry_or_isoform_family;exact_test_sequence,Q9Y5V0
h0004373,test_accession;test_entry_or_isoform_family;exact_test_sequence,Q1KMD3
h0004379,test_entry_or_isoform_family,Q9NWS9-2
h0004384,test_accession;test_entry_or_isoform_family;exact_test_sequence,Q96EC8
h0004391,test_entry_or_isoform_family,P78563-4
h0004403,test_accession;test_entry_or_isoform_family;exact_test_sequence,O00487
h0004406,test_entry_or_isoform_family,P54278-4
h0004408,test_accession;test_entry_or_isoform_family;exact_test_sequence,P0CJ78
h0004414,test_accession;test_entry_or_isoform_family;exact_test_sequence,Q05952;Q4VB56
h0004419,test_accession;test_entry_or_isoform_family;exact_test_sequence,Q6PIZ9
h0004420,test_accession;test_entry_or_isoform_family;exact_test_sequence,O14717
h0004421,test_entry_or_isoform_family,P54274-2
h0004427,test_accession;test_entry_or_isoform_family;exact_test_sequence,P48651
h0004438,test_entry_or_isoform_family,O95436-2
h0004443,test_entry_or_isoform_family,Q7L5L3-1
h0004444,test_accession;test_entry_or_isoform_family;exact_test_sequence,P52434
h0004445,test_accession;test_entry_or_isoform_family;exact_test_sequence,P30408
h0004467,test_entry_or_isoform_family,Q9P0K8-2
h0004472,test_accession;test_entry_or_isoform_family;exact_test_sequence,O75170
h0004482,test_accession;test_entry_or_isoform_family;exact_test_sequence,Q9Y421
h0004483,test_accession;test_entry_or_isoform_family;exact_test_sequence,Q9BUK6
h0004486,test_accession;test_entry_or_isoform_family;exact_test_sequence,P58499
h0004487,test_entry_or_isoform_family,Q16222-3
h0004496,test_accession;test_entry_or_isoform_family;exact_test_sequence,P62280
h0004510,test_accession;test_entry_or_isoform_family;exact_test_sequence,Q9BY14
h0004513,test_accession;test_entry_or_isoform_family;exact_test_sequence,Q96SL1
h0004515,test_accession;test_entry_or_isoform_family;exact_test_sequence,Q16134
h0004518,test_entry_or_isoform_family,Q5T7W0-2
h0004522,test_accession;test_entry_or_isoform_family;exact_test_sequence,P25490
h0004524,test_accession;test_entry_or_isoform_family;exact_test_sequence,A2VDF0
h0004534,test_accession;test_entry_or_isoform_family;exact_test_sequence,Q9H299
h0004537,test_accession;test_entry_or_isoform_family;exact_test_sequence,Q9Y3I1
h0004544,test_accession;test_entry_or_isoform_family;exact_test_sequence,Q14147
h0004548,test_entry_or_isoform_family,Q8N4S7-2
h0004552,test_accession;test_entry_or_isoform_family;exact_test_sequence,Q96CH1
h0004558,test_accession;test_entry_or_isoform_family;exact_test_sequence,P62750
h0004562,test_accession;test_entry_or_isoform_family;exact_test_sequence,Q9BVL4
h0004573,test_entry_or_isoform_family,Q7L7V1-2
h0004578,test_accession;test_entry_or_isoform_family;exact_test_sequence,O14843
h0004585,test_entry_or_isoform_family,Q86XP3-2
h0004595,test_accession;test_entry_or_isoform_family;exact_test_sequence,Q8WXX5
h0004600,test_entry_or_isoform_family,Q8WYA1-9
h0004601,test_accession;test_entry_or_isoform_family;exact_test_sequence,A6NFY7
h0004603,test_entry_or_isoform_family,P51790-2
h0004617,test_accession;test_entry_or_isoform_family;exact_test_sequence,Q15041
h0004623,test_accession;test_entry_or_isoform_family;exact_test_sequence,P28223
h0004631,test_accession;test_entry_or_isoform_family;exact_test_sequence,Q8NAT2
h0004633,test_entry_or_isoform_family,Q8TB92-2
h0004636,test_accession;test_entry_or_isoform_family;exact_test_sequence,P50479
h0004638,test_entry_or_isoform_family,Q93063-2
h0004639,test_accession;test_entry_or_isoform_family;exact_test_sequence,Q9NV70
h0004648,test_accession;test_entry_or_isoform_family;exact_test_sequence,Q8N653
h0004663,test_accession;test_entry_or_isoform_family;exact_test_sequence,Q99726
h0004667,test_accession;test_entry_or_isoform_family;exact_test_sequence,Q9H300
h0004670,test_accession;test_entry_or_isoform_family;exact_test_sequence,P07305
h0004672,test_accession;test_entry_or_isoform_family;exact_test_sequence,P14061
h0004679,test_accession;test_entry_or_isoform_family;exact_test_sequence,Q9BYC9
h0004681,test_entry_or_isoform_family,Q96EY1-2
h0004693,test_accession;test_entry_or_isoform_family;exact_test_sequence,Q9ULX9
h0004694,test_entry_or_isoform_family,Q8WUW1-2
h0004703,test_accession;test_entry_or_isoform_family;exact_test_sequence,Q8WU43
h0004708,test_entry_or_isoform_family,P50539-3
h0004727,test_accession;test_entry_or_isoform_family;exact_test_sequence,P32239
h0004733,test_accession;test_entry_or_isoform_family;exact_test_sequence,Q9UHL9
h0004765,test_accession;test_entry_or_isoform_family;exact_test_sequence,Q9BV94
h0004768,test_accession;test_entry_or_isoform_family;exact_test_sequence,P07741
h0004771,test_accession;test_entry_or_isoform_family;exact_test_sequence,Q9UIF8
h0004773,test_accession;test_entry_or_isoform_family;exact_test_sequence,O75626
h0004774,test_entry_or_isoform_family,Q8NCW6-2
h0004779,test_entry_or_isoform_family,Q6IB77-2
h0004781,test_entry_or_isoform_family,Q16587-2
h0004785,test_entry_or_isoform_family,Q8IXB1-2
h0004792,test_entry_or_isoform_family,Q9NWS0-2
h0004822,test_accession;test_entry_or_isoform_family;exact_test_sequence,Q14202
h0004827,test_entry_or_isoform_family,P25686-2
h0004830,test_accession;test_entry_or_isoform_family,Q8WUG5
h0004842,test_accession;test_entry_or_isoform_family;exact_test_sequence,Q96HR3
h0004850,test_accession;test_entry_or_isoform_family;exact_test_sequence,Q8N3S3
h0004855,test_accession;test_entry_or_isoform_family,Q6ZQW0
h0004862,test_entry_or_isoform_family,O94851-2
h0004867,test_accession;test_entry_or_isoform_family;exact_test_sequence,P51164
h0004880,test_accession;test_entry_or_isoform_family;exact_test_sequence,O43674
h0004888,test_accession;test_entry_or_isoform_family;exact_test_sequence,P62424
h0004899,test_accession;test_entry_or_isoform_family;exact_test_sequence,Q7L2E3
h0004912,test_entry_or_isoform_family,Q9UKP3-2
h0004916,test_accession;test_entry_or_isoform_family;exact_test_sequence,Q6NZ67
h0004920,test_accession;test_entry_or_isoform_family;exact_test_sequence,O60312
h0004940,test_entry_or_isoform_family,Q9NQV6-1
h0004943,test_accession;test_entry_or_isoform_family;exact_test_sequence,Q96EE4
h0004946,test_accession;test_entry_or_isoform_family;exact_test_sequence,Q96D03
h0004953,test_accession;test_entry_or_isoform_family;exact_test_sequence,P68036
h0004960,test_entry_or_isoform_family,Q58DX5-2
h0004973,test_accession;test_entry_or_isoform_family;exact_test_sequence,O00762;Q5TZN3
h0004976,test_accession;test_entry_or_isoform_family;exact_test_sequence,Q92618
h0004977,test_accession;test_entry_or_isoform_family;exact_test_sequence,Q96SF2
h0004983,test_accession;test_entry_or_isoform_family;exact_test_sequence,Q9H8U3
h0004993,test_entry_or_isoform_family,Q5T4S7-3
h0005000,test_accession;test_entry_or_isoform_family;exact_test_sequence,Q70SY1
h0005004,test_accession;test_entry_or_isoform_family;exact_test_sequence,Q9NRX4
h0005015,test_accession;test_entry_or_isoform_family;exact_test_sequence,Q8NB12
h0005020,test_accession;test_entry_or_isoform_family;exact_test_sequence,P48507
h0005032,test_accession;test_entry_or_isoform_family;exact_test_sequence,Q3SYA9
h0005039,test_accession;test_entry_or_isoform_family;exact_test_sequence,Q5SXM8
h0005041,test_entry_or_isoform_family,Q8NBB4-2
h0005042,test_accession;test_entry_or_isoform_family;exact_test_sequence,Q9NU63
h0005063,test_entry_or_isoform_family,Q9Y2Z2-4
h0005076,test_accession;test_entry_or_isoform_family;exact_test_sequence,Q7L014
h0005077,test_accession;test_entry_or_isoform_family;exact_test_sequence,Q14686
h0005081,test_accession;test_entry_or_isoform_family;exact_test_sequence,Q8N8G2
h0005082,test_entry_or_isoform_family,Q6ZRI6-2
h0005086,test_accession;test_entry_or_isoform_family;exact_test_sequence,Q8TCW9
h0005098,test_accession;test_entry_or_isoform_family;exact_test_sequence,Q96L73
h0005105,test_accession;test_entry_or_isoform_family;exact_test_sequence,A0A024R0L6;Q15102
h0005110,test_entry_or_isoform_family,Q96JY6-3
h0005111,test_accession;test_entry_or_isoform_family;exact_test_sequence,Q14592
h0005114,test_accession;test_entry_or_isoform_family;exact_test_sequence,Q6UWN5
h0005115,test_accession;test_entry_or_isoform_family;exact_test_sequence,Q96J42
h0005123,test_accession;test_entry_or_isoform_family;exact_test_sequence,O95183
h0005139,test_entry_or_isoform_family,Q9UPQ0-9
h0005141,test_entry_or_isoform_family,Q96KE9-2
h0005142,test_entry_or_isoform_family,Q8WTR4-3
h0005160,test_accession;test_entry_or_isoform_family;exact_test_sequence,Q8N9Y4
h0005169,test_entry_or_isoform_family,Q8IXK0-4
h0005179,test_accession;test_entry_or_isoform_family;exact_test_sequence,Q9UHC9
h0005181,test_entry_or_isoform_family,Q8NEY8-3
h0005189,test_accession;test_entry_or_isoform_family;exact_test_sequence,Q8N4U5
h0005190,test_accession;test_entry_or_isoform_family;exact_test_sequence,Q66K80
h0005199,test_accession;test_entry_or_isoform_family;exact_test_sequence,Q8IXX5
h0005209,test_accession;test_entry_or_isoform_family,Q96SZ4
h0005222,test_accession;test_entry_or_isoform_family;exact_test_sequence,A0A140VJP2;Q9NZL9
h0005235,test_accession;test_entry_or_isoform_family;exact_test_sequence,P51610
h0005267,test_accession;test_entry_or_isoform_family;exact_test_sequence,Q9Y5X5
h0005297,test_accession;test_entry_or_isoform_family;exact_test_sequence,Q9NWM3
h0005319,test_entry_or_isoform_family,Q9Y6V7-2
h0005322,test_accession;test_entry_or_isoform_family;exact_test_sequence,P62072
h0005337,test_accession;test_entry_or_isoform_family;exact_test_sequence,Q6Q6R5
h0005350,test_accession;test_entry_or_isoform_family;exact_test_sequence,Q8WVX9
h0005361,test_accession;test_entry_or_isoform_family;exact_test_sequence,Q96RI0
h0005366,test_entry_or_isoform_family,Q96BI3-2
h0005370,test_accession;test_entry_or_isoform_family;exact_test_sequence,P17542
h0005378,test_entry_or_isoform_family,P37840-2
h0005389,test_entry_or_isoform_family,P55011-3
h0005395,test_accession;test_entry_or_isoform_family;exact_test_sequence,Q96JB2
h0005397,test_entry_or_isoform_family,Q04656-5
h0005401,test_accession;test_entry_or_isoform_family;exact_test_sequence,P08908
h0005409,test_entry_or_isoform_family,Q96JL9-2
h0005413,test_accession;test_entry_or_isoform_family;exact_test_sequence,O95427
h0005415,test_accession;test_entry_or_isoform_family;exact_test_sequence,Q96N77
h0005416,test_accession;test_entry_or_isoform_family;exact_test_sequence,Q92556
h0005417,test_accession;test_entry_or_isoform_family;exact_test_sequence,Q96MW7
h0005425,test_accession;test_entry_or_isoform_family;exact_test_sequence,Q9H467
h0005427,test_accession;test_entry_or_isoform_family;exact_test_sequence,Q96HP8
h0005428,test_accession;test_entry_or_isoform_family;exact_test_sequence,Q12947
h0005436,test_entry_or_isoform_family,Q9NQX1-2
h0005438,test_entry_or_isoform_family,Q9UHJ9-5
h0005457,test_accession;test_entry_or_isoform_family;exact_test_sequence,Q9Y6Y8
h0005460,test_accession;test_entry_or_isoform_family;exact_test_sequence,Q9GZN7
h0005475,test_accession;test_entry_or_isoform_family;exact_test_sequence,Q8N2Z9
h0005483,test_accession;test_entry_or_isoform_family;exact_test_sequence,O95867
h0005502,test_accession;test_entry_or_isoform_family;exact_test_sequence,O14626
h0005509,test_accession;test_entry_or_isoform_family;exact_test_sequence,P58418
h0005512,test_accession;test_entry_or_isoform_family;exact_test_sequence,O95793
h0005513,test_accession;test_entry_or_isoform_family;exact_test_sequence,O95436
h0005514,test_entry_or_isoform_family,Q6NXT4-4
h0005520,test_accession;test_entry_or_isoform_family;exact_test_sequence,Q08AG5
h0005521,test_entry_or_isoform_family,P49771-3
h0005526,test_accession;test_entry_or_isoform_family;exact_test_sequence,Q9NQV6
h0005527,test_accession;test_entry_or_isoform_family;exact_test_sequence,Q86SF2
h0005531,test_accession;test_entry_or_isoform_family;exact_test_sequence,O60682
h0005534,test_accession;test_entry_or_isoform_family;exact_test_sequence,O94817
h0005546,test_accession;test_entry_or_isoform_family;exact_test_sequence,O75556
h0005552,test_accession;test_entry_or_isoform_family;exact_test_sequence,P46663
h0005554,test_entry_or_isoform_family,Q9H9Y6-2
h0005558,test_accession;test_entry_or_isoform_family;exact_test_sequence,P03905
h0005563,test_accession;test_entry_or_isoform_family;exact_test_sequence,Q9NYW3
h0005568,test_entry_or_isoform_family,Q8WW14-2
h0005579,test_accession;test_entry_or_isoform_family;exact_test_sequence,Q5T6C5
h0005591,test_accession;test_entry_or_isoform_family;exact_test_sequence,Q14554
h0005597,test_accession;test_entry_or_isoform_family;exact_test_sequence,P39210
h0005601,test_accession;test_entry_or_isoform_family;exact_test_sequence,Q96BT3
h0005604,test_accession;test_entry_or_isoform_family;exact_test_sequence,Q9HCI6
h0005614,test_accession;test_entry_or_isoform_family;exact_test_sequence,Q9NRC8
h0005620,test_accession;test_entry_or_isoform_family;exact_test_sequence,Q96FJ0
h0005622,test_accession;test_entry_or_isoform_family;exact_test_sequence,Q8NGU9
h0005624,test_accession;test_entry_or_isoform_family;exact_test_sequence,Q9NRE2
h0005643,test_accession;test_entry_or_isoform_family;exact_test_sequence,Q6IBW4
h0005644,test_accession;test_entry_or_isoform_family;exact_test_sequence,P00403
h0005648,test_entry_or_isoform_family,O15231-3
h0005655,test_entry_or_isoform_family,P26358-2
h0005656,test_accession;test_entry_or_isoform_family;exact_test_sequence,P56556
h0005668,test_accession;test_entry_or_isoform_family;exact_test_sequence,Q86X95
h0005670,test_entry_or_isoform_family,Q9NS73-5
h0005675,test_entry_or_isoform_family,Q9UJW2-2
h0005682,test_accession;test_entry_or_isoform_family;exact_test_sequence,Q7Z4W1
h0005688,test_entry_or_isoform_family,O75190-3
h0005693,test_entry_or_isoform_family,Q15326-4
h0005695,test_accession;test_entry_or_isoform_family;exact_test_sequence,Q86YT5
h0005698,test_accession;test_entry_or_isoform_family;exact_test_sequence,O95168
h0005702,test_entry_or_isoform_family,Q9NVH1-3
h0005720,test_accession;test_entry_or_isoform_family;exact_test_sequence,Q8TB37
h0005731,test_accession;test_entry_or_isoform_family;exact_test_sequence,P18583
h0005742,test_accession;test_entry_or_isoform_family;exact_test_sequence,Q6PEX3
h0005753,test_accession;test_entry_or_isoform_family;exact_test_sequence,Q6ZP80
h0005757,test_accession;test_entry_or_isoform_family;exact_test_sequence,Q8N100
h0005766,test_accession;test_entry_or_isoform_family;exact_test_sequence,Q9NU23
h0005770,test_accession;test_entry_or_isoform_family;exact_test_sequence,Q9H2S9
h0005772,test_accession;test_entry_or_isoform_family;exact_test_sequence,O95760
h0005775,test_entry_or_isoform_family,O75478-2
h0005780,test_accession;test_entry_or_isoform_family;exact_test_sequence,Q99583
h0005782,test_entry_or_isoform_family,Q16236-2
h0005783,test_accession;test_entry_or_isoform_family;exact_test_sequence,O14904
h0005788,test_entry_or_isoform_family,P49023-2
h0005790,test_accession;test_entry_or_isoform_family;exact_test_sequence,Q5SRR4
h0005796,test_accession;test_entry_or_isoform_family;exact_test_sequence,Q6UW68
h0005800,test_accession;test_entry_or_isoform_family;exact_test_sequence,Q9NQ31
h0005808,test_accession;test_entry_or_isoform_family;exact_test_sequence,P17022
h0005822,test_entry_or_isoform_family,O60888-3
h0005823,test_entry_or_isoform_family,P16473-2
h0005825,test_entry_or_isoform_family,Q8WYA1-3
h0005830,test_entry_or_isoform_family,O00592-2
h0005836,test_accession;test_entry_or_isoform_family;exact_test_sequence,Q5JXX7
h0005839,test_accession;test_entry_or_isoform_family;exact_test_sequence,Q9H6D3
h0005845,test_entry_or_isoform_family,Q9BTX3-2
h0005857,test_accession;test_entry_or_isoform_family,Q8N2M8
h0005868,test_accession;test_entry_or_isoform_family;exact_test_sequence,Q6NT16
h0005872,test_entry_or_isoform_family,Q9UIG0-2
h0005873,test_entry_or_isoform_family,Q5T6F2-2
h0005874,test_entry_or_isoform_family,Q5H8A4-2
h0005875,test_entry_or_isoform_family,Q03060-21
h0005876,test_accession;test_entry_or_isoform_family;exact_test_sequence,Q9Y6A9
h0005879,test_accession;test_entry_or_isoform_family;exact_test_sequence,A0A0S2Z410;Q99714
h0005881,test_accession;test_entry_or_isoform_family;exact_test_sequence,Q96DR5
h0005887,test_entry_or_isoform_family,P20783-2
h0005891,test_accession;test_entry_or_isoform_family;exact_test_sequence,Q6UX39
h0005901,test_accession;test_entry_or_isoform_family;exact_test_sequence,Q9Y6Y0
h0005905,test_accession;test_entry_or_isoform_family;exact_test_sequence,P78364
h0005909,test_accession;test_entry_or_isoform_family;exact_test_sequence,P35869
h0005919,test_accession;test_entry_or_isoform_family;exact_test_sequence,Q12906
h0005924,test_accession;test_entry_or_isoform_family;exact_test_sequence,P13500
h0005936,test_accession;test_entry_or_isoform_family;exact_test_sequence,Q16394
h0005959,test_accession;test_entry_or_isoform_family;exact_test_sequence,Q9Y3D3
h0005965,test_accession;test_entry_or_isoform_family;exact_test_sequence,Q86VN1
h0005967,test_entry_or_isoform_family,O14639-4
h0005975,test_accession;test_entry_or_isoform_family;exact_test_sequence,Q86YN1
h0005981,test_accession;test_entry_or_isoform_family;exact_test_sequence,Q969J2
h0005982,test_entry_or_isoform_family,P46736-2
h0006013,test_accession;test_entry_or_isoform_family;exact_test_sequence,Q99853
h0006014,test_accession;test_entry_or_isoform_family;exact_test_sequence,P15313
h0006017,test_accession;test_entry_or_isoform_family;exact_test_sequence,Q96SL8
h0006023,test_accession;test_entry_or_isoform_family;exact_test_sequence,Q9Y320
h0006041,test_entry_or_isoform_family,P51610-2
h0006046,test_accession;test_entry_or_isoform_family;exact_test_sequence,P01591
h0006056,test_accession;test_entry_or_isoform_family;exact_test_sequence,P51553
h0006066,test_accession;test_entry_or_isoform_family;exact_test_sequence,Q99805
h0006068,test_accession;test_entry_or_isoform_family;exact_test_sequence,O60925
h0006071,test_accession;test_entry_or_isoform_family;exact_test_sequence,Q9BSJ5
h0006083,test_accession;test_entry_or_isoform_family;exact_test_sequence,P05388
h0006084,test_accession;test_entry_or_isoform_family;exact_test_sequence,Q9UPY3
h0006086,test_accession;test_entry_or_isoform_family;exact_test_sequence,Q15022
h0006119,test_entry_or_isoform_family,Q86VK4-3
h0006122,test_entry_or_isoform_family,Q9P2X3-2
h0006127,test_accession;test_entry_or_isoform_family;exact_test_sequence,Q9UIC8
h0006148,test_accession;test_entry_or_isoform_family;exact_test_sequence,Q8NHY6
h0006153,test_accession;test_entry_or_isoform_family;exact_test_sequence,Q9Y5B8
h0006168,test_accession;test_entry_or_isoform_family;exact_test_sequence,A0A140VJZ4;P15374
h0006169,test_accession;test_entry_or_isoform_family;exact_test_sequence,Q92874
h0006178,test_accession;test_entry_or_isoform_family;exact_test_sequence,Q08380
h0006184,test_accession;test_entry_or_isoform_family;exact_test_sequence,Q12952
h0006192,test_accession;test_entry_or_isoform_family;exact_test_sequence,Q15274
h0006193,test_accession;test_entry_or_isoform_family;exact_test_sequence,Q99935
h0006205,test_accession;test_entry_or_isoform_family;exact_test_sequence,Q9BRT3
h0006209,test_accession;test_entry_or_isoform_family;exact_test_sequence,Q9BXU0
h0006217,test_accession;test_entry_or_isoform_family;exact_test_sequence,Q587I9
h0006221,test_accession;test_entry_or_isoform_family;exact_test_sequence,P57738
h0006224,test_accession;test_entry_or_isoform_family;exact_test_sequence,Q8IZU1
h0006225,test_accession;test_entry_or_isoform_family;exact_test_sequence,O75113
h0006234,test_accession;test_entry_or_isoform_family;exact_test_sequence,Q9BT76
h0006237,test_entry_or_isoform_family,P78347-3
h0006238,test_accession;test_entry_or_isoform_family;exact_test_sequence,Q96E52
h0006243,test_accession;test_entry_or_isoform_family;exact_test_sequence,Q9BYR5
h0006252,test_accession;test_entry_or_isoform_family;exact_test_sequence,P01215
h0006256,test_entry_or_isoform_family,Q9BUK6-2
h0006266,test_accession;test_entry_or_isoform_family;exact_test_sequence,P25090
h0006278,test_accession;test_entry_or_isoform_family;exact_test_sequence,Q9NR12
h0006279,test_accession;test_entry_or_isoform_family;exact_test_sequence,Q9NW15
h0006280,test_accession;test_entry_or_isoform_family;exact_test_sequence,O43914
h0006303,test_accession;test_entry_or_isoform_family;exact_test_sequence,Q9Y4R7
h0006313,test_entry_or_isoform_family,Q2KHR3-2
h0006322,test_accession;test_entry_or_isoform_family;exact_test_sequence,Q5TAB7
h0006323,test_accession;test_entry_or_isoform_family;exact_test_sequence,Q86SG7
h0006331,test_accession;test_entry_or_isoform_family;exact_test_sequence,Q96HC4
h0006339,test_entry_or_isoform_family,Q8NDX2-2
h0006343,test_accession;test_entry_or_isoform_family;exact_test_sequence,O15466
h0006358,test_accession;test_entry_or_isoform_family;exact_test_sequence,Q6NZY4
h0006359,test_accession;test_entry_or_isoform_family;exact_test_sequence,Q13253
h0006363,test_accession;test_entry_or_isoform_family;exact_test_sequence,Q49AG3
h0006367,test_accession;test_entry_or_isoform_family;exact_test_sequence,Q05215
h0006375,test_accession;test_entry_or_isoform_family;exact_test_sequence,Q5T7W0
h0006394,test_accession;test_entry_or_isoform_family;exact_test_sequence,Q8N5W8
h0006396,test_entry_or_isoform_family,Q8TB61-2
h0006404,test_entry_or_isoform_family,Q8N554-2
h0006407,test_accession;test_entry_or_isoform_family;exact_test_sequence,O60885
h0006413,test_accession;test_entry_or_isoform_family;exact_test_sequence,O15353
h0006424,test_accession;test_entry_or_isoform_family;exact_test_sequence,Q9BRP0
h0006425,test_accession;test_entry_or_isoform_family;exact_test_sequence,P07992
h0006443,test_accession;test_entry_or_isoform_family;exact_test_sequence,Q96JP5
h0006464,test_accession;test_entry_or_isoform_family;exact_test_sequence,Q8WW12
h0006471,test_accession;test_entry_or_isoform_family;exact_test_sequence,Q9NYW4
h0006475,test_accession;test_entry_or_isoform_family;exact_test_sequence,Q6PGQ7
h0006479,test_accession;test_entry_or_isoform_family;exact_test_sequence,P36544
h0006485,test_accession;test_entry_or_isoform_family;exact_test_sequence,Q5T619
h0006489,test_accession;test_entry_or_isoform_family;exact_test_sequence,Q9UGQ3
h0006504,test_accession;test_entry_or_isoform_family;exact_test_sequence,Q9NXP7
h0006507,test_entry_or_isoform_family,Q9HBE1-4
h0006508,test_accession;test_entry_or_isoform_family;exact_test_sequence,Q6NT04
h0006510,test_accession;test_entry_or_isoform_family;exact_test_sequence,Q9UF47
h0006519,test_accession;test_entry_or_isoform_family;exact_test_sequence,Q9Y5R8
h0006554,test_accession;test_entry_or_isoform_family;exact_test_sequence,Q9ULM3
h0006582,test_accession;test_entry_or_isoform_family;exact_test_sequence,O75909
h0006590,test_accession;test_entry_or_isoform_family;exact_test_sequence,Q8N5I4
h0006601,test_accession;test_entry_or_isoform_family;exact_test_sequence,P60323
h0006607,test_accession;test_entry_or_isoform_family;exact_test_sequence,P45880
h0006609,test_accession;test_entry_or_isoform_family;exact_test_sequence,O75396
h0006623,test_accession;test_entry_or_isoform_family;exact_test_sequence,Q6PI26
h0006625,test_entry_or_isoform_family,Q6NZY4-2
h0006626,test_accession;test_entry_or_isoform_family;exact_test_sequence,Q8NGC1
h0006630,test_accession;test_entry_or_isoform_family;exact_test_sequence,Q15544
h0006635,test_accession;test_entry_or_isoform_family;exact_test_sequence,P51608
h0006644,test_accession;test_entry_or_isoform_family;exact_test_sequence,Q9BTM9
h0006659,test_entry_or_isoform_family,P62633-2
h0006674,test_accession;test_entry_or_isoform_family;exact_test_sequence,Q8N812
h0006677,test_entry_or_isoform_family,Q9UKX7-2
h0006705,test_accession;test_entry_or_isoform_family;exact_test_sequence,Q2M2Z5
h0006706,test_accession;test_entry_or_isoform_family;exact_test_sequence,P18510
h0006711,test_accession;test_entry_or_isoform_family;exact_test_sequence,Q13952
h0006743,test_accession;test_entry_or_isoform_family;exact_test_sequence,O00254
h0006744,test_accession;test_entry_or_isoform_family;exact_test_sequence,O43193
h0006748,test_entry_or_isoform_family,Q6P4F1-2
h0006750,test_accession;test_entry_or_isoform_family;exact_test_sequence,Q16739
h0006771,test_accession;test_entry_or_isoform_family;exact_test_sequence,Q63HK5
h0006777,test_accession;test_entry_or_isoform_family;exact_test_sequence,Q96NU1
h0006784,test_accession;test_entry_or_isoform_family;exact_test_sequence,Q9NVC3
h0006785,test_entry_or_isoform_family,P15291-2
h0006799,test_accession;test_entry_or_isoform_family;exact_test_sequence,P16150
h0006810,test_accession;test_entry_or_isoform_family;exact_test_sequence,O95251
h0006814,test_entry_or_isoform_family,Q5VVQ6-2
h0006830,test_accession;test_entry_or_isoform_family;exact_test_sequence,Q13258
h0006835,test_accession;test_entry_or_isoform_family;exact_test_sequence,Q8TCT7
h0006838,test_accession;test_entry_or_isoform_family;exact_test_sequence,Q9Y2N7
h0006839,test_accession;test_entry_or_isoform_family;exact_test_sequence,Q86WV5
h0006841,test_accession;test_entry_or_isoform_family;exact_test_sequence,Q9H0U6
h0006855,test_entry_or_isoform_family,P15941-11
h0006856,test_accession;test_entry_or_isoform_family;exact_test_sequence,Q9Y2G8
h0006860,test_accession;test_entry_or_isoform_family;exact_test_sequence,Q9UN42
h0006865,test_accession;test_entry_or_isoform_family;exact_test_sequence,P16383
h0006867,test_accession;test_entry_or_isoform_family;exact_test_sequence,Q96K83
h0006878,test_entry_or_isoform_family,Q9H300-2
h0006886,test_accession;test_entry_or_isoform_family;exact_test_sequence,Q6AHZ1
h0006889,test_accession;test_entry_or_isoform_family;exact_test_sequence,O43194
h0006895,test_entry_or_isoform_family,Q9Y3A3-2
h0006903,test_accession;test_entry_or_isoform_family;exact_test_sequence,O00526
h0006922,test_accession;test_entry_or_isoform_family;exact_test_sequence,Q5VVJ2
h0006931,test_entry_or_isoform_family,Q6R327-3
h0006934,test_accession;test_entry_or_isoform_family;exact_test_sequence,Q96EG3
h0006936,test_accession;test_entry_or_isoform_family;exact_test_sequence,P40692
h0006937,test_accession;test_entry_or_isoform_family;exact_test_sequence,Q86W47
h0006942,test_entry_or_isoform_family,Q15633-2
h0006951,test_accession;test_entry_or_isoform_family;exact_test_sequence,A0A140VK27;P09960
h0006957,test_entry_or_isoform_family,O14639-3
h0006959,test_accession;test_entry_or_isoform_family;exact_test_sequence,O75800
h0006971,test_accession;test_entry_or_isoform_family;exact_test_sequence,Q6ZT98
h0006972,test_entry_or_isoform_family,Q5T3I0-3
h0006994,test_accession;test_entry_or_isoform_family;exact_test_sequence,Q16342
h0007038,test_entry_or_isoform_family,O75626-3
h0007040,test_accession;test_entry_or_isoform_family,P21675
h0007046,test_entry_or_isoform_family,Q8N434-2
h0007051,test_accession;test_entry_or_isoform_family;exact_test_sequence,P34981
h0007061,test_accession;test_entry_or_isoform_family;exact_test_sequence,Q7Z7K2
h0007069,test_accession;test_entry_or_isoform_family;exact_test_sequence,Q96BI1
h0007075,test_accession;test_entry_or_isoform_family;exact_test_sequence,Q9Y5I7
h0007094,test_accession;test_entry_or_isoform_family;exact_test_sequence,Q86TJ2
h0007095,test_entry_or_isoform_family,Q96EY1-3
h0007102,test_accession;test_entry_or_isoform_family;exact_test_sequence,P46952
h0007117,test_accession;test_entry_or_isoform_family;exact_test_sequence,A2A3N6
h0007119,test_accession;test_entry_or_isoform_family;exact_test_sequence,Q9UKB3
h0007131,test_accession;test_entry_or_isoform_family;exact_test_sequence,Q92685
h0007133,test_entry_or_isoform_family,Q6IE81-3
h0007138,test_accession;test_entry_or_isoform_family;exact_test_sequence,Q9HC38
h0007144,test_accession;test_entry_or_isoform_family;exact_test_sequence,Q9NSA3
h0007153,test_entry_or_isoform_family,Q93100-2
h0007158,test_accession;test_entry_or_isoform_family;exact_test_sequence,O94830
h0007167,test_accession;test_entry_or_isoform_family;exact_test_sequence,P55822
h0007181,test_accession;test_entry_or_isoform_family;exact_test_sequence,Q96M94
h0007186,test_accession;test_entry_or_isoform_family;exact_test_sequence,Q9BR11
h0007190,test_entry_or_isoform_family,Q9NXA8-2
h0007195,test_accession;test_entry_or_isoform_family;exact_test_sequence,Q17RP2
h0007204,test_accession;test_entry_or_isoform_family;exact_test_sequence,Q96LC9
h0007215,test_accession;test_entry_or_isoform_family;exact_test_sequence,Q96K49
h0007216,test_accession;test_entry_or_isoform_family;exact_test_sequence,Q9UGP5
h0007217,test_accession;test_entry_or_isoform_family;exact_test_sequence,O95947
h0007218,test_accession;test_entry_or_isoform_family;exact_test_sequence,P61081
h0007220,test_accession;test_entry_or_isoform_family;exact_test_sequence,P18848
h0007221,test_accession;test_entry_or_isoform_family;exact_test_sequence,Q8N6L1
h0007222,test_accession;test_entry_or_isoform_family;exact_test_sequence,Q14191
h0007224,test_entry_or_isoform_family,Q9Y4E5-2
h0007241,test_accession;test_entry_or_isoform_family;exact_test_sequence,Q9P003
h0007244,test_accession;test_entry_or_isoform_family;exact_test_sequence,Q8IY92
h0007258,test_accession;test_entry_or_isoform_family;exact_test_sequence,P31629
h0007266,test_accession;test_entry_or_isoform_family;exact_test_sequence,Q9UDV6
h0007283,test_entry_or_isoform_family,Q5VYX0-2
h0007296,test_entry_or_isoform_family;exact_test_sequence,O94880-1
h0007312,test_accession;test_entry_or_isoform_family;exact_test_sequence,Q96MF4
h0007313,test_accession;test_entry_or_isoform_family;exact_test_sequence,O95260
h0007323,test_accession;test_entry_or_isoform_family;exact_test_sequence,P0CK97
h0007341,test_accession;test_entry_or_isoform_family;exact_test_sequence,Q96MX0
h0007343,test_accession;test_entry_or_isoform_family;exact_test_sequence,Q8NDV1
h0007349,test_accession;test_entry_or_isoform_family;exact_test_sequence,O60870
h0007352,test_accession;test_entry_or_isoform_family;exact_test_sequence,Q86TG1
h0007360,test_accession;test_entry_or_isoform_family;exact_test_sequence,Q9UBV7
h0007364,test_accession;test_entry_or_isoform_family;exact_test_sequence,Q07075
h0007379,test_entry_or_isoform_family,Q9NRG1-2
h0007381,test_accession;test_entry_or_isoform_family;exact_test_sequence,Q8NHQ9
h0007385,test_entry_or_isoform_family,P05388-2
h0007396,test_accession;test_entry_or_isoform_family;exact_test_sequence,Q9NVN3
h0007401,test_accession;test_entry_or_isoform_family;exact_test_sequence,Q9BQ95
h0007404,test_accession;test_entry_or_isoform_family;exact_test_sequence,Q8WUY8
h0007407,test_entry_or_isoform_family,Q9UL40-2
h0007414,test_entry_or_isoform_family,Q8NEA6-2
h0007415,test_entry_or_isoform_family,Q93073-2
h0007440,test_accession;test_entry_or_isoform_family;exact_test_sequence,O14957
h0007459,test_entry_or_isoform_family,Q6IE81-2
h0007466,test_accession;test_entry_or_isoform_family;exact_test_sequence,Q9H2F3
h0007471,test_accession;test_entry_or_isoform_family;exact_test_sequence,P62502
h0007472,test_accession;test_entry_or_isoform_family;exact_test_sequence,O15218
h0007474,test_entry_or_isoform_family,P98182-2
h0007475,test_entry_or_isoform_family,A6H8Y1-7
h0007487,test_entry_or_isoform_family,Q8NDV1-2
h0007488,test_accession;test_entry_or_isoform_family;exact_test_sequence,Q9BU23
h0007490,test_accession;test_entry_or_isoform_family;exact_test_sequence,O15444
h0007503,test_entry_or_isoform_family,O15446-2
h0007504,test_accession;test_entry_or_isoform_family;exact_test_sequence,Q9NSC2
h0007514,test_accession;test_entry_or_isoform_family;exact_test_sequence,O43541
h0007516,test_accession;test_entry_or_isoform_family;exact_test_sequence,Q9NRM0
h0007541,test_accession;test_entry_or_isoform_family;exact_test_sequence,Q96S52
h0007548,test_accession;test_entry_or_isoform_family;exact_test_sequence,Q96B02
h0007552,test_accession;test_entry_or_isoform_family;exact_test_sequence,Q9UL33
h0007557,test_accession;test_entry_or_isoform_family;exact_test_sequence,Q9BWJ5
h0007562,test_accession;test_entry_or_isoform_family;exact_test_sequence,P49184
h0007583,test_accession;test_entry_or_isoform_family;exact_test_sequence,Q8IWW8
h0007591,test_accession;test_entry_or_isoform_family;exact_test_sequence,Q9NR11
h0007598,test_entry_or_isoform_family,Q9H582-2
h0007604,test_accession;test_entry_or_isoform_family;exact_test_sequence,Q96N64
h0007606,test_accession;test_entry_or_isoform_family;exact_test_sequence,Q93100
h0007610,test_accession;test_entry_or_isoform_family;exact_test_sequence,P31358
h0007638,test_accession;test_entry_or_isoform_family;exact_test_sequence,O15467
h0007643,test_accession;test_entry_or_isoform_family;exact_test_sequence,O75695
h0007644,test_accession;test_entry_or_isoform_family;exact_test_sequence,Q86VZ6
h0007646,test_entry_or_isoform_family,P55201-2
h0007676,test_accession;test_entry_or_isoform_family;exact_test_sequence,Q9NZI7
h0007677,test_entry_or_isoform_family,Q96KA5-2
h0007682,test_accession;test_entry_or_isoform_family;exact_test_sequence,O75352
h0007685,test_entry_or_isoform_family,P17861-2
h0007686,test_entry_or_isoform_family,Q9Y2Q3-4
h0007687,test_accession;test_entry_or_isoform_family;exact_test_sequence,Q9P2Y4
h0007690,test_entry_or_isoform_family,Q9Y5X5-3
h0007692,test_accession;test_entry_or_isoform_family;exact_test_sequence,Q8NCR6
h0007693,test_entry_or_isoform_family,Q8N4N3-2
h0007701,test_accession;test_entry_or_isoform_family;exact_test_sequence,Q08828
h0007707,test_entry_or_isoform_family,Q7L2E3-2
h0007708,test_accession;test_entry_or_isoform_family;exact_test_sequence,Q96EB6
h0007717,test_accession;test_entry_or_isoform_family;exact_test_sequence,Q9NVM6
h0007723,test_entry_or_isoform_family,Q9NZV5-2
h0007724,test_entry_or_isoform_family,Q7Z5J4-2
h0007742,test_accession;test_entry_or_isoform_family;exact_test_sequence,Q13867
h0007747,test_accession;test_entry_or_isoform_family;exact_test_sequence,P24863
h0007751,test_accession;test_entry_or_isoform_family;exact_test_sequence,Q7Z4I7
h0007754,test_accession;test_entry_or_isoform_family;exact_test_sequence,P14927
h0007755,test_entry_or_isoform_family,Q9BPZ7-2
h0007756,test_accession;test_entry_or_isoform_family;exact_test_sequence,Q9UJU5
h0007763,test_accession;test_entry_or_isoform_family;exact_test_sequence,P09172
h0007778,test_accession;test_entry_or_isoform_family;exact_test_sequence,Q5JUK2
h0007781,test_accession;test_entry_or_isoform_family;exact_test_sequence,Q9NY12
h0007782,test_accession;test_entry_or_isoform_family;exact_test_sequence,P46926
h0007786,test_accession;test_entry_or_isoform_family;exact_test_sequence,O75964
h0007793,test_accession;test_entry_or_isoform_family;exact_test_sequence,Q53GI3
h0007818,test_accession;test_entry_or_isoform_family;exact_test_sequence,Q15554
h0007831,test_entry_or_isoform_family,Q6ZN55-2
h0007842,test_accession;test_entry_or_isoform_family;exact_test_sequence,P17900
h0007850,test_entry_or_isoform_family,Q92841-1
h0007863,test_entry_or_isoform_family,P23560-2
h0007864,test_accession;test_entry_or_isoform_family;exact_test_sequence,P78334
h0007878,test_entry_or_isoform_family,Q8NCG7-2
h0007890,test_accession;test_entry_or_isoform_family;exact_test_sequence,Q9BYT1
h0007895,test_accession;test_entry_or_isoform_family;exact_test_sequence,Q92917
h0007910,test_accession;test_entry_or_isoform_family;exact_test_sequence,Q9BQA5
h0007938,test_accession;test_entry_or_isoform_family;exact_test_sequence,Q9UJT0
h0007943,test_entry_or_isoform_family,Q9NZL9-2
h0007950,test_accession;test_entry_or_isoform_family;exact_test_sequence,P09382
h0007952,test_accession;test_entry_or_isoform_family;exact_test_sequence,Q9NQV7
h0007955,test_entry_or_isoform_family,O94880-2
h0007958,test_entry_or_isoform_family,O15374-3
h0007964,test_entry_or_isoform_family,Q8N5A5-3
h0007965,test_accession;test_entry_or_isoform_family;exact_test_sequence,Q9NRG4
h0007973,test_accession;test_entry_or_isoform_family;exact_test_sequence,Q9NRX3
h0007978,test_accession;test_entry_or_isoform_family;exact_test_sequence,Q02363
h0007988,test_accession;test_entry_or_isoform_family;exact_test_sequence,Q8WU49
h0007997,test_accession;test_entry_or_isoform_family;exact_test_sequence,Q12950
h0007998,test_accession;test_entry_or_isoform_family;exact_test_sequence,P55265
h0008011,test_entry_or_isoform_family,Q6P158-2
h0008012,test_entry_or_isoform_family,P50539-2
h0008013,test_entry_or_isoform_family,Q3SXZ7-3
h0008015,test_accession;test_entry_or_isoform_family;exact_test_sequence,Q5H8A4
h0008017,test_accession;test_entry_or_isoform_family;exact_test_sequence,Q9NP55
h0008020,test_accession;test_entry_or_isoform_family;exact_test_sequence,Q17RN3
h0008021,test_entry_or_isoform_family,P45880-1
h0008025,test_accession;test_entry_or_isoform_family;exact_test_sequence,Q96HZ4
h0008029,test_accession;test_entry_or_isoform_family;exact_test_sequence,Q9Y573
h0008037,test_accession;test_entry_or_isoform_family;exact_test_sequence,Q7Z6L1
h0008039,test_accession;test_entry_or_isoform_family;exact_test_sequence,Q9H3H5
h0008049,test_accession;test_entry_or_isoform_family;exact_test_sequence,Q9UNZ5
h0008055,test_accession;test_entry_or_isoform_family;exact_test_sequence,P21554
h0008058,test_accession;test_entry_or_isoform_family;exact_test_sequence,O43670
h0008061,test_accession;test_entry_or_isoform_family;exact_test_sequence,A6NP61
h0008066,test_entry_or_isoform_family,Q69YN2-3
h0008067,test_accession;test_entry_or_isoform_family;exact_test_sequence,P35372
h0008070,test_accession;test_entry_or_isoform_family;exact_test_sequence,O00422
h0008077,test_accession;test_entry_or_isoform_family;exact_test_sequence,Q96IK5
h0008083,test_accession;test_entry_or_isoform_family;exact_test_sequence,Q9UHK0
h0008096,test_accession;test_entry_or_isoform_family;exact_test_sequence,Q96FL8
h0008097,test_accession;test_entry_or_isoform_family;exact_test_sequence,P08493
h0008103,test_accession;test_entry_or_isoform_family;exact_test_sequence,P51857
h0008109,test_accession;test_entry_or_isoform_family;exact_test_sequence,Q9NWQ8
h0008110,test_accession;test_entry_or_isoform_family;exact_test_sequence,Q9NY35
h0008111,test_accession;test_entry_or_isoform_family;exact_test_sequence,Q9BY07
h0008117,test_accession;test_entry_or_isoform_family;exact_test_sequence,Q9UBQ6
h0008123,test_entry_or_isoform_family,Q08722-3
h0008129,test_accession;test_entry_or_isoform_family;exact_test_sequence,Q9NS25
h0008137,test_accession;test_entry_or_isoform_family;exact_test_sequence,Q9NX04
h0008146,test_accession;test_entry_or_isoform_family;exact_test_sequence,P35659
h0008147,test_accession;test_entry_or_isoform_family;exact_test_sequence,Q9UQ84
h0008152,test_entry_or_isoform_family,Q9NPQ8-4
h0008161,test_entry_or_isoform_family,Q6ZVT0-3
h0008167,test_entry_or_isoform_family,P78312-2
h0008174,test_accession;test_entry_or_isoform_family;exact_test_sequence,Q8N1S5
h0008189,test_entry_or_isoform_family,Q8NEY8-2
h0008191,test_accession;test_entry_or_isoform_family;exact_test_sequence,P17098
h0008209,test_entry_or_isoform_family,Q6UXU4-2
h0008210,test_accession;test_entry_or_isoform_family;exact_test_sequence,Q16842
h0008216,test_entry_or_isoform_family,Q96HC4-3
h0008224,test_accession;test_entry_or_isoform_family;exact_test_sequence,Q93073
h0008230,test_accession;test_entry_or_isoform_family;exact_test_sequence,O95992
h0008232,test_accession;test_entry_or_isoform_family;exact_test_sequence,Q96BR9
h0008239,test_accession;test_entry_or_isoform_family;exact_test_sequence,Q9UJP4
h0008240,test_entry_or_isoform_family,A1A5C7-2
h0008243,test_accession;test_entry_or_isoform_family;exact_test_sequence,P56270
h0008248,test_accession;test_entry_or_isoform_family;exact_test_sequence,Q8WXF3
h0008255,test_accession;test_entry_or_isoform_family;exact_test_sequence,P01303
h0008257,test_entry_or_isoform_family,Q9H0M4-4
h0008258,test_entry_or_isoform_family,Q96LT7-2
h0008259,test_accession;test_entry_or_isoform_family,O94880
h0008262,test_entry_or_isoform_family,Q96FT7-2
h0008275,test_accession;test_entry_or_isoform_family;exact_test_sequence,O43555
h0008303,test_accession;test_entry_or_isoform_family;exact_test_sequence,Q5TGU0
h0008304,test_accession;test_entry_or_isoform_family;exact_test_sequence,O75467
h0008312,test_accession;test_entry_or_isoform_family;exact_test_sequence,O75379
h0008313,test_accession;test_entry_or_isoform_family;exact_test_sequence,Q96KC8
h0008314,test_accession;test_entry_or_isoform_family;exact_test_sequence,O95926
h0008326,test_accession;test_entry_or_isoform_family;exact_test_sequence,P29373
h0008341,test_accession;test_entry_or_isoform_family;exact_test_sequence,Q15326
h0008354,test_accession;test_entry_or_isoform_family;exact_test_sequence,P47992
h0008362,test_entry_or_isoform_family,Q9H0E9-2
h0008377,test_entry_or_isoform_family,Q9UIG8-2
h0008382,test_accession;test_entry_or_isoform_family;exact_test_sequence,Q9HBR0
h0008384,test_accession;test_entry_or_isoform_family;exact_test_sequence,Q96E14
h0008389,test_accession;test_entry_or_isoform_family;exact_test_sequence,Q9NS75
h0008393,test_accession;test_entry_or_isoform_family;exact_test_sequence,Q8N3A8
h0008397,test_entry_or_isoform_family,Q7L0J3-2
h0008403,test_accession;test_entry_or_isoform_family;exact_test_sequence,P41231
h0008408,test_accession;test_entry_or_isoform_family;exact_test_sequence,Q8N8K9
h0008413,test_entry_or_isoform_family,O00214-2
h0008426,test_accession;test_entry_or_isoform_family;exact_test_sequence,P49771
h0008429,test_entry_or_isoform_family,Q9NVQ4-2
h0008433,test_entry_or_isoform_family,Q8TCF1-2
h0008436,test_accession;test_entry_or_isoform_family;exact_test_sequence,P98177
h0008449,test_accession;test_entry_or_isoform_family;exact_test_sequence,Q15047
h0008453,test_accession;test_entry_or_isoform_family;exact_test_sequence,Q5JWR5
h0008461,test_entry_or_isoform_family,Q9BPW9-4
h0008467,test_entry_or_isoform_family,Q6ZN18-2
h0008472,test_accession;test_entry_or_isoform_family;exact_test_sequence,Q8TBM8
h0008480,test_accession;test_entry_or_isoform_family;exact_test_sequence,P36969
h0008483,test_accession;test_entry_or_isoform_family;exact_test_sequence,Q15761
h0008486,test_accession;test_entry_or_isoform_family;exact_test_sequence,P49642
h0008499,test_accession;test_entry_or_isoform_family;exact_test_sequence,Q9H9Y6
h0008505,test_entry_or_isoform_family,Q9ULV3-2
h0008509,test_accession;test_entry_or_isoform_family;exact_test_sequence,Q5JQC4
h0008510,test_accession;test_entry_or_isoform_family;exact_test_sequence,O96002
h0008511,test_accession;test_entry_or_isoform_family;exact_test_sequence,Q9NPQ8
h0008515,test_accession;test_entry_or_isoform_family;exact_test_sequence,Q14153
h0008538,test_accession;test_entry_or_isoform_family;exact_test_sequence,Q9NXE4
h0008556,test_accession;test_entry_or_isoform_family;exact_test_sequence,O43361
h0008564,test_accession;test_entry_or_isoform_family;exact_test_sequence,P0C5Z0
h0008567,test_accession;test_entry_or_isoform_family;exact_test_sequence,P20783
h0008568,test_accession;test_entry_or_isoform_family;exact_test_sequence,Q96CS4
h0008575,test_accession;test_entry_or_isoform_family;exact_test_sequence,P04141
h0008595,test_accession;test_entry_or_isoform_family;exact_test_sequence,Q06136
h0008597,test_accession;test_entry_or_isoform_family;exact_test_sequence,Q93052
h0008604,test_entry_or_isoform_family,Q6ZRI6-3
h0008621,test_entry_or_isoform_family,Q9BUJ2-2
h0008623,test_accession;test_entry_or_isoform_family;exact_test_sequence,Q969H6
h0008627,test_accession;test_entry_or_isoform_family;exact_test_sequence,A8MT69
h0008638,test_entry_or_isoform_family,Q5BKX6-3
h0008641,test_accession;test_entry_or_isoform_family;exact_test_sequence,Q70IA6
h0008658,test_accession;test_entry_or_isoform_family;exact_test_sequence,O95954
h0008668,test_accession;test_entry_or_isoform_family;exact_test_sequence,O15432
h0008673,test_accession;test_entry_or_isoform_family;exact_test_sequence,Q8WUU4
h0008680,test_accession;test_entry_or_isoform_family;exact_test_sequence,Q0GE19
h0008681,test_accession;test_entry_or_isoform_family;exact_test_sequence,Q9Y6K1
h0008705,test_accession;test_entry_or_isoform_family;exact_test_sequence,Q8WUU5
h0008706,test_accession;test_entry_or_isoform_family;exact_test_sequence,Q92785
h0008712,test_entry_or_isoform_family,P49916-2
h0008736,test_accession;test_entry_or_isoform_family;exact_test_sequence,A6NGC4
h0008740,test_accession;test_entry_or_isoform_family;exact_test_sequence,Q8TCF1
h0008742,test_accession;test_entry_or_isoform_family;exact_test_sequence,Q01658;Q658N3
h0008744,test_accession;test_entry_or_isoform_family;exact_test_sequence,P42166
h0008745,test_accession;test_entry_or_isoform_family;exact_test_sequence,O75643
h0008760,test_accession;test_entry_or_isoform_family;exact_test_sequence,P57055
h0008768,test_accession;test_entry_or_isoform_family;exact_test_sequence,Q9HAP2
h0008778,test_accession;test_entry_or_isoform_family;exact_test_sequence,Q14973
h0008784,test_accession;test_entry_or_isoform_family;exact_test_sequence,Q96LR7
h0008786,test_accession;test_entry_or_isoform_family;exact_test_sequence,Q9Y296
h0008793,test_accession;test_entry_or_isoform_family;exact_test_sequence,P49146
h0008797,test_accession;test_entry_or_isoform_family;exact_test_sequence,O95822
h0008799,test_entry_or_isoform_family,Q9NV70-2
h0008810,test_entry_or_isoform_family,O95171-2
h0008827,test_accession;test_entry_or_isoform_family;exact_test_sequence,O75190
h0008846,test_entry_or_isoform_family,P52747-2
h0008855,test_accession;test_entry_or_isoform_family;exact_test_sequence,O75508
h0008861,test_accession;test_entry_or_isoform_family;exact_test_sequence,Q14145
h0008862,test_accession;test_entry_or_isoform_family;exact_test_sequence,Q6RVD6
h0008865,test_entry_or_isoform_family,Q92845-3
h0008867,test_entry_or_isoform_family,Q8WWZ1-2
h0008878,test_accession;test_entry_or_isoform_family;exact_test_sequence,Q6JVE5
h0008885,test_entry_or_isoform_family,O60888-2
h0008899,test_accession;test_entry_or_isoform_family;exact_test_sequence,O75381
h0008901,test_accession;test_entry_or_isoform_family;exact_test_sequence,Q6UWP2
h0008906,test_entry_or_isoform_family,Q9GZU3-4
h0008909,test_entry_or_isoform_family,Q5VZL5-4
h0008914,test_accession;test_entry_or_isoform_family;exact_test_sequence,Q96MK3
h0008916,test_accession;test_entry_or_isoform_family;exact_test_sequence,P55316
h0008932,test_accession;test_entry_or_isoform_family;exact_test_sequence,Q9H3S5
h0008944,test_accession;test_entry_or_isoform_family;exact_test_sequence,Q96B77
h0008946,test_entry_or_isoform_family,P13807-2
h0008948,test_entry_or_isoform_family,Q8N228-2
h0008952,test_accession;test_entry_or_isoform_family;exact_test_sequence,Q9Y284
h0008957,test_entry_or_isoform_family,P61296-2
h0008965,test_accession;test_entry_or_isoform_family;exact_test_sequence,Q9BV40
h0008969,test_accession;test_entry_or_isoform_family;exact_test_sequence,O60548
h0008975,test_accession;test_entry_or_isoform_family;exact_test_sequence,Q9NZV5
h0008980,test_accession;test_entry_or_isoform_family;exact_test_sequence,P58417
h0008982,test_entry_or_isoform_family,Q9BY12-3
h0008987,test_accession;test_entry_or_isoform_family;exact_test_sequence,P61513
h0008996,test_entry_or_isoform_family,O75638-2
h0008997,test_accession;test_entry_or_isoform_family;exact_test_sequence,Q5T9L3
h0009001,test_accession;test_entry_or_isoform_family,Q96EY9
h0009013,test_entry_or_isoform_family,Q9HAF1-2
h0009022,test_accession;test_entry_or_isoform_family;exact_test_sequence,A6NE02
h0009043,test_entry_or_isoform_family,Q92766-5
h0009044,test_entry_or_isoform_family,Q9ULU4-7
h0009048,test_accession;test_entry_or_isoform_family;exact_test_sequence,O15121
h0009051,test_accession;test_entry_or_isoform_family;exact_test_sequence,Q92935
h0009055,test_accession;test_entry_or_isoform_family;exact_test_sequence,Q86Y39
h0009061,test_accession;test_entry_or_isoform_family;exact_test_sequence,Q6EMB2
h0009079,test_accession;test_entry_or_isoform_family;exact_test_sequence,O75063
h0009081,test_accession;test_entry_or_isoform_family;exact_test_sequence,Q5TEC3
h0009083,test_accession;test_entry_or_isoform_family;exact_test_sequence,Q8TD20
h0009084,test_accession;test_entry_or_isoform_family;exact_test_sequence,Q9BYC8
h0009086,test_accession;test_entry_or_isoform_family;exact_test_sequence,P05090
h0009100,test_accession;test_entry_or_isoform_family;exact_test_sequence,P15515
h0009104,test_accession;test_entry_or_isoform_family;exact_test_sequence,Q96MN5
h0009131,test_accession;test_entry_or_isoform_family;exact_test_sequence,O14520
h0009135,test_entry_or_isoform_family,O15119-2
h0009140,test_accession;test_entry_or_isoform_family;exact_test_sequence,Q6DD87
h0009151,test_accession;test_entry_or_isoform_family;exact_test_sequence,P55197
h0009175,test_accession;test_entry_or_isoform_family;exact_test_sequence,Q96IT1
h0009176,test_accession;test_entry_or_isoform_family;exact_test_sequence,Q86V42
h0009186,test_entry_or_isoform_family,Q92847-2
h0009187,test_accession;test_entry_or_isoform_family;exact_test_sequence,Q6ZUX7
h0009195,test_accession;test_entry_or_isoform_family;exact_test_sequence,P56597
h0009212,test_accession;test_entry_or_isoform_family;exact_test_sequence,Q6S9Z5
h0009220,test_accession;test_entry_or_isoform_family;exact_test_sequence,P48146
h0009221,test_entry_or_isoform_family,Q14188-5
h0009222,test_accession;test_entry_or_isoform_family;exact_test_sequence,O95402
h0009229,test_entry_or_isoform_family,Q6P5X5-2
h0009234,test_accession;test_entry_or_isoform_family;exact_test_sequence,P05198;Q53XC0
h0009237,test_accession;test_entry_or_isoform_family;exact_test_sequence,Q8WWV3
h0009243,test_accession;test_entry_or_isoform_family;exact_test_sequence,Q9BS26
h0009251,test_accession;test_entry_or_isoform_family;exact_test_sequence,Q9Y6V7
h0009254,test_accession;test_entry_or_isoform_family,Q13522
h0009264,test_entry_or_isoform_family,Q9BWE0-4
h0009268,test_accession;test_entry_or_isoform_family;exact_test_sequence,Q14679
h0009272,test_entry_or_isoform_family,Q5T5M9-2
h0009273,test_entry_or_isoform_family,Q96M98-2
h0009281,test_accession;test_entry_or_isoform_family;exact_test_sequence,Q01201
h0009282,test_accession;test_entry_or_isoform_family;exact_test_sequence,P52746
h0009299,test_accession;test_entry_or_isoform_family;exact_test_sequence,Q8NDG6
h0009306,test_accession;test_entry_or_isoform_family;exact_test_sequence,Q8NAP8
h0009321,test_accession;test_entry_or_isoform_family;exact_test_sequence,Q52LG2
h0009341,test_accession;test_entry_or_isoform_family;exact_test_sequence,Q8TDD1
h0009351,test_accession;test_entry_or_isoform_family;exact_test_sequence,Q9H7N4
h0009352,test_accession;test_entry_or_isoform_family;exact_test_sequence,Q8TAA9
h0009362,test_accession;test_entry_or_isoform_family;exact_test_sequence,Q8NAP3
h0009366,test_entry_or_isoform_family,Q5VUA4-2
h0009368,test_accession;test_entry_or_isoform_family;exact_test_sequence,Q6DKI7
h0009373,test_accession;test_entry_or_isoform_family;exact_test_sequence,P11836
h0009378,test_accession;test_entry_or_isoform_family;exact_test_sequence,Q2TB10
h0009393,test_accession;test_entry_or_isoform_family;exact_test_sequence,Q8N8E2
h0009398,test_accession;test_entry_or_isoform_family;exact_test_sequence,Q96DV4
h0009402,test_accession;test_entry_or_isoform_family;exact_test_sequence,A8MXJ8
h0009404,test_accession;test_entry_or_isoform_family;exact_test_sequence,O95411
h0009426,test_entry_or_isoform_family,Q8NDL9-2
h0009427,test_accession;test_entry_or_isoform_family;exact_test_sequence,O95785
h0009431,test_accession;test_entry_or_isoform_family;exact_test_sequence,Q8IXK0
h0009441,test_entry_or_isoform_family,P48651-3
h0009447,test_accession;test_entry_or_isoform_family,Q6NVU6
h0009457,test_accession;test_entry_or_isoform_family;exact_test_sequence,P29375
h0009460,test_entry_or_isoform_family,Q8NCC5-2
h0009467,test_accession;test_entry_or_isoform_family;exact_test_sequence,Q99999
h0009481,test_accession;test_entry_or_isoform_family;exact_test_sequence,Q96K37
h0009489,test_accession;test_entry_or_isoform_family;exact_test_sequence,Q9BUE0
h0009491,test_accession;test_entry_or_isoform_family;exact_test_sequence,Q9NPI6
h0009492,test_accession;test_entry_or_isoform_family;exact_test_sequence,Q8WVZ9
h0009510,test_accession;test_entry_or_isoform_family;exact_test_sequence,Q9NPJ1
h0009515,test_accession;test_entry_or_isoform_family;exact_test_sequence,Q96HR9
h0009519,test_accession;test_entry_or_isoform_family;exact_test_sequence,Q9NPD8
h0009522,test_accession;test_entry_or_isoform_family;exact_test_sequence,Q53H80
h0009524,test_accession;test_entry_or_isoform_family;exact_test_sequence,Q9Y5L2
h0009536,test_accession;test_entry_or_isoform_family,Q96GQ7
h0009545,test_accession;test_entry_or_isoform_family;exact_test_sequence,Q8IV20
h0009546,test_entry_or_isoform_family,Q5FWF5-2
h0009554,test_accession;test_entry_or_isoform_family;exact_test_sequence,Q4VNC1
h0009556,test_entry_or_isoform_family,P36956-4
h0009559,test_accession;test_entry_or_isoform_family;exact_test_sequence,Q9Y2L8
h0009563,test_accession;test_entry_or_isoform_family;exact_test_sequence,Q6PI25
h0009565,test_accession;test_entry_or_isoform_family;exact_test_sequence,Q68E01
h0009566,test_accession;test_entry_or_isoform_family;exact_test_sequence,O75391
h0009574,test_accession;test_entry_or_isoform_family;exact_test_sequence,Q1HG43
h0009591,test_accession;test_entry_or_isoform_family;exact_test_sequence,P15941
h0009607,test_entry_or_isoform_family,P61244-4
h0009623,test_accession;test_entry_or_isoform_family;exact_test_sequence,Q8WVE7
h0009630,test_entry_or_isoform_family,Q8IY95-2
h0009631,test_accession;test_entry_or_isoform_family;exact_test_sequence,Q8NHZ7
h0009636,test_entry_or_isoform_family,P0DI81-3
h0009640,test_entry_or_isoform_family,Q8NDX5-7
h0009643,test_accession;test_entry_or_isoform_family;exact_test_sequence,Q6TCH7
h0009646,test_accession;test_entry_or_isoform_family;exact_test_sequence,P36954
h0009647,test_accession;test_entry_or_isoform_family;exact_test_sequence,P19404
h0009658,test_entry_or_isoform_family,P23763-3
h0009660,test_accession;test_entry_or_isoform_family;exact_test_sequence,Q92585
h0009668,test_accession;test_entry_or_isoform_family;exact_test_sequence,O95988
h0009670,test_accession;test_entry_or_isoform_family;exact_test_sequence,Q68CJ9
h0009673,test_entry_or_isoform_family,Q9NR12-2
h0009688,test_entry_or_isoform_family,O15265-2
h0009692,test_accession;test_entry_or_isoform_family;exact_test_sequence,Q8IYH5
h0009706,test_accession;test_entry_or_isoform_family;exact_test_sequence,O95715
h0009708,test_accession;test_entry_or_isoform_family;exact_test_sequence,O43676
h0009716,test_accession;test_entry_or_isoform_family;exact_test_sequence,Q8NFZ6
h0009719,test_accession;test_entry_or_isoform_family;exact_test_sequence,P46019
h0009721,test_accession;test_entry_or_isoform_family;exact_test_sequence,P51685
h0009747,test_entry_or_isoform_family,Q13428-5
h0009782,test_accession;test_entry_or_isoform_family;exact_test_sequence,Q9P086
h0009801,test_accession;test_entry_or_isoform_family;exact_test_sequence,Q5VUG0
h0009814,test_accession;test_entry_or_isoform_family;exact_test_sequence,P47900
h0009858,test_accession;test_entry_or_isoform_family;exact_test_sequence,P35610
h0009873,test_accession;test_entry_or_isoform_family;exact_test_sequence,Q9UEG4
h0009876,test_accession;test_entry_or_isoform_family;exact_test_sequence,O15156
h0009887,test_accession;test_entry_or_isoform_family,P08195
h0009889,test_accession;test_entry_or_isoform_family;exact_test_sequence,Q9C0E2
h0009891,test_accession;test_entry_or_isoform_family;exact_test_sequence,Q9BYN7
h0009894,test_accession;test_entry_or_isoform_family;exact_test_sequence,Q96LI6
h0009905,test_entry_or_isoform_family,P56856-2
h0009909,test_accession;test_entry_or_isoform_family;exact_test_sequence,Q496A3
h0009919,test_entry_or_isoform_family,A6NM10-2
h0009926,test_accession;test_entry_or_isoform_family;exact_test_sequence,Q6ZN17
h0009937,test_accession;test_entry_or_isoform_family;exact_test_sequence,Q8NEP7
h0009941,test_entry_or_isoform_family,Q9UI26-2
h0009947,test_accession;test_entry_or_isoform_family;exact_test_sequence,Q9NS39
h0009952,test_entry_or_isoform_family,Q14494-2
h0009956,test_accession;test_entry_or_isoform_family;exact_test_sequence,Q9UKG4
h0009964,test_entry_or_isoform_family,Q96JP5-2
h0009985,test_accession;test_entry_or_isoform_family;exact_test_sequence,Q5SRI9
h0009994,test_accession;test_entry_or_isoform_family;exact_test_sequence,P08151
h0010003,test_entry_or_isoform_family,Q9H7E9-2
h0010005,test_accession;test_entry_or_isoform_family;exact_test_sequence,Q99731
h0010008,test_accession;test_entry_or_isoform_family;exact_test_sequence,Q9GZT5
h0010010,test_accession;test_entry_or_isoform_family;exact_test_sequence,O95600
h0010014,test_accession;test_entry_or_isoform_family;exact_test_sequence,Q9BUM1
h0010025,test_accession;test_entry_or_isoform_family;exact_test_sequence,A6NM10
h0010030,test_entry_or_isoform_family,P08195-3
h0010034,test_entry_or_isoform_family,Q9BUJ2-3
h0010039,test_accession;test_entry_or_isoform_family;exact_test_sequence,Q30KP8
h0010041,test_accession;test_entry_or_isoform_family;exact_test_sequence,P14854
h0010050,test_accession;test_entry_or_isoform_family;exact_test_sequence,P24864
h0010052,test_accession;test_entry_or_isoform_family;exact_test_sequence,Q8WUW1
h0010061,test_accession;test_entry_or_isoform_family,A9YTQ3
h0010067,test_accession;test_entry_or_isoform_family;exact_test_sequence,Q6ZW61
h0010068,test_accession;test_entry_or_isoform_family;exact_test_sequence,Q86UP3
h0010069,test_accession;test_entry_or_isoform_family;exact_test_sequence,P47901
h0010071,test_accession;test_entry_or_isoform_family;exact_test_sequence,Q9Y692
h0010078,test_accession;test_entry_or_isoform_family;exact_test_sequence,O43257
h0010081,test_accession;test_entry_or_isoform_family;exact_test_sequence,O75907
h0010097,test_accession;test_entry_or_isoform_family;exact_test_sequence,P56470
h0010100,test_entry_or_isoform_family,Q9UK53-2
h0010124,test_entry_or_isoform_family,Q9Y2Q3-2
h0010140,test_accession;test_entry_or_isoform_family;exact_test_sequence,Q96C86
h0010146,test_entry_or_isoform_family,Q8TB61-3
h0010153,test_accession;test_entry_or_isoform_family;exact_test_sequence,A8MWX3
h0010164,test_accession;test_entry_or_isoform_family;exact_test_sequence,Q15084
h0010179,test_accession;test_entry_or_isoform_family;exact_test_sequence,Q6NXT4
h0010201,test_accession;test_entry_or_isoform_family;exact_test_sequence,Q9H4Q4
h0010202,test_accession;test_entry_or_isoform_family;exact_test_sequence,Q66PJ3
h0010204,test_accession;test_entry_or_isoform_family;exact_test_sequence,P25025
h0010210,test_accession;test_entry_or_isoform_family;exact_test_sequence,P63279
h0010214,test_accession;test_entry_or_isoform_family;exact_test_sequence,Q9UN88
h0010219,test_accession;test_entry_or_isoform_family;exact_test_sequence,A3RJH1;Q92499
h0010222,test_entry_or_isoform_family,Q96MN9-2
h0010247,test_accession;test_entry_or_isoform_family;exact_test_sequence,O60266
h0010249,test_accession;test_entry_or_isoform_family;exact_test_sequence,Q9H2P0
h0010250,test_accession;test_entry_or_isoform_family;exact_test_sequence,Q9UBB5
h0010253,test_entry_or_isoform_family,Q9H8T0-2
h0010254,test_accession;test_entry_or_isoform_family;exact_test_sequence,Q12948
h0010262,test_accession;test_entry_or_isoform_family;exact_test_sequence,Q9UQQ1
h0010265,test_accession;test_entry_or_isoform_family;exact_test_sequence,Q8NCV1
h0010269,test_accession;test_entry_or_isoform_family;exact_test_sequence,Q9NUI1
h0010274,test_accession;test_entry_or_isoform_family;exact_test_sequence,Q9XRX5
h0010281,test_accession;test_entry_or_isoform_family;exact_test_sequence,Q9HC78
h0010284,test_accession;test_entry_or_isoform_family;exact_test_sequence,Q15648
h0010289,test_entry_or_isoform_family,Q14435-2
h0010309,test_accession;test_entry_or_isoform_family;exact_test_sequence,Q96FW1
h0010315,test_accession;test_entry_or_isoform_family;exact_test_sequence,Q9HB40
h0010333,test_accession;test_entry_or_isoform_family;exact_test_sequence,Q8IV16
h0010348,test_entry_or_isoform_family,Q08722-2
h0010350,test_accession;test_entry_or_isoform_family;exact_test_sequence,Q14296
h0010354,test_entry_or_isoform_family,Q7Z3K3-5
h0010367,test_accession;test_entry_or_isoform_family;exact_test_sequence,Q7Z4H3
h0010369,test_accession;test_entry_or_isoform_family;exact_test_sequence,Q96T21
h0010371,test_accession;test_entry_or_isoform_family;exact_test_sequence,Q9Y6H6
h0010375,test_entry_or_isoform_family,Q9BUJ2-4
h0010385,test_accession;test_entry_or_isoform_family;exact_test_sequence,O43298
h0010410,test_accession;test_entry_or_isoform_family,Q9Y2W3
h0010412,test_accession;test_entry_or_isoform_family;exact_test_sequence,Q9Y6M5
h0010416,test_accession;test_entry_or_isoform_family;exact_test_sequence,P25398
h0010427,test_accession;test_entry_or_isoform_family;exact_test_sequence,O75061
h0010436,test_accession;test_entry_or_isoform_family;exact_test_sequence,Q16587
h0010448,test_accession;test_entry_or_isoform_family;exact_test_sequence,Q8N4S0
h0010456,test_entry_or_isoform_family,Q8TCC3-2
h0010471,test_accession;test_entry_or_isoform_family;exact_test_sequence,Q16881
h0010487,test_entry_or_isoform_family,Q04609-8
h0010509,test_accession;test_entry_or_isoform_family;exact_test_sequence,Q8NDZ6
h0010512,test_entry_or_isoform_family,Q6YN16-2
h0010514,test_entry_or_isoform_family,Q8IXF0-2
h0010533,test_entry_or_isoform_family,Q03060-9
h0010541,test_accession;test_entry_or_isoform_family;exact_test_sequence,Q9Y3D7
h0010548,test_entry_or_isoform_family,Q9UHB6-4
h0010559,test_accession;test_entry_or_isoform_family;exact_test_sequence,Q9UBL3
h0010562,test_entry_or_isoform_family,P51610-4
h0010569,test_accession;test_entry_or_isoform_family;exact_test_sequence,Q96EU7
h0010572,test_accession;test_entry_or_isoform_family;exact_test_sequence,Q2KHT4
h0010573,test_accession;test_entry_or_isoform_family;exact_test_sequence,Q53G26;Q96EY1
h0010576,test_accession;test_entry_or_isoform_family;exact_test_sequence,P30550
h0010585,test_accession;test_entry_or_isoform_family;exact_test_sequence,P31153
h0010603,test_accession;test_entry_or_isoform_family,P01106
h0010616,test_accession;test_entry_or_isoform_family;exact_test_sequence,P48167
h0010625,test_entry_or_isoform_family,P60201-2
h0010636,test_accession;test_entry_or_isoform_family;exact_test_sequence,P04090
h0010639,test_accession;test_entry_or_isoform_family;exact_test_sequence,Q9NPE3
h0010647,test_entry_or_isoform_family,O75170-2
h0010664,test_entry_or_isoform_family,Q9ULX6-2
h0010670,test_accession;test_entry_or_isoform_family;exact_test_sequence,Q7Z3H4
h0010671,test_accession;test_entry_or_isoform_family;exact_test_sequence,Q9NR50
h0010677,test_accession;test_entry_or_isoform_family;exact_test_sequence,P53567
h0010698,test_accession;test_entry_or_isoform_family;exact_test_sequence,Q6PEY1
h0010705,test_accession;test_entry_or_isoform_family;exact_test_sequence,Q5T0Z8
h0010711,test_entry_or_isoform_family,Q8N8B7-2
h0010724,test_accession;test_entry_or_isoform_family;exact_test_sequence,P50539
h0010726,test_entry_or_isoform_family,Q96B02-2
h0010729,test_accession;test_entry_or_isoform_family;exact_test_sequence,Q8ND83
h0010731,test_accession;test_entry_or_isoform_family;exact_test_sequence,Q9UJ37
h0010736,test_entry_or_isoform_family,Q8N0Y2-2
h0010748,test_accession;test_entry_or_isoform_family;exact_test_sequence,Q8NDZ0
h0010753,test_accession;test_entry_or_isoform_family;exact_test_sequence,Q8N3C0
h0010763,test_entry_or_isoform_family,Q9UH92-3
h0010769,test_accession;test_entry_or_isoform_family;exact_test_sequence,Q7RTS6
h0010770,test_entry_or_isoform_family,Q86YP4-3
h0010778,test_entry_or_isoform_family,Q96IJ6-2
h0010780,test_accession;test_entry_or_isoform_family;exact_test_sequence,O96009
h0010786,test_accession;test_entry_or_isoform_family;exact_test_sequence,Q8WYA1
h0010826,test_accession;test_entry_or_isoform_family;exact_test_sequence,Q96HQ2
h0010829,test_accession;test_entry_or_isoform_family;exact_test_sequence,P13807
h0010830,test_entry_or_isoform_family,Q5JXC2-2
h0010831,test_accession;test_entry_or_isoform_family;exact_test_sequence,Q96NJ5
h0010833,test_entry_or_isoform_family,Q9BU23-2
h0010839,test_entry_or_isoform_family,Q9Y6M7-6
h0010871,test_accession;test_entry_or_isoform_family;exact_test_sequence,Q9Y2V2
h0010880,test_accession;test_entry_or_isoform_family;exact_test_sequence,C9JCN9
h0010883,test_accession;test_entry_or_isoform_family;exact_test_sequence,Q9UPM9
h0010890,test_accession;test_entry_or_isoform_family;exact_test_sequence,Q99547
h0010896,test_entry_or_isoform_family,Q99460-2
h0010906,test_accession;test_entry_or_isoform_family;exact_test_sequence,Q9Y2Y4
h0010927,test_accession;test_entry_or_isoform_family;exact_test_sequence,Q8NGK6
h0010930,test_entry_or_isoform_family,Q8WYB5-2
h0010932,test_accession;test_entry_or_isoform_family;exact_test_sequence,Q11203
h0010935,test_entry_or_isoform_family,P62633-7
h0010940,test_entry_or_isoform_family,Q32P28-3
h0010944,test_accession;test_entry_or_isoform_family;exact_test_sequence,O15374
h0010945,test_accession;test_entry_or_isoform_family;exact_test_sequence,Q13227
h0010949,test_accession;test_entry_or_isoform_family;exact_test_sequence,Q9H0D2
h0010951,test_accession;test_entry_or_isoform_family;exact_test_sequence,O14734
h0010953,test_accession;test_entry_or_isoform_family;exact_test_sequence,Q9P055
h0010961,test_accession;test_entry_or_isoform_family;exact_test_sequence,Q6IQ21
h0010962,test_entry_or_isoform_family,Q03060-25
h0010968,test_entry_or_isoform_family,P14416-3
h0010976,test_entry_or_isoform_family,Q8N490-2
h0010982,test_accession;test_entry_or_isoform_family;exact_test_sequence,Q9NZC7
h0010983,test_accession;test_entry_or_isoform_family;exact_test_sequence,B3KTP4;Q9BWW8
h0010991,test_accession;test_entry_or_isoform_family;exact_test_sequence,Q13330
h0010995,test_accession;test_entry_or_isoform_family;exact_test_sequence,O95391
h0011001,test_accession;test_entry_or_isoform_family;exact_test_sequence,Q9NQR4
h0011011,test_accession;test_entry_or_isoform_family;exact_test_sequence,Q8TBB6
h0011021,test_entry_or_isoform_family,Q8N9M1-2
h0011033,test_accession;test_entry_or_isoform_family;exact_test_sequence,P37059
h0011037,test_accession;test_entry_or_isoform_family;exact_test_sequence,Q6ZVT0
h0011038,test_accession;test_entry_or_isoform_family;exact_test_sequence,P48728
h0011041,test_accession;test_entry_or_isoform_family;exact_test_sequence,Q9NR77
h0011062,test_accession;test_entry_or_isoform_family;exact_test_sequence,Q86YI8
h0011070,test_accession;test_entry_or_isoform_family;exact_test_sequence,Q9UKN5
h0011072,test_accession;test_entry_or_isoform_family;exact_test_sequence,Q9Y473
h0011073,test_accession;test_entry_or_isoform_family;exact_test_sequence,Q9BWH2
h0011078,test_accession;test_entry_or_isoform_family;exact_test_sequence,Q9UI14
h0011104,test_entry_or_isoform_family,Q96K58-2
h0011114,test_accession;test_entry_or_isoform_family;exact_test_sequence,O96001
h0011115,test_accession;test_entry_or_isoform_family;exact_test_sequence,Q9NPI1
h0011127,test_accession;test_entry_or_isoform_family;exact_test_sequence,Q9Y4X4
h0011155,test_accession;test_entry_or_isoform_family;exact_test_sequence,Q13423
h0011169,test_accession;test_entry_or_isoform_family;exact_test_sequence,Q8TAZ6
h0011170,test_accession;test_entry_or_isoform_family;exact_test_sequence,Q9NX76
h0011171,test_entry_or_isoform_family,Q92576-2
h0011179,test_accession;test_entry_or_isoform_family;exact_test_sequence,Q8TED1
h0011181,test_accession;test_entry_or_isoform_family;exact_test_sequence,P62495
h0011185,test_accession;test_entry_or_isoform_family;exact_test_sequence,Q9BT56
h0011193,test_accession;test_entry_or_isoform_family;exact_test_sequence,Q9Y5Q6
h0011196,test_accession;test_entry_or_isoform_family;exact_test_sequence,P01160
h0011197,test_accession;test_entry_or_isoform_family;exact_test_sequence,Q9Y2T6
h0011207,test_accession;test_entry_or_isoform_family;exact_test_sequence,O60927
h0011223,test_accession;test_entry_or_isoform_family;exact_test_sequence,Q9GZP4
h0011230,test_accession;test_entry_or_isoform_family;exact_test_sequence,O75414
h0011232,test_accession;test_entry_or_isoform_family;exact_test_sequence,Q96DE5
h0011241,test_accession;test_entry_or_isoform_family;exact_test_sequence,Q7Z5S9
h0011242,test_entry_or_isoform_family,P51608-2
h0011245,test_accession;test_entry_or_isoform_family;exact_test_sequence,Q86Y38
h0011246,test_accession;test_entry_or_isoform_family;exact_test_sequence,Q9Y6P5
h0011247,test_accession;test_entry_or_isoform_family;exact_test_sequence,P07360
h0011248,test_accession;test_entry_or_isoform_family;exact_test_sequence,A2RUB6
h0011263,test_entry_or_isoform_family,Q9NZH6-2
h0011266,test_accession;test_entry_or_isoform_family;exact_test_sequence,Q8NBK3
h0011270,test_accession;test_entry_or_isoform_family;exact_test_sequence,Q9BZE0
h0011271,test_accession;test_entry_or_isoform_family;exact_test_sequence,Q13029
h0011279,test_entry_or_isoform_family,Q92766-2
h0011281,test_entry_or_isoform_family,Q5THK1-4
h0011282,test_accession;test_entry_or_isoform_family;exact_test_sequence,Q6TDP4
h0011285,test_entry_or_isoform_family,Q96JJ7-2
h0011293,test_accession;test_entry_or_isoform_family;exact_test_sequence,Q86VK4
h0011300,test_accession;test_entry_or_isoform_family;exact_test_sequence,P13987
h0011301,test_accession;test_entry_or_isoform_family;exact_test_sequence,Q96LY2
h0011304,test_entry_or_isoform_family,Q96B42-2
h0011311,test_entry_or_isoform_family,Q2QGD7-2
h0011312,test_entry_or_isoform_family,Q9UGP5-2
h0011316,test_accession;test_entry_or_isoform_family;exact_test_sequence,Q14188
h0011318,test_accession;test_entry_or_isoform_family;exact_test_sequence,Q9Y468
h0011335,test_accession;test_entry_or_isoform_family;exact_test_sequence,Q8N3I7
h0011353,test_entry_or_isoform_family,O00391-2
h0011356,test_accession;test_entry_or_isoform_family;exact_test_sequence,Q9Y3E5
h0011359,test_accession;test_entry_or_isoform_family;exact_test_sequence,O43396
h0011364,test_accession;test_entry_or_isoform_family;exact_test_sequence,Q9Y664
h0011366,test_accession;test_entry_or_isoform_family;exact_test_sequence,Q9UPR6
h0011369,test_accession;test_entry_or_isoform_family;exact_test_sequence,P47928
h0011373,test_accession;test_entry_or_isoform_family;exact_test_sequence,Q9HCP6
h0011375,test_accession;test_entry_or_isoform_family,Q9UKU6
h0011376,test_accession;test_entry_or_isoform_family;exact_test_sequence,P49715
h0011379,test_accession;test_entry_or_isoform_family;exact_test_sequence,Q9UIF9
h0011380,test_accession;test_entry_or_isoform_family;exact_test_sequence,O43623
h0011390,test_accession;test_entry_or_isoform_family;exact_test_sequence,Q6DN03
h0011393,test_accession;test_entry_or_isoform_family;exact_test_sequence,Q9UBY8
h0011399,test_accession;test_entry_or_isoform_family;exact_test_sequence,O95825
h0011400,test_accession;test_entry_or_isoform_family;exact_test_sequence,P49368
h0011424,test_accession;test_entry_or_isoform_family;exact_test_sequence,P50440
h0011427,test_accession;test_entry_or_isoform_family;exact_test_sequence,Q99519
h0011429,test_accession;test_entry_or_isoform_family;exact_test_sequence,P40394
h0011431,test_accession;test_entry_or_isoform_family;exact_test_sequence,Q3B726
h0011437,test_accession;test_entry_or_isoform_family;exact_test_sequence,P50990
h0011449,test_accession;test_entry_or_isoform_family;exact_test_sequence,O60671
h0011455,test_accession;test_entry_or_isoform_family;exact_test_sequence,Q96I36
h0011461,test_accession;test_entry_or_isoform_family;exact_test_sequence,A8MXD5
h0011464,test_accession;test_entry_or_isoform_family;exact_test_sequence,P07199
h0011467,test_accession;test_entry_or_isoform_family;exact_test_sequence,Q8N594
h0011480,test_entry_or_isoform_family,Q9Y573-2
h0011490,test_accession;test_entry_or_isoform_family;exact_test_sequence,Q96BX8
h0011492,test_accession;test_entry_or_isoform_family;exact_test_sequence,P30556
h0011500,test_entry_or_isoform_family,O75575-2
h0011506,test_entry_or_isoform_family,O75061-2
h0011515,test_accession;test_entry_or_isoform_family;exact_test_sequence,P13501
h0011519,test_accession;test_entry_or_isoform_family;exact_test_sequence,P78330
h0011550,test_entry_or_isoform_family,Q8IY92-2
h0011558,test_accession;test_entry_or_isoform_family;exact_test_sequence,P80365
h0011575,test_accession;test_entry_or_isoform_family;exact_test_sequence,Q9H0E9
h0011608,test_accession;test_entry_or_isoform_family;exact_test_sequence,O75161
h0011611,test_entry_or_isoform_family,Q5T8I3-2
h0011612,test_accession;test_entry_or_isoform_family;exact_test_sequence,Q5F1R6
h0011613,test_accession;test_entry_or_isoform_family;exact_test_sequence,Q14697
h0011622,test_accession;test_entry_or_isoform_family;exact_test_sequence,Q9NPJ8
h0011626,test_accession;test_entry_or_isoform_family;exact_test_sequence,Q7RTU4
h0011631,test_accession;test_entry_or_isoform_family;exact_test_sequence,Q9BU19
h0011636,test_accession;test_entry_or_isoform_family;exact_test_sequence,P61296
h0011637,test_accession;test_entry_or_isoform_family;exact_test_sequence,P16035
h0011639,test_accession;test_entry_or_isoform_family;exact_test_sequence,Q9BYS1
h0011652,test_accession;test_entry_or_isoform_family;exact_test_sequence,O43612
h0011669,test_accession;test_entry_or_isoform_family;exact_test_sequence,Q9P2X7
h0011677,test_entry_or_isoform_family,Q9NZC7-3
h0011679,test_entry_or_isoform_family,P07992-3
h0011695,test_accession;test_entry_or_isoform_family;exact_test_sequence,Q5MJ10
h0011714,test_entry_or_isoform_family,Q9HD20-2
h0011717,test_accession;test_entry_or_isoform_family;exact_test_sequence,Q02153
h0011719,test_accession;test_entry_or_isoform_family;exact_test_sequence,Q4W5G0
h0011725,test_entry_or_isoform_family,Q9Y5K5-2
h0011732,test_accession;test_entry_or_isoform_family;exact_test_sequence,O14764
h0011733,test_entry_or_isoform_family,Q6IBW4-2
h0011735,test_entry_or_isoform_family,P41597-2
h0011739,test_entry_or_isoform_family,O15409-4
h0011743,test_accession;test_entry_or_isoform_family;exact_test_sequence,Q9UJM8
h0011747,test_accession;test_entry_or_isoform_family;exact_test_sequence,Q9Y6Q9
h0011748,test_accession;test_entry_or_isoform_family;exact_test_sequence,Q9NXZ2
h0011764,test_accession;test_entry_or_isoform_family;exact_test_sequence,P20396
h0011771,test_accession;test_entry_or_isoform_family;exact_test_sequence,O95169
h0011774,test_entry_or_isoform_family,Q9NZI5-3
h0011792,test_accession;test_entry_or_isoform_family;exact_test_sequence,Q9UNP4
h0011797,test_accession;test_entry_or_isoform_family;exact_test_sequence,Q9GZM5
h0011802,test_accession;test_entry_or_isoform_family;exact_test_sequence,Q9BZJ8
h0011807,test_accession;test_entry_or_isoform_family;exact_test_sequence,Q92576
h0011822,test_entry_or_isoform_family,Q9NSC2-2
h0011832,test_accession;test_entry_or_isoform_family;exact_test_sequence,Q96HH6
h0011847,test_accession;test_entry_or_isoform_family;exact_test_sequence,P49356
h0011860,test_accession;test_entry_or_isoform_family;exact_test_sequence,Q14CZ7
h0011866,test_accession;test_entry_or_isoform_family;exact_test_sequence,P22466
h0011876,test_accession;test_entry_or_isoform_family;exact_test_sequence,Q969M3
h0011884,test_accession;test_entry_or_isoform_family;exact_test_sequence,Q5VUA4
h0011905,test_accession;test_entry_or_isoform_family;exact_test_sequence,Q05639
h0011907,test_entry_or_isoform_family,Q9NZ53-2
h0011913,test_accession;test_entry_or_isoform_family;exact_test_sequence,P52435
h0011917,test_accession;test_entry_or_isoform_family;exact_test_sequence,Q96FT9
h0011920,test_entry_or_isoform_family,Q15562-2
h0011924,test_accession;test_entry_or_isoform_family;exact_test_sequence,Q7Z5J1
h0011928,test_accession;test_entry_or_isoform_family;exact_test_sequence,Q8IYD8
h0011933,test_accession;test_entry_or_isoform_family;exact_test_sequence,P11926
h0011936,test_accession;test_entry_or_isoform_family;exact_test_sequence,Q99543
h0011938,test_accession;test_entry_or_isoform_family;exact_test_sequence,Q99523
h0011940,test_accession;test_entry_or_isoform_family;exact_test_sequence,O43934
h0011944,test_entry_or_isoform_family,O75909-2
h0011945,test_accession;test_entry_or_isoform_family;exact_test_sequence,P23769
h0011949,test_accession;test_entry_or_isoform_family;exact_test_sequence,P0C7P0
h0011958,test_entry_or_isoform_family,Q96LY2-2
h0011974,test_accession;test_entry_or_isoform_family;exact_test_sequence,P21246
h0011982,test_accession;test_entry_or_isoform_family;exact_test_sequence,Q8TAX7
h0011991,test_entry_or_isoform_family,Q15853-3
h0012010,test_accession;test_entry_or_isoform_family;exact_test_sequence,P50052
h0012011,test_accession;test_entry_or_isoform_family;exact_test_sequence,A9UGY9;Q9H1Y0
h0012016,test_accession;test_entry_or_isoform_family;exact_test_sequence,Q7Z2T5
h0012017,test_accession;test_entry_or_isoform_family;exact_test_sequence,Q96MW1
h0012022,test_accession;test_entry_or_isoform_family;exact_test_sequence,Q9NYV6
h0012025,test_accession;test_entry_or_isoform_family;exact_test_sequence,Q96PB1
h0012031,test_accession;test_entry_or_isoform_family;exact_test_sequence,Q86UP8
h0012039,test_accession;test_entry_or_isoform_family;exact_test_sequence,Q9NVR0
h0012046,test_entry_or_isoform_family,Q99941-2
h0012047,test_accession;test_entry_or_isoform_family;exact_test_sequence,Q9HBE1
h0012051,test_accession;test_entry_or_isoform_family;exact_test_sequence,Q99941
h0012052,test_accession;test_entry_or_isoform_family;exact_test_sequence,P82930
h0012064,test_accession;test_entry_or_isoform_family;exact_test_sequence,Q92833
h0012074,test_accession;test_entry_or_isoform_family;exact_test_sequence,P15502
h0012090,test_accession;test_entry_or_isoform_family;exact_test_sequence,P51397
h0012098,test_accession;test_entry_or_isoform_family;exact_test_sequence,Q58F21
h0012099,test_accession;test_entry_or_isoform_family;exact_test_sequence,A6NFD8
h0012100,test_accession;test_entry_or_isoform_family;exact_test_sequence,Q9BWW7
h0012113,test_accession;test_entry_or_isoform_family;exact_test_sequence,Q9BTX3
h0012115,test_accession;test_entry_or_isoform_family;exact_test_sequence,Q8NES3
h0012119,test_accession;test_entry_or_isoform_family;exact_test_sequence,Q86UK7
h0012122,test_accession;test_entry_or_isoform_family,Q96K58
h0012126,test_accession;test_entry_or_isoform_family;exact_test_sequence,O75394
h0012129,test_accession;test_entry_or_isoform_family;exact_test_sequence,Q9BYP8
h0012130,test_accession;test_entry_or_isoform_family;exact_test_sequence,P38117
h0012134,test_accession;test_entry_or_isoform_family;exact_test_sequence,Q9NX36
h0012137,test_accession;test_entry_or_isoform_family;exact_test_sequence,Q8WZ59
h0012143,test_accession;test_entry_or_isoform_family;exact_test_sequence,P51460
h0012145,test_accession;test_entry_or_isoform_family;exact_test_sequence,Q8IYA6
h0012148,test_accession;test_entry_or_isoform_family;exact_test_sequence,Q04446
h0012151,test_entry_or_isoform_family,P18847-3
h0012155,test_entry_or_isoform_family,Q8N3S3-2
h0012159,test_accession;test_entry_or_isoform_family;exact_test_sequence,Q9NX58
h0012177,test_entry_or_isoform_family,P30411-2
h0012183,test_accession;test_entry_or_isoform_family;exact_test_sequence,P62888
h0012189,test_accession;test_entry_or_isoform_family;exact_test_sequence,Q9NZF1
h0012193,test_accession;test_entry_or_isoform_family;exact_test_sequence,Q9BUZ4
h0012194,test_accession;test_entry_or_isoform_family;exact_test_sequence,Q92847
h0012195,test_accession;test_entry_or_isoform_family;exact_test_sequence,P02765
h0012196,test_accession;test_entry_or_isoform_family;exact_test_sequence,P41227
h0012201,test_accession;test_entry_or_isoform_family;exact_test_sequence,Q9UJV9
h0012204,test_accession;test_entry_or_isoform_family;exact_test_sequence,P50553
h0012212,test_accession;test_entry_or_isoform_family;exact_test_sequence,Q6IE81
h0012226,test_accession;test_entry_or_isoform_family;exact_test_sequence,Q9H1X3
h0012228,test_entry_or_isoform_family,Q8IXF0-4
h0012231,test_accession;test_entry_or_isoform_family;exact_test_sequence,P61073
h0012233,test_accession;test_entry_or_isoform_family;exact_test_sequence,Q9H4Z2
h0012234,test_accession;test_entry_or_isoform_family;exact_test_sequence,Q5BKX6
h0012242,test_accession;test_entry_or_isoform_family;exact_test_sequence,O75593
h0012266,test_accession;test_entry_or_isoform_family;exact_test_sequence,Q8TCN5
h0012271,test_entry_or_isoform_family,Q8N6F1-2
h0012286,test_entry_or_isoform_family,O60315-2
h0012296,test_accession;test_entry_or_isoform_family;exact_test_sequence,P49768
h0012316,test_accession;test_entry_or_isoform_family;exact_test_sequence,Q9NW08
h0012317,test_accession;test_entry_or_isoform_family;exact_test_sequence,O60216
h0012320,test_accession;test_entry_or_isoform_family;exact_test_sequence,Q14914
h0012325,test_accession;test_entry_or_isoform_family;exact_test_sequence,Q9H3C7
h0012327,test_entry_or_isoform_family,Q16637-2
h0012333,test_accession;test_entry_or_isoform_family;exact_test_sequence,Q8NEW0
h0012357,test_accession;test_entry_or_isoform_family;exact_test_sequence,Q8TAE8
h0012362,test_accession;test_entry_or_isoform_family;exact_test_sequence,Q8NBF6
h0012365,test_entry_or_isoform_family,Q9H0E9-3
h0012371,test_accession;test_entry_or_isoform_family;exact_test_sequence,Q04609
h0012382,test_accession;test_entry_or_isoform_family;exact_test_sequence,O95571
h0012392,test_entry_or_isoform_family,Q6ZSZ5-1
h0012402,test_entry_or_isoform_family,Q8TBC5-2
h0012406,test_entry_or_isoform_family,Q9BU19-2
h0012407,test_accession;test_entry_or_isoform_family;exact_test_sequence,P31025
h0012416,test_entry_or_isoform_family,Q8N2G8-2
h0012427,test_accession;test_entry_or_isoform_family;exact_test_sequence,Q8N9N2
h0012439,test_accession;test_entry_or_isoform_family;exact_test_sequence,Q8IY34
h0012447,test_entry_or_isoform_family,Q12906-7
h0012465,test_entry_or_isoform_family,P11161-2
h0012469,test_accession;test_entry_or_isoform_family;exact_test_sequence,Q9NR48
h0012470,test_accession;test_entry_or_isoform_family;exact_test_sequence,P30040
h0012471,test_accession;test_entry_or_isoform_family;exact_test_sequence,Q9H6L2
h0012488,test_accession;test_entry_or_isoform_family;exact_test_sequence,Q96MN9
h0012489,test_accession;test_entry_or_isoform_family;exact_test_sequence,Q96FI4
h0012491,test_entry_or_isoform_family,P13716-2
h0012498,test_accession;test_entry_or_isoform_family;exact_test_sequence,Q16568
h0012505,test_accession;test_entry_or_isoform_family;exact_test_sequence,Q5JQF7
h0012510,test_entry_or_isoform_family,Q92890-1
h0012519,test_accession;test_entry_or_isoform_family;exact_test_sequence,Q9HCE3
h0012521,test_accession;test_entry_or_isoform_family;exact_test_sequence,Q8TDL5
h0012538,test_accession;test_entry_or_isoform_family,Q13421
h0012541,test_accession;test_entry_or_isoform_family;exact_test_sequence,Q8IY47
h0012550,test_accession;test_entry_or_isoform_family;exact_test_sequence,Q9H4Q3
h0012556,test_accession;test_entry_or_isoform_family;exact_test_sequence,O14958
h0012562,test_accession;test_entry_or_isoform_family;exact_test_sequence,Q01814
h0012571,test_accession;test_entry_or_isoform_family;exact_test_sequence,Q9NVH1
h0012577,test_accession;test_entry_or_isoform_family;exact_test_sequence,Q5TGS1
h0012592,test_accession;test_entry_or_isoform_family;exact_test_sequence,Q6PJ61
h0012608,test_accession;test_entry_or_isoform_family;exact_test_sequence,Q13105
h0012609,test_accession;test_entry_or_isoform_family;exact_test_sequence,Q9BRG1
h0012613,test_accession;test_entry_or_isoform_family;exact_test_sequence,Q13485
h0012614,test_accession;test_entry_or_isoform_family;exact_test_sequence,Q6P1X6
h0012617,test_entry_or_isoform_family,Q9H2U1-2
h0012618,test_accession;test_entry_or_isoform_family;exact_test_sequence,O15062
h0012619,test_entry_or_isoform_family,Q9UHM6-2
h0012620,test_accession;test_entry_or_isoform_family;exact_test_sequence,P07101
h0012623,test_accession;test_entry_or_isoform_family;exact_test_sequence,Q9NV12
h0012631,test_accession;test_entry_or_isoform_family;exact_test_sequence,P09234;Q5TAL4
h0012634,test_accession;test_entry_or_isoform_family;exact_test_sequence,Q9BYD6
h0012636,test_accession;test_entry_or_isoform_family;exact_test_sequence,Q8WZA1
h0012656,test_accession;test_entry_or_isoform_family;exact_test_sequence,Q9ULU4
h0012663,test_accession;test_entry_or_isoform_family;exact_test_sequence,O00453
h0012684,test_accession;test_entry_or_isoform_family;exact_test_sequence,O75764
h0012699,test_accession;test_entry_or_isoform_family;exact_test_sequence,P26196
h0012700,test_accession;test_entry_or_isoform_family;exact_test_sequence,Q16718
h0012715,test_accession;test_entry_or_isoform_family;exact_test_sequence,A8K517;P62266
h0012726,test_accession;test_entry_or_isoform_family;exact_test_sequence,Q9ULD5
h0012727,test_accession;test_entry_or_isoform_family;exact_test_sequence,Q9NW75
h0012730,test_accession;test_entry_or_isoform_family;exact_test_sequence,Q9BXW4
h0012756,test_accession;test_entry_or_isoform_family;exact_test_sequence,Q8NEY8
h0012758,test_accession;test_entry_or_isoform_family;exact_test_sequence,P20292
h0012762,test_entry_or_isoform_family,Q9NR11-2
h0012764,test_accession;test_entry_or_isoform_family;exact_test_sequence,Q9BT73
h0012767,test_accession;test_entry_or_isoform_family;exact_test_sequence,P82912
h0012772,test_accession;test_entry_or_isoform_family;exact_test_sequence,Q6ZSM3
h0012777,test_accession;test_entry_or_isoform_family;exact_test_sequence,P54132
h0012780,test_accession;test_entry_or_isoform_family;exact_test_sequence,Q02446
h0012782,test_accession;test_entry_or_isoform_family;exact_test_sequence,Q5TYW1
h0012786,test_accession;test_entry_or_isoform_family;exact_test_sequence,Q6ZSB9
h0012791,test_accession;test_entry_or_isoform_family;exact_test_sequence,Q14469
h0012797,test_accession;test_entry_or_isoform_family;exact_test_sequence,O95199
h0012809,test_accession;test_entry_or_isoform_family;exact_test_sequence,A0A140VK56;P37837
h0012814,test_accession;test_entry_or_isoform_family;exact_test_sequence,O60888
h0012815,test_accession;test_entry_or_isoform_family;exact_test_sequence,Q9UL36
h0012817,test_accession;test_entry_or_isoform_family;exact_test_sequence,O00488
h0012827,test_entry_or_isoform_family,P02686-2
h0012832,test_accession;test_entry_or_isoform_family;exact_test_sequence,Q96DD7
h0012838,test_accession;test_entry_or_isoform_family;exact_test_sequence,O95922
h0012853,test_accession;test_entry_or_isoform_family;exact_test_sequence,Q8NDX5
h0012857,test_accession;test_entry_or_isoform_family;exact_test_sequence,P41597
h0012859,test_accession;test_entry_or_isoform_family;exact_test_sequence,A6NCF5
h0012860,test_accession;test_entry_or_isoform_family;exact_test_sequence,Q7Z5J4
h0012861,test_accession;test_entry_or_isoform_family;exact_test_sequence,Q6PEW1
h0012866,test_entry_or_isoform_family,P05026-2
h0012871,test_accession;test_entry_or_isoform_family;exact_test_sequence,O15516
h0012873,test_accession;test_entry_or_isoform_family;exact_test_sequence,Q8NC60
h0012888,test_entry_or_isoform_family,Q9NR30-2
h0012893,test_entry_or_isoform_family,Q8IXQ5-4
h0012897,test_accession;test_entry_or_isoform_family;exact_test_sequence,Q8IX07
h0012911,test_entry_or_isoform_family,Q6UWU4-2
h0012916,test_accession;test_entry_or_isoform_family;exact_test_sequence,O43615
h0012932,test_accession;test_entry_or_isoform_family;exact_test_sequence,Q8TF20
h0012934,test_accession;test_entry_or_isoform_family;exact_test_sequence,Q9NZI5
h0012952,test_accession;test_entry_or_isoform_family;exact_test_sequence,Q6IAN0
h0012975,test_entry_or_isoform_family,P78347-4
h0012977,test_accession;test_entry_or_isoform_family;exact_test_sequence,Q8IUM7
h0012983,test_accession;test_entry_or_isoform_family;exact_test_sequence,Q9UPQ8
h0012998,test_accession;test_entry_or_isoform_family;exact_test_sequence,Q6ZSS7
h0013000,test_accession;test_entry_or_isoform_family;exact_test_sequence,Q9C009
h0013028,test_entry_or_isoform_family,O75381-2
h0013031,test_accession;test_entry_or_isoform_family;exact_test_sequence,Q6P1K8
h0013033,test_accession;test_entry_or_isoform_family;exact_test_sequence,O14863
h0013037,test_accession;test_entry_or_isoform_family;exact_test_sequence,P54259
h0013039,test_entry_or_isoform_family,Q96QU8-2
h0013044,test_accession;test_entry_or_isoform_family;exact_test_sequence,Q8TBX8
h0013050,test_entry_or_isoform_family,Q9Y468-1
h0013052,test_accession;test_entry_or_isoform_family;exact_test_sequence,Q14534
h0013062,test_entry_or_isoform_family,Q9NW15-3
h0013069,test_accession;test_entry_or_isoform_family;exact_test_sequence,P35414
h0013070,test_accession;test_entry_or_isoform_family;exact_test_sequence,Q16637
h0013082,test_entry_or_isoform_family,P61244-2
h0013084,test_accession;test_entry_or_isoform_family;exact_test_sequence,P35270
h0013093,test_accession;test_entry_or_isoform_family;exact_test_sequence,Q6UWU4
h0013094,test_accession;test_entry_or_isoform_family;exact_test_sequence,Q9P2G3
h0013101,test_entry_or_isoform_family,Q86UK7-2
h0013102,test_accession;test_entry_or_isoform_family;exact_test_sequence,Q8WV99
h0013104,test_accession;test_entry_or_isoform_family;exact_test_sequence,Q969S3
h0013106,test_entry_or_isoform_family,Q4LE39-2
h0013110,test_entry_or_isoform_family,P24530-3
h0013111,test_accession;test_entry_or_isoform_family;exact_test_sequence,Q6ZN55
h0013129,test_entry_or_isoform_family,Q9UGI8-2
h0013131,test_accession;test_entry_or_isoform_family;exact_test_sequence,Q9Y2Z2
h0013142,test_accession;test_entry_or_isoform_family;exact_test_sequence,Q9H0G5
h0013150,test_entry_or_isoform_family,Q96IT1-2
h0013151,test_accession;test_entry_or_isoform_family;exact_test_sequence,P20809
h0013172,test_accession;test_entry_or_isoform_family;exact_test_sequence,Q8NH61
h0013174,test_entry_or_isoform_family,Q9BYX4-2
h0013180,test_accession;test_entry_or_isoform_family;exact_test_sequence,Q8TE85
h0013188,test_entry_or_isoform_family,Q53FD0-2
h0013195,test_accession;test_entry_or_isoform_family;exact_test_sequence,P78369
h0013202,test_accession;test_entry_or_isoform_family;exact_test_sequence,Q9NTW7
h0013204,test_entry_or_isoform_family,P56270-2
h0013205,test_accession;test_entry_or_isoform_family;exact_test_sequence,A1A5B4
h0013207,test_accession;test_entry_or_isoform_family;exact_test_sequence,Q9NPC1
h0013208,test_accession;test_entry_or_isoform_family;exact_test_sequence,Q9HAZ2
h0013212,test_accession;test_entry_or_isoform_family;exact_test_sequence,Q8TBB5
h0013214,test_entry_or_isoform_family,Q9HCI6-2
h0013218,test_entry_or_isoform_family,Q14202-3
h0013220,test_accession;test_entry_or_isoform_family;exact_test_sequence,P30793
h0013221,test_accession;test_entry_or_isoform_family;exact_test_sequence,Q96EL2
h0013232,test_entry_or_isoform_family,Q9UGQ3-2
h0013235,test_entry_or_isoform_family,Q92993-4
h0013239,test_accession;test_entry_or_isoform_family;exact_test_sequence,Q9NZH6
h0013240,test_accession;test_entry_or_isoform_family;exact_test_sequence,Q969V1
h0013243,test_accession;test_entry_or_isoform_family;exact_test_sequence,Q9Y3B2
h0013244,test_entry_or_isoform_family,Q13639-7
h0013247,test_accession;test_entry_or_isoform_family;exact_test_sequence,O14925
h0013248,test_accession;test_entry_or_isoform_family;exact_test_sequence,Q14493
h0013253,test_accession;test_entry_or_isoform_family;exact_test_sequence,A8MXV4
h0013260,test_accession;test_entry_or_isoform_family;exact_test_sequence,O96006
h0013270,test_accession;test_entry_or_isoform_family;exact_test_sequence,Q49AN0
h0013271,test_accession;test_entry_or_isoform_family;exact_test_sequence,Q9UL63
h0013278,test_entry_or_isoform_family,Q9NVH1-2
h0013282,test_entry_or_isoform_family,Q8WWI5-3
h0013294,test_entry_or_isoform_family,P45880-2
h0013296,test_accession;test_entry_or_isoform_family;exact_test_sequence,Q01362
h0013297,test_accession;test_entry_or_isoform_family;exact_test_sequence,Q96GX8
h0013299,test_accession;test_entry_or_isoform_family;exact_test_sequence,P09912
h0013300,test_accession;test_entry_or_isoform_family;exact_test_sequence,Q7L7V1
h0013303,test_accession;test_entry_or_isoform_family;exact_test_sequence,Q13129
h0013305,test_accession;test_entry_or_isoform_family;exact_test_sequence,Q13127
h0013315,test_accession;test_entry_or_isoform_family;exact_test_sequence,Q9HAT2
h0013325,test_accession;test_entry_or_isoform_family;exact_test_sequence,Q9NS37
h0013326,test_accession;test_entry_or_isoform_family;exact_test_sequence,A1A519
h0013328,test_entry_or_isoform_family,Q9BVJ6-2
h0013339,test_accession;test_entry_or_isoform_family;exact_test_sequence,Q96JL9
h0013353,test_entry_or_isoform_family,Q96HC4-7
h0013360,test_accession;test_entry_or_isoform_family;exact_test_sequence,P54277
h0013363,test_entry_or_isoform_family,A3KN83-2
h0013370,test_accession;test_entry_or_isoform_family;exact_test_sequence,Q9UP52
h0013371,test_entry_or_isoform_family,P28698-3
h0013372,test_accession;test_entry_or_isoform_family;exact_test_sequence,Q96T68
h0013375,test_accession;test_entry_or_isoform_family;exact_test_sequence,Q16831
h0013385,test_accession;test_entry_or_isoform_family;exact_test_sequence,Q14722
h0013391,test_accession;test_entry_or_isoform_family;exact_test_sequence,Q96MU7
h0013392,test_accession;test_entry_or_isoform_family;exact_test_sequence,Q92560
h0013403,test_accession;test_entry_or_isoform_family;exact_test_sequence,Q9UPQ0
h0013423,test_accession;test_entry_or_isoform_family;exact_test_sequence,Q12907
h0013430,test_accession;test_entry_or_isoform_family;exact_test_sequence,Q9NZ42
h0013435,test_accession;test_entry_or_isoform_family;exact_test_sequence,Q92845
h0013439,test_entry_or_isoform_family,O00421-2
h0013448,test_accession;test_entry_or_isoform_family;exact_test_sequence,Q9UL41
h0013453,test_accession;test_entry_or_isoform_family;exact_test_sequence,Q99832
h0013454,test_accession;test_entry_or_isoform_family;exact_test_sequence,Q9NUL7
h0013466,test_accession;test_entry_or_isoform_family;exact_test_sequence,P23381
h0013469,test_accession;test_entry_or_isoform_family;exact_test_sequence,P49023
h0013472,test_accession;test_entry_or_isoform_family;exact_test_sequence,Q9NPA3
h0013476,test_accession;test_entry_or_isoform_family;exact_test_sequence,Q6P3S6
h0013480,test_entry_or_isoform_family,P54277-2
h0013496,test_accession;test_entry_or_isoform_family;exact_test_sequence,Q8N6N3
h0013499,test_accession;test_entry_or_isoform_family;exact_test_sequence,Q8N6T7
h0013500,test_accession;test_entry_or_isoform_family;exact_test_sequence,Q96NT0
h0013516,test_entry_or_isoform_family,Q8N2M8-3
h0013518,test_accession;test_entry_or_isoform_family;exact_test_sequence,Q9P0M6
h0013537,test_accession;test_entry_or_isoform_family;exact_test_sequence,P51808
h0013542,test_entry_or_isoform_family,Q9BU23-3
h0013543,test_accession;test_entry_or_isoform_family;exact_test_sequence,O95274
h0013547,test_entry_or_isoform_family,Q16881-4
h0013553,test_entry_or_isoform_family,A0AV02-2
h0013557,test_entry_or_isoform_family,P47870-1
h0013560,test_accession;test_entry_or_isoform_family;exact_test_sequence,Q9HBM0
h0013563,test_accession;test_entry_or_isoform_family;exact_test_sequence,Q14507
h0013566,test_entry_or_isoform_family,O00624-2
h0013569,test_entry_or_isoform_family,Q12906-6
h0013589,test_accession;test_entry_or_isoform_family;exact_test_sequence,Q8IW50
h0013597,test_entry_or_isoform_family,Q9H633-3
h0013605,test_accession;test_entry_or_isoform_family;exact_test_sequence,Q4LE39
h0013609,test_accession;test_entry_or_isoform_family;exact_test_sequence,Q8IYY4
h0013610,test_accession;test_entry_or_isoform_family;exact_test_sequence,Q9P2K2
h0013612,test_entry_or_isoform_family,Q8IXH7-4
h0013616,test_accession;test_entry_or_isoform_family;exact_test_sequence,Q6UWW0
h0013617,test_accession;test_entry_or_isoform_family;exact_test_sequence,P40145
h0013619,test_accession;test_entry_or_isoform_family;exact_test_sequence,Q969R5
h0013620,test_entry_or_isoform_family,Q496A3-2
h0013630,test_accession;test_entry_or_isoform_family;exact_test_sequence,O75569
h0013634,test_entry_or_isoform_family,Q9UPY3-2
h0013638,test_accession;test_entry_or_isoform_family;exact_test_sequence,Q9NUD5
h0013644,test_accession;test_entry_or_isoform_family;exact_test_sequence,P0CW19;P0CW20
h0013651,test_accession;test_entry_or_isoform_family;exact_test_sequence,P00390;V9HW90
h0013654,test_accession;test_entry_or_isoform_family;exact_test_sequence,Q8WXI9
h0013662,test_accession;test_entry_or_isoform_family;exact_test_sequence,Q14919
h0013666,test_accession;test_entry_or_isoform_family;exact_test_sequence,O15431
h0013670,test_accession;test_entry_or_isoform_family;exact_test_sequence,Q92665
h0013672,test_entry_or_isoform_family,Q8N5A5-2
h0013690,test_accession;test_entry_or_isoform_family;exact_test_sequence,Q96HE9
h0013696,test_accession;test_entry_or_isoform_family;exact_test_sequence,P60201
h0013704,test_entry_or_isoform_family,P29375-2
h0013708,test_accession;test_entry_or_isoform_family;exact_test_sequence,Q9P2P1
h0013712,test_accession;test_entry_or_isoform_family;exact_test_sequence,Q5JRM2
h0013728,test_accession;test_entry_or_isoform_family;exact_test_sequence,Q92905
h0013732,test_accession;test_entry_or_isoform_family;exact_test_sequence,P13010
h0013737,test_entry_or_isoform_family,O14639-2
h0013752,test_accession;test_entry_or_isoform_family;exact_test_sequence,Q9GZX5
h0013754,test_accession;test_entry_or_isoform_family;exact_test_sequence,P01275
h0013766,test_accession;test_entry_or_isoform_family;exact_test_sequence,Q96HJ3
h0013768,test_accession;test_entry_or_isoform_family;exact_test_sequence,P49682
h0013775,test_accession;test_entry_or_isoform_family;exact_test_sequence,P55769;Q6FHM6
h0013779,test_accession;test_entry_or_isoform_family;exact_test_sequence,Q8NCQ5
h0013781,test_entry_or_isoform_family,P23769-2
h0013785,test_accession;test_entry_or_isoform_family;exact_test_sequence,Q9UI17
h0013789,test_accession;test_entry_or_isoform_family;exact_test_sequence,B3SHH9
h0013792,test_accession;test_entry_or_isoform_family;exact_test_sequence,Q9NRG1
h0013796,test_entry_or_isoform_family,Q9UHK6-2
h0013798,test_accession;test_entry_or_isoform_family;exact_test_sequence,P04844
h0013805,test_accession;test_entry_or_isoform_family;exact_test_sequence,Q9BS40
h0013812,test_accession;test_entry_or_isoform_family;exact_test_sequence,Q12830
h0013822,test_accession;test_entry_or_isoform_family;exact_test_sequence,Q5TCM9
h0013827,test_accession;test_entry_or_isoform_family;exact_test_sequence,Q96RL1
h0013837,test_accession;test_entry_or_isoform_family;exact_test_sequence,P17676
h0013845,test_accession;test_entry_or_isoform_family;exact_test_sequence,P49913
h0013853,test_accession;test_entry_or_isoform_family,Q96JG9
h0013859,test_entry_or_isoform_family,P14416-2
h0013860,test_accession;test_entry_or_isoform_family,Q9Y467
h0013891,test_accession;test_entry_or_isoform_family;exact_test_sequence,P54253
h0013910,test_accession;test_entry_or_isoform_family;exact_test_sequence,Q9BXA5
h0013926,test_accession;test_entry_or_isoform_family;exact_test_sequence,P02753
h0013944,test_accession;test_entry_or_isoform_family;exact_test_sequence,Q17RS7
h0013954,test_accession;test_entry_or_isoform_family;exact_test_sequence,P05026
h0013957,test_accession;test_entry_or_isoform_family;exact_test_sequence,Q96E22
h0013958,test_entry_or_isoform_family,Q9Y4R7-5
h0013987,test_accession;test_entry_or_isoform_family;exact_test_sequence,P43351
h0014006,test_accession;test_entry_or_isoform_family;exact_test_sequence,P17568
h0014013,test_accession;test_entry_or_isoform_family;exact_test_sequence,Q92185
h0014016,test_accession;test_entry_or_isoform_family;exact_test_sequence,Q7Z6W1
h0014019,test_accession;test_entry_or_isoform_family;exact_test_sequence,O95936
h0014022,test_accession;test_entry_or_isoform_family;exact_test_sequence,P41159
h0014023,test_entry_or_isoform_family,Q9HB40-2
h0014030,test_accession;test_entry_or_isoform_family;exact_test_sequence,P43234
h0014032,test_entry_or_isoform_family,O60671-2
h0014040,test_accession;test_entry_or_isoform_family;exact_test_sequence,Q8WWZ3
h0014045,test_accession;test_entry_or_isoform_family;exact_test_sequence,Q9Y5J7
h0014053,test_entry_or_isoform_family,Q9ULV3-5
h0014056,test_entry_or_isoform_family,Q8WUP2-2
h0014058,test_accession;test_entry_or_isoform_family;exact_test_sequence,P40227
h0014062,test_accession;test_entry_or_isoform_family;exact_test_sequence,O95158
h0014066,test_accession;test_entry_or_isoform_family;exact_test_sequence,Q16236
h0014069,test_entry_or_isoform_family,Q6UWP2-2
h0014082,test_accession;test_entry_or_isoform_family;exact_test_sequence,Q9NV56
h0014085,test_accession;test_entry_or_isoform_family;exact_test_sequence,Q96L58
h0014089,test_accession;test_entry_or_isoform_family;exact_test_sequence,Q2VPB7
h0014092,test_accession;test_entry_or_isoform_family;exact_test_sequence,Q86WI0
h0014094,test_entry_or_isoform_family,Q9H8M2-3
h0014099,test_accession;test_entry_or_isoform_family;exact_test_sequence,P55085
h0014106,test_accession;test_entry_or_isoform_family;exact_test_sequence,Q8IW40
h0014118,test_entry_or_isoform_family,Q6N043-2
h0014119,test_accession;test_entry_or_isoform_family;exact_test_sequence,Q9BSR8
h0014120,test_accession;test_entry_or_isoform_family;exact_test_sequence,Q9NXJ0
h0014133,test_entry_or_isoform_family,Q13304-2
h0014134,test_accession;test_entry_or_isoform_family;exact_test_sequence,Q9H633
h0014139,test_accession;test_entry_or_isoform_family;exact_test_sequence,Q6ZRP7
h0014141,test_accession;test_entry_or_isoform_family;exact_test_sequence,Q8TAD7
h0014148,test_accession;test_entry_or_isoform_family;exact_test_sequence,P62263
h0014149,test_accession;test_entry_or_isoform_family;exact_test_sequence,Q00796
h0014150,test_accession;test_entry_or_isoform_family;exact_test_sequence,P49789
h0014157,test_accession;test_entry_or_isoform_family;exact_test_sequence,Q9NXB0
h0014162,test_accession;test_entry_or_isoform_family;exact_test_sequence,Q6PD74
h0014167,test_accession;test_entry_or_isoform_family;exact_test_sequence,Q9UGU0
h0014173,test_accession;test_entry_or_isoform_family;exact_test_sequence,Q9H8W3
h0014179,test_accession;test_entry_or_isoform_family;exact_test_sequence,Q16873
h0014182,test_entry_or_isoform_family,P30044-2
h0014194,test_accession;test_entry_or_isoform_family;exact_test_sequence,Q92889
h0014199,test_accession;test_entry_or_isoform_family;exact_test_sequence,Q15649
h0014227,test_accession;test_entry_or_isoform_family,Q7Z2G1
h0014228,test_accession;test_entry_or_isoform_family;exact_test_sequence,P57060
h0014229,test_accession;test_entry_or_isoform_family;exact_test_sequence,Q8N511
h0014241,test_accession;test_entry_or_isoform_family;exact_test_sequence,Q63HK3
h0014256,test_accession;test_entry_or_isoform_family;exact_test_sequence,Q6N075
h0014264,test_accession;test_entry_or_isoform_family;exact_test_sequence,Q8N335
h0014268,test_accession;test_entry_or_isoform_family;exact_test_sequence,O00303
h0014276,test_accession;test_entry_or_isoform_family;exact_test_sequence,Q5VYX0
h0014282,test_accession;test_entry_or_isoform_family;exact_test_sequence,Q15596
h0014285,test_accession;test_entry_or_isoform_family;exact_test_sequence,Q6JVE9
h0014287,test_accession;test_entry_or_isoform_family;exact_test_sequence,Q8N4Q1
h0014306,test_accession;test_entry_or_isoform_family;exact_test_sequence,Q8TAP8
h0014348,test_accession;test_entry_or_isoform_family;exact_test_sequence,Q9BXU8
h0014384,test_accession;test_entry_or_isoform_family;exact_test_sequence,Q9UPW0
h0014390,test_accession;test_entry_or_isoform_family;exact_test_sequence,Q96FG2
h0014400,test_accession;test_entry_or_isoform_family;exact_test_sequence,Q2TBC4
h0014410,test_accession;test_entry_or_isoform_family;exact_test_sequence,Q16775
h0014450,test_accession;test_entry_or_isoform_family;exact_test_sequence,Q92766
h0014458,test_accession;test_entry_or_isoform_family;exact_test_sequence,Q9BQE4
h0014469,test_accession;test_entry_or_isoform_family;exact_test_sequence,Q9BUJ2
h0014497,test_entry_or_isoform_family,Q96T68-2
h0014504,test_accession;test_entry_or_isoform_family;exact_test_sequence,Q8TC26
h0014510,test_entry_or_isoform_family,P46013-2
h0014511,test_accession;test_entry_or_isoform_family;exact_test_sequence,Q3B8N2
h0014531,test_accession;test_entry_or_isoform_family;exact_test_sequence,Q96DZ7
h0014542,test_accession;test_entry_or_isoform_family;exact_test_sequence,P49447
h0014544,test_accession;test_entry_or_isoform_family;exact_test_sequence,Q96CK0
h0014545,test_entry_or_isoform_family,Q9UNZ2-5
h0014547,test_accession;test_entry_or_isoform_family;exact_test_sequence,Q13428
h0014566,test_accession;test_entry_or_isoform_family;exact_test_sequence,P56856
h0014570,test_accession;test_entry_or_isoform_family;exact_test_sequence,Q75WM6
h0014575,test_accession;test_entry_or_isoform_family;exact_test_sequence,P58012
h0014578,test_accession;test_entry_or_isoform_family;exact_test_sequence,Q8WUP2
h0014579,test_entry_or_isoform_family,Q5TYW1-2
h0014587,test_accession;test_entry_or_isoform_family;exact_test_sequence,Q8TCX1
h0014593,test_accession;test_entry_or_isoform_family;exact_test_sequence,Q14165
h0014594,test_accession;test_entry_or_isoform_family;exact_test_sequence,Q9H3U5
h0014596,test_accession;test_entry_or_isoform_family;exact_test_sequence,Q08462
h0014602,test_accession;test_entry_or_isoform_family;exact_test_sequence,Q969F8
h0014603,test_accession;test_entry_or_isoform_family;exact_test_sequence,Q9BRJ6
h0014604,test_accession;test_entry_or_isoform_family;exact_test_sequence,Q86XP3
h0014605,test_accession;test_entry_or_isoform_family;exact_test_sequence,Q8IY95
h0014612,test_accession;test_entry_or_isoform_family;exact_test_sequence,P19544
h0014613,test_accession;test_entry_or_isoform_family;exact_test_sequence,Q9P203
h0014614,test_accession;test_entry_or_isoform_family;exact_test_sequence,Q96N21
h0014616,test_accession;test_entry_or_isoform_family;exact_test_sequence,Q6IQ16
h0014625,test_accession;test_entry_or_isoform_family;exact_test_sequence,Q9HAS0
h0014627,test_accession;test_entry_or_isoform_family;exact_test_sequence,P18847
h0014639,test_entry_or_isoform_family,Q7Z6M1-2
h0014645,test_accession;test_entry_or_isoform_family;exact_test_sequence,O60583
h0014656,test_accession;test_entry_or_isoform_family;exact_test_sequence,A0PJY2
h0014657,test_accession;test_entry_or_isoform_family;exact_test_sequence,O75506
h0014664,test_entry_or_isoform_family,A8MW92-2
h0014667,test_entry_or_isoform_family,Q13428-4
h0014675,test_accession;test_entry_or_isoform_family;exact_test_sequence,P48637
h0014687,test_entry_or_isoform_family,Q9UIF8-2
h0014694,test_accession;test_entry_or_isoform_family;exact_test_sequence,Q9NW07
h0014700,test_accession;test_entry_or_isoform_family;exact_test_sequence,Q49MG5
h0014707,test_accession;test_entry_or_isoform_family;exact_test_sequence,Q569K4
h0014726,test_entry_or_isoform_family,Q8NFD5-2
h0014729,test_accession;test_entry_or_isoform_family;exact_test_sequence,Q5VT40
h0014737,test_accession;test_entry_or_isoform_family;exact_test_sequence,Q9UM22
h0014742,test_entry_or_isoform_family,Q15697-2
h0014744,test_accession;test_entry_or_isoform_family;exact_test_sequence,P49327
h0014748,test_accession;test_entry_or_isoform_family;exact_test_sequence,Q9UFB7
h0014749,test_accession;test_entry_or_isoform_family;exact_test_sequence,Q8TCT6
h0014753,test_accession;test_entry_or_isoform_family;exact_test_sequence,Q9Y3E2
h0014757,test_accession;test_entry_or_isoform_family;exact_test_sequence,Q8TD33
h0014758,test_accession;test_entry_or_isoform_family;exact_test_sequence,Q9H244
h0014772,test_accession;test_entry_or_isoform_family;exact_test_sequence,O95445
h0014780,test_accession;test_entry_or_isoform_family;exact_test_sequence,Q6U736
h0014806,test_entry_or_isoform_family,P29374-3
h0014808,test_accession;test_entry_or_isoform_family;exact_test_sequence,P53384
h0014816,test_accession;test_entry_or_isoform_family;exact_test_sequence,Q9NRL2
h0014817,test_accession;test_entry_or_isoform_family;exact_test_sequence,Q99497;V9HWC2
h0014827,test_accession;test_entry_or_isoform_family;exact_test_sequence,Q96HJ5
h0014833,test_accession;test_entry_or_isoform_family;exact_test_sequence,P14416
h0014835,test_accession;test_entry_or_isoform_family;exact_test_sequence,Q9NRY2
h0014840,test_accession;test_entry_or_isoform_family;exact_test_sequence,Q8NCR9
h0014847,test_accession;test_entry_or_isoform_family;exact_test_sequence,P10071
h0014856,test_accession;test_entry_or_isoform_family;exact_test_sequence,P62854
h0014862,test_accession;test_entry_or_isoform_family;exact_test_sequence,Q6P179
h0014868,test_accession;test_entry_or_isoform_family;exact_test_sequence,Q69YG0
h0014877,test_entry_or_isoform_family;exact_test_sequence,P78312-1
h0014879,test_accession;test_entry_or_isoform_family;exact_test_sequence,Q17R98
h0014886,test_entry_or_isoform_family,Q9ULD4-2
h0014893,test_accession;test_entry_or_isoform_family;exact_test_sequence,Q9BZS1
h0014905,test_accession;test_entry_or_isoform_family;exact_test_sequence,O95237
h0014906,test_accession;test_entry_or_isoform_family;exact_test_sequence,Q8NBI6
h0014914,test_accession;test_entry_or_isoform_family;exact_test_sequence,Q8N1A6
h0014925,test_accession;test_entry_or_isoform_family;exact_test_sequence,Q969Q0
h0014927,test_accession;test_entry_or_isoform_family;exact_test_sequence,Q8N680
h0014951,test_entry_or_isoform_family,Q9UNL4-2
h0014954,test_accession;test_entry_or_isoform_family;exact_test_sequence,Q96LB1
h0014971,test_entry_or_isoform_family,Q9H3H5-2
h0014977,test_accession;test_entry_or_isoform_family;exact_test_sequence,Q6R327
h0014978,test_accession;test_entry_or_isoform_family;exact_test_sequence,Q8IXQ5
h0014983,test_accession;test_entry_or_isoform_family;exact_test_sequence,Q9UHJ9
h0014988,test_accession;test_entry_or_isoform_family;exact_test_sequence,Q49A26
h0014992,test_entry_or_isoform_family,Q96N21-2
h0015009,test_accession;test_entry_or_isoform_family;exact_test_sequence,O15318
h0015013,test_accession;test_entry_or_isoform_family;exact_test_sequence,O95201
h0015020,test_accession;test_entry_or_isoform_family;exact_test_sequence,Q9Y5Y3
h0015021,test_accession;test_entry_or_isoform_family;exact_test_sequence,Q15672
h0015028,test_entry_or_isoform_family,Q5VVX9-2
h0015034,test_accession;test_entry_or_isoform_family;exact_test_sequence,P15336
h0015039,test_accession;test_entry_or_isoform_family;exact_test_sequence,P04053
h0015042,test_entry_or_isoform_family,Q96LX7-5
h0015050,test_accession;test_entry_or_isoform_family;exact_test_sequence,Q9Y6J9
h0015054,test_accession;test_entry_or_isoform_family;exact_test_sequence,Q9HC97
h0015060,test_accession;test_entry_or_isoform_family;exact_test_sequence,Q69YN2
h0015067,test_accession;test_entry_or_isoform_family;exact_test_sequence,Q8NCL8
h0015068,test_accession;test_entry_or_isoform_family;exact_test_sequence,Q5T8I3
h0015069,test_accession;test_entry_or_isoform_family;exact_test_sequence,O94766
h0015074,test_accession;test_entry_or_isoform_family;exact_test_sequence,Q9UHI5
h0015086,test_entry_or_isoform_family,Q9NXB0-2
h0015100,test_accession;test_entry_or_isoform_family;exact_test_sequence,Q6ZVD7
h0015102,test_accession;test_entry_or_isoform_family;exact_test_sequence,Q5GH76
h0015104,test_entry_or_isoform_family,Q14554-2
h0015109,test_accession;test_entry_or_isoform_family;exact_test_sequence,Q01101
h0015110,test_entry_or_isoform_family,Q9Y483-4
h0015114,test_entry_or_isoform_family,P50539-4
h0015120,test_accession;test_entry_or_isoform_family;exact_test_sequence,Q9BWV2
h0015123,test_accession;test_entry_or_isoform_family;exact_test_sequence,Q8TBP5
h0015130,test_accession;test_entry_or_isoform_family;exact_test_sequence,O15321
h0015131,test_entry_or_isoform_family,Q9H0M4-2
h0015132,test_accession;test_entry_or_isoform_family;exact_test_sequence,P07498
h0015139,test_accession;test_entry_or_isoform_family;exact_test_sequence,Q96BK5
h0015141,test_accession;test_entry_or_isoform_family;exact_test_sequence,P25440
h0015151,test_accession;test_entry_or_isoform_family;exact_test_sequence,Q9Y2Y6
h0015165,test_accession;test_entry_or_isoform_family;exact_test_sequence,O95907
h0015170,test_accession;test_entry_or_isoform_family;exact_test_sequence,A8MV65
h0015172,test_accession;test_entry_or_isoform_family;exact_test_sequence,Q9Y618
h0015179,test_accession;test_entry_or_isoform_family;exact_test_sequence,Q9BRQ0
h0015193,test_accession;test_entry_or_isoform_family;exact_test_sequence,Q9BUL5
h0015199,test_entry_or_isoform_family,Q8NBW4-4
h0015212,test_accession;test_entry_or_isoform_family;exact_test_sequence,Q96LT4
h0015226,test_entry_or_isoform_family,O75170-4
h0015229,test_accession;test_entry_or_isoform_family;exact_test_sequence,Q9UJ83
h0015243,test_accession;test_entry_or_isoform_family;exact_test_sequence,Q99622
h0015246,test_accession;test_entry_or_isoform_family;exact_test_sequence,Q9Y672
h0015267,test_accession;test_entry_or_isoform_family;exact_test_sequence,O75937
h0015270,test_entry_or_isoform_family,O43167-2
h0015272,test_accession;test_entry_or_isoform_family;exact_test_sequence,O15060
h0015276,test_accession;test_entry_or_isoform_family;exact_test_sequence,Q8NDV2
h0015277,test_accession;test_entry_or_isoform_family;exact_test_sequence,P01100;Q6FG41
h0015278,test_accession;test_entry_or_isoform_family;exact_test_sequence,P60002
h0015283,test_entry_or_isoform_family,P61073-2
h0015288,test_accession;test_entry_or_isoform_family;exact_test_sequence,P03901
h0015300,test_accession;test_entry_or_isoform_family;exact_test_sequence,A2A2V5
h0015322,test_accession;test_entry_or_isoform_family;exact_test_sequence,P51172
h0015339,test_accession;test_entry_or_isoform_family;exact_test_sequence,Q99969
h0015346,test_accession;test_entry_or_isoform_family;exact_test_sequence,Q96P70
h0015347,test_accession;test_entry_or_isoform_family;exact_test_sequence,P35367
h0015349,test_entry_or_isoform_family,P23381-2
h0015354,test_accession;test_entry_or_isoform_family;exact_test_sequence,Q96BZ8
h0015358,test_entry_or_isoform_family,Q9NV96-2
h0015359,test_accession;test_entry_or_isoform_family;exact_test_sequence,Q6AI08
h0015376,test_accession;test_entry_or_isoform_family;exact_test_sequence,Q9H598
h0015382,test_accession;test_entry_or_isoform_family;exact_test_sequence,Q9NXX6
h0015405,test_accession;test_entry_or_isoform_family;exact_test_sequence,Q9Y3A0
h0015407,test_entry_or_isoform_family,P54277-3
h0015410,test_accession;test_entry_or_isoform_family;exact_test_sequence,Q6IA69
h0015414,test_accession;test_entry_or_isoform_family;exact_test_sequence,Q8WTR7
h0015420,test_accession;test_entry_or_isoform_family;exact_test_sequence,Q9GZQ4
h0015425,test_entry_or_isoform_family,Q96HA1-2
h0015427,test_entry_or_isoform_family,Q96Q07-3
h0015432,test_accession;test_entry_or_isoform_family;exact_test_sequence,Q9UL49
h0015450,test_accession;test_entry_or_isoform_family;exact_test_sequence,P48201
h0015454,test_accession;test_entry_or_isoform_family;exact_test_sequence,Q86VZ5
h0015458,test_accession;test_entry_or_isoform_family;exact_test_sequence,Q6P1N9
h0015479,test_accession;test_entry_or_isoform_family;exact_test_sequence,Q9NQ50
h0015485,test_accession;test_entry_or_isoform_family;exact_test_sequence,O14545
h0015488,test_accession;test_entry_or_isoform_family;exact_test_sequence,O75629
h0015493,test_accession;test_entry_or_isoform_family;exact_test_sequence,P48382
h0015506,test_accession;test_entry_or_isoform_family;exact_test_sequence,O95619
h0015517,test_accession;test_entry_or_isoform_family;exact_test_sequence,Q9BVW5
h0015524,test_accession;test_entry_or_isoform_family;exact_test_sequence,Q14376
h0015528,test_entry_or_isoform_family,O75376-2
h0015534,test_entry_or_isoform_family,Q7Z4I7-5
h0015535,test_accession;test_entry_or_isoform_family;exact_test_sequence,Q8N5A5
h0015538,test_accession;test_entry_or_isoform_family;exact_test_sequence,Q8NEA5
h0015548,test_entry_or_isoform_family,Q9UPQ0-2
h0015550,test_accession;test_entry_or_isoform_family;exact_test_sequence,Q9NWK9
h0015552,test_accession;test_entry_or_isoform_family;exact_test_sequence,Q8N6M6
h0015555,test_entry_or_isoform_family,Q9NW75-2
h0015562,test_accession;test_entry_or_isoform_family;exact_test_sequence,Q93098
h0015566,test_accession;test_entry_or_isoform_family;exact_test_sequence,P22352
h0015571,test_accession;test_entry_or_isoform_family;exact_test_sequence,P17010
h0015572,test_accession;test_entry_or_isoform_family;exact_test_sequence,Q92633
h0015575,test_accession;test_entry_or_isoform_family;exact_test_sequence,O75409
h0015585,test_accession;test_entry_or_isoform_family;exact_test_sequence,Q6UXU4
h0015601,test_accession;test_entry_or_isoform_family;exact_test_sequence,B0FP48
h0015603,test_accession;test_entry_or_isoform_family;exact_test_sequence,O95273
h0015607,test_entry_or_isoform_family,Q6NUN9-2
h0015618,test_accession;test_entry_or_isoform_family;exact_test_sequence,Q96FF9
h0015632,test_accession;test_entry_or_isoform_family;exact_test_sequence,Q5SVQ8
h0015640,test_accession;test_entry_or_isoform_family;exact_test_sequence,P29374
h0015645,test_accession;test_entry_or_isoform_family;exact_test_sequence,Q9NTI2
h0015653,test_accession;test_entry_or_isoform_family;exact_test_sequence,Q9H1N7
h0015654,test_accession;test_entry_or_isoform_family;exact_test_sequence,Q9UIY3
h0015656,test_entry_or_isoform_family,Q9UN30-2
h0015663,test_entry_or_isoform_family,P52739-2
h0015667,test_accession;test_entry_or_isoform_family;exact_test_sequence,O43861
h0015669,test_accession;test_entry_or_isoform_family;exact_test_sequence,Q08050
h0015674,test_accession;test_entry_or_isoform_family;exact_test_sequence,Q8IX18
h0015686,test_accession;test_entry_or_isoform_family;exact_test_sequence,Q96CT2
h0015691,test_accession;test_entry_or_isoform_family;exact_test_sequence,Q9Y5Z0
h0015693,test_accession;test_entry_or_isoform_family;exact_test_sequence,Q96BW9
h0015694,test_accession;test_entry_or_isoform_family;exact_test_sequence,Q96ME7
h0015703,test_entry_or_isoform_family,O75081-2
h0015708,test_accession;test_entry_or_isoform_family;exact_test_sequence,O75112
h0015716,test_entry_or_isoform_family,Q6IBW4-4
h0015719,test_accession;test_entry_or_isoform_family;exact_test_sequence,Q09161
h0015760,test_accession;test_entry_or_isoform_family;exact_test_sequence,P98173
h0015768,test_accession;test_entry_or_isoform_family;exact_test_sequence,Q9BXP5
h0015782,test_accession;test_entry_or_isoform_family;exact_test_sequence,Q8NBP5
h0015783,test_accession;test_entry_or_isoform_family;exact_test_sequence,Q96KA5
h0015786,test_accession;test_entry_or_isoform_family;exact_test_sequence,P09669
h0015787,test_entry_or_isoform_family,Q8N7B6-2
h0015789,test_accession;test_entry_or_isoform_family;exact_test_sequence,Q9H228
h0015800,test_accession;test_entry_or_isoform_family;exact_test_sequence,Q8N6G5
h0015803,test_accession;test_entry_or_isoform_family;exact_test_sequence,Q5W186
h0015820,test_accession;test_entry_or_isoform_family;exact_test_sequence,Q8WWG9
h0015821,test_entry_or_isoform_family,Q5VYS8-5
h0015822,test_accession;test_entry_or_isoform_family;exact_test_sequence,Q92994
h0015832,test_accession;test_entry_or_isoform_family;exact_test_sequence,Q9P0R6
h0015836,test_accession;test_entry_or_isoform_family;exact_test_sequence,Q7L775
h0015837,test_accession;test_entry_or_isoform_family;exact_test_sequence,Q9HCK0
h0015841,test_accession;test_entry_or_isoform_family;exact_test_sequence,Q96JM3
h0015852,test_entry_or_isoform_family,Q16558-2
h0015853,test_entry_or_isoform_family,Q9UQR1-2
h0015862,test_entry_or_isoform_family,Q9ULU4-13
h0015871,test_entry_or_isoform_family,P15941-12
h0015893,test_entry_or_isoform_family,Q6NYC8-2
h0015916,test_accession;test_entry_or_isoform_family;exact_test_sequence,Q15800
h0015922,test_accession;test_entry_or_isoform_family;exact_test_sequence,Q13405
h0015924,test_entry_or_isoform_family,Q9UMX2-2
h0015929,test_accession;test_entry_or_isoform_family;exact_test_sequence,P29371
h0015939,test_accession;test_entry_or_isoform_family;exact_test_sequence,Q9NUQ7
h0015947,test_accession;test_entry_or_isoform_family;exact_test_sequence,Q9NXA8
h0015958,test_entry_or_isoform_family,O75190-2
h0015961,test_accession;test_entry_or_isoform_family;exact_test_sequence,Q8WWB5
h0015987,test_accession;test_entry_or_isoform_family;exact_test_sequence,Q8IXM6
h0015992,test_accession;test_entry_or_isoform_family;exact_test_sequence,Q9UBK5
h0016003,test_entry_or_isoform_family,Q99714-2
h0016010,test_accession;test_entry_or_isoform_family;exact_test_sequence,Q4KMQ1
h0016019,test_accession;test_entry_or_isoform_family;exact_test_sequence,Q9Y5P6
h0016020,test_accession;test_entry_or_isoform_family;exact_test_sequence,B2RXF5
h0016025,test_accession;test_entry_or_isoform_family;exact_test_sequence,Q96EL3
h0016029,test_accession;test_entry_or_isoform_family;exact_test_sequence,P48061
h0016046,test_entry_or_isoform_family,Q12906-5
h0016052,test_accession;test_entry_or_isoform_family;exact_test_sequence,P57739
h0016066,test_entry_or_isoform_family,Q96MU7-2
h0016081,test_entry_or_isoform_family,Q8N1K5-2
h0016086,test_accession;test_entry_or_isoform_family;exact_test_sequence,O75223
h0016091,test_accession;test_entry_or_isoform_family;exact_test_sequence,O75915
h0016105,test_accession;test_entry_or_isoform_family;exact_test_sequence,P34969
h0016106,test_accession;test_entry_or_isoform_family;exact_test_sequence,Q9BQJ4
h0016109,test_accession;test_entry_or_isoform_family;exact_test_sequence,Q6B0B8
h0016114,test_accession;test_entry_or_isoform_family;exact_test_sequence,Q9NXF7
h0016133,test_accession;test_entry_or_isoform_family;exact_test_sequence,Q8IYL3
h0016135,test_entry_or_isoform_family,Q8IYD8-2
h0016137,test_entry_or_isoform_family,P10244-2
h0016142,test_accession;test_entry_or_isoform_family;exact_test_sequence,Q7RTP6
h0016146,test_accession;test_entry_or_isoform_family;exact_test_sequence,Q92583
h0016149,test_entry_or_isoform_family,Q9Y6X0-2
h0016150,test_accession;test_entry_or_isoform_family;exact_test_sequence,P59998
h0016153,test_entry_or_isoform_family,Q8WV99-2
h0016160,test_entry_or_isoform_family,Q16222-2
h0016164,test_accession;test_entry_or_isoform_family;exact_test_sequence,A0PJZ3
h0016174,test_accession;test_entry_or_isoform_family;exact_test_sequence,Q96JW4
h0016187,test_accession;test_entry_or_isoform_family;exact_test_sequence,Q3SXZ7
h0016189,test_accession;test_entry_or_isoform_family;exact_test_sequence,Q8NAF0
h0016193,test_accession;test_entry_or_isoform_family;exact_test_sequence,Q7Z7M8
h0016198,test_accession;test_entry_or_isoform_family;exact_test_sequence,Q8N3Y7
h0016200,test_accession;test_entry_or_isoform_family;exact_test_sequence,Q92886
h0016206,test_entry_or_isoform_family,P0CAP2-3
h0016210,test_entry_or_isoform_family,Q9UHL0-2
h0016214,test_accession;test_entry_or_isoform_family;exact_test_sequence,I3WAC9;P01308
h0016218,test_accession;test_entry_or_isoform_family;exact_test_sequence,O94778
h0016225,test_accession;test_entry_or_isoform_family;exact_test_sequence,A0AV02
h0016239,test_entry_or_isoform_family,Q96QT6-2
h0016249,test_accession;test_entry_or_isoform_family;exact_test_sequence,Q9BVI0
h0016257,test_accession;test_entry_or_isoform_family;exact_test_sequence,P15144
h0016265,test_accession;test_entry_or_isoform_family;exact_test_sequence,O75792
h0016276,test_accession;test_entry_or_isoform_family;exact_test_sequence,Q5H9S7
h0016277,test_accession;test_entry_or_isoform_family;exact_test_sequence,Q9NPC7
h0016282,test_accession;test_entry_or_isoform_family;exact_test_sequence,P37840
h0016300,test_accession;test_entry_or_isoform_family;exact_test_sequence,P21917
h0016309,test_accession;test_entry_or_isoform_family;exact_test_sequence,Q5T4S7
h0016310,test_accession;test_entry_or_isoform_family;exact_test_sequence,Q66K41
h0016315,test_accession;test_entry_or_isoform_family;exact_test_sequence,Q9P2D8
h0016316,test_accession;test_entry_or_isoform_family;exact_test_sequence,O95935
h0016322,test_accession;test_entry_or_isoform_family;exact_test_sequence,P25116
h0016326,test_accession;test_entry_or_isoform_family;exact_test_sequence,P25105
h0016327,test_accession;test_entry_or_isoform_family;exact_test_sequence,O14684
h0016332,test_entry_or_isoform_family,P01282-2
h0016339,test_accession;test_entry_or_isoform_family;exact_test_sequence,O95711
h0016341,test_accession;test_entry_or_isoform_family;exact_test_sequence,Q9BQ83
h0016348,test_accession;test_entry_or_isoform_family;exact_test_sequence,Q96C00
h0016353,test_accession;test_entry_or_isoform_family;exact_test_sequence,Q3KNT9
h0016357,test_accession;test_entry_or_isoform_family;exact_test_sequence,Q9BPZ7
h0016362,test_accession;test_entry_or_isoform_family;exact_test_sequence,Q9NPA1
h0016371,test_accession;test_entry_or_isoform_family;exact_test_sequence,O76096
h0016373,test_accession;test_entry_or_isoform_family;exact_test_sequence,P37088
h0016374,test_accession;test_entry_or_isoform_family;exact_test_sequence,Q9HAW0
h0016386,test_accession;test_entry_or_isoform_family;exact_test_sequence,Q5BKZ1
h0016395,test_accession;test_entry_or_isoform_family;exact_test_sequence,P47710
h0016400,test_accession;test_entry_or_isoform_family;exact_test_sequence,Q99445
h0016415,test_accession;test_entry_or_isoform_family;exact_test_sequence,O15198
h0016419,test_accession;test_entry_or_isoform_family;exact_test_sequence,Q92841
h0016427,test_accession;test_entry_or_isoform_family;exact_test_sequence,P41595
h0016439,test_accession;test_entry_or_isoform_family;exact_test_sequence,Q969V3
h0016440,test_accession;test_entry_or_isoform_family;exact_test_sequence,Q6FII1;Q9Y2Q3
h0016441,test_accession;test_entry_or_isoform_family;exact_test_sequence,Q05516
h0016446,test_accession;test_entry_or_isoform_family;exact_test_sequence,Q6PK04
h0016452,test_entry_or_isoform_family,Q5VW38-2
h0016455,test_accession;test_entry_or_isoform_family;exact_test_sequence,Q9BVJ6
h0016481,test_entry_or_isoform_family,Q66PJ3-3
h0016496,test_accession;test_entry_or_isoform_family;exact_test_sequence,Q8WYQ9
h0016520,test_accession;test_entry_or_isoform_family;exact_test_sequence,P41182
h0016535,test_entry_or_isoform_family,Q86WB7-2
h0016543,test_accession;test_entry_or_isoform_family;exact_test_sequence,P51809
h0016552,test_entry_or_isoform_family,Q16637-3
h0016554,test_accession;test_entry_or_isoform_family;exact_test_sequence,Q8N5Y8
h0016556,test_accession;test_entry_or_isoform_family;exact_test_sequence,O43741
h0016563,test_accession;test_entry_or_isoform_family;exact_test_sequence,Q8N4P3
h0016570,test_accession;test_entry_or_isoform_family;exact_test_sequence,Q8IVS2
h0016577,test_accession;test_entry_or_isoform_family;exact_test_sequence,O95994
h0016579,test_entry_or_isoform_family,Q49AN0-2
h0016580,test_accession;test_entry_or_isoform_family;exact_test_sequence,Q8N554
h0016582,test_accession;test_entry_or_isoform_family;exact_test_sequence,P04000
h0016583,test_accession;test_entry_or_isoform_family;exact_test_sequence,P55087
h0016594,test_accession;test_entry_or_isoform_family;exact_test_sequence,Q6P2H8
h0016597,test_entry_or_isoform_family,Q8N3I7-2
h0016600,test_accession;test_entry_or_isoform_family;exact_test_sequence,O15265
h0016610,test_entry_or_isoform_family,P35372-10
h0016635,test_entry_or_isoform_family,Q6ZT98-3
h0016640,test_entry_or_isoform_family,P55197-2
h0016658,test_accession;test_entry_or_isoform_family;exact_test_sequence,O75564
h0016659,test_accession;test_entry_or_isoform_family;exact_test_sequence,P62955
h0016667,test_entry_or_isoform_family,O15156-2
h0016673,test_accession;test_entry_or_isoform_family;exact_test_sequence,Q8N1F7
h0016675,test_accession;test_entry_or_isoform_family;exact_test_sequence,Q13217
h0016694,test_accession;test_entry_or_isoform_family;exact_test_sequence,Q6P4F1
h0016696,test_accession;test_entry_or_isoform_family;exact_test_sequence,Q11206
h0016702,test_accession;test_entry_or_isoform_family;exact_test_sequence,P07737
h0016720,test_accession;test_entry_or_isoform_family;exact_test_sequence,P02778
h0016731,test_entry_or_isoform_family,Q15047-3
h0016733,test_accession;test_entry_or_isoform_family;exact_test_sequence,Q6NUJ5
h0016742,test_accession;test_entry_or_isoform_family;exact_test_sequence,Q9BY49
h0016752,test_entry_or_isoform_family,Q96N64-2
h0016767,test_entry_or_isoform_family,O75569-2
h0016768,test_entry_or_isoform_family,Q96FL8-3
h0016769,test_accession;test_entry_or_isoform_family;exact_test_sequence,Q9H2K0
h0016781,test_accession;test_entry_or_isoform_family;exact_test_sequence,Q8WY98
h0016793,test_accession;test_entry_or_isoform_family;exact_test_sequence,Q8NCR0
h0016794,test_accession;test_entry_or_isoform_family;exact_test_sequence,Q15532
h0016807,test_accession;test_entry_or_isoform_family;exact_test_sequence,Q8N5K1
h0016809,test_accession;test_entry_or_isoform_family;exact_test_sequence,Q68CQ7
h0016826,test_accession;test_entry_or_isoform_family;exact_test_sequence,Q9UJW3
h0016827,test_entry_or_isoform_family,Q9UJX6-2
h0016831,test_entry_or_isoform_family,P25440-2
h0016832,test_accession;test_entry_or_isoform_family;exact_test_sequence,Q9Y3C7
h0016834,test_entry_or_isoform_family,Q14153-2
h0016837,test_accession;test_entry_or_isoform_family;exact_test_sequence,Q8IXZ3
h0016851,test_accession;test_entry_or_isoform_family,Q99705
h0016852,test_entry_or_isoform_family,Q96JB2-2
h0016860,test_accession;test_entry_or_isoform_family;exact_test_sequence,O95409
h0016863,test_accession;test_entry_or_isoform_family;exact_test_sequence,O94761
h0016870,test_entry_or_isoform_family,Q96JM2-2
h0016871,test_accession;test_entry_or_isoform_family;exact_test_sequence,Q8WWK9
h0016881,test_entry_or_isoform_family,Q96HZ4-2
h0016885,test_accession;test_entry_or_isoform_family;exact_test_sequence,Q969K7
h0016886,test_accession;test_entry_or_isoform_family;exact_test_sequence,P03886
h0016890,test_accession;test_entry_or_isoform_family;exact_test_sequence,Q6P1R3
h0016893,test_accession;test_entry_or_isoform_family;exact_test_sequence,Q9Y5P3
h0016905,test_accession;test_entry_or_isoform_family;exact_test_sequence,P59910
h0016907,test_accession;test_entry_or_isoform_family;exact_test_sequence,O15409
h0016910,test_entry_or_isoform_family,Q8N5Y8-3
h0016911,test_accession;test_entry_or_isoform_family;exact_test_sequence,Q9HCG8
h0016914,test_accession;test_entry_or_isoform_family;exact_test_sequence,Q5EE01
h0016921,test_accession;test_entry_or_isoform_family;exact_test_sequence,Q9UKT9
h0016930,test_accession;test_entry_or_isoform_family;exact_test_sequence,P19634
h0016932,test_accession;test_entry_or_isoform_family;exact_test_sequence,P48735
h0016935,test_accession;test_entry_or_isoform_family;exact_test_sequence,Q8N6M0
h0016938,test_accession;test_entry_or_isoform_family;exact_test_sequence,P10244
h0016956,test_accession;test_entry_or_isoform_family;exact_test_sequence,Q14872
h0016967,test_accession;test_entry_or_isoform_family;exact_test_sequence,Q9P0S3
h0016971,test_accession;test_entry_or_isoform_family;exact_test_sequence,Q9NR09
h0016974,test_accession;test_entry_or_isoform_family;exact_test_sequence,O00178
h0016985,test_accession;test_entry_or_isoform_family;exact_test_sequence,Q8IVS8
h0016994,test_accession;test_entry_or_isoform_family;exact_test_sequence,Q8N2R0
h0016998,test_accession;test_entry_or_isoform_family;exact_test_sequence,Q53EQ6
h0017000,test_entry_or_isoform_family,Q96J42-2
h0017003,test_accession;test_entry_or_isoform_family;exact_test_sequence,Q8N6F1
h0017005,test_accession;test_entry_or_isoform_family;exact_test_sequence,Q9NV79
h0017010,test_entry_or_isoform_family,Q9NZI7-4
h0017015,test_accession;test_entry_or_isoform_family;exact_test_sequence,Q9BSA4
h0017027,test_accession;test_entry_or_isoform_family;exact_test_sequence,P07510
h0017032,test_accession;test_entry_or_isoform_family;exact_test_sequence,O75475
h0017038,test_accession;test_entry_or_isoform_family;exact_test_sequence,Q9H8T0
h0017040,test_entry_or_isoform_family,Q86UP3-2
h0017045,test_entry_or_isoform_family,Q96EB1-2
h0017048,test_accession;test_entry_or_isoform_family;exact_test_sequence,Q7Z3G6
h0017055,test_accession;test_entry_or_isoform_family;exact_test_sequence,Q8IWZ8
h0017060,test_accession;test_entry_or_isoform_family;exact_test_sequence,Q5VZL5
h0017062,test_accession;test_entry_or_isoform_family;exact_test_sequence,Q13838
h0017072,test_accession;test_entry_or_isoform_family;exact_test_sequence,Q5J8X5
h0017079,test_accession;test_entry_or_isoform_family;exact_test_sequence,P14060
h0017084,test_entry_or_isoform_family,Q969R5-2
h0017090,test_accession;test_entry_or_isoform_family;exact_test_sequence,P49711
h0017094,test_accession;test_entry_or_isoform_family;exact_test_sequence,Q6UWN0
h0017095,test_accession;test_entry_or_isoform_family;exact_test_sequence,A4D105;P35244
h0017097,test_accession;test_entry_or_isoform_family;exact_test_sequence,P15018
h0017099,test_accession;test_entry_or_isoform_family;exact_test_sequence,Q9BSG0
h0017108,test_accession;test_entry_or_isoform_family;exact_test_sequence,Q8WVK2
h0017109,test_accession;test_entry_or_isoform_family;exact_test_sequence,Q6PF15
h0017122,test_accession;test_entry_or_isoform_family;exact_test_sequence,Q8NHS3
h0017132,test_accession;test_entry_or_isoform_family;exact_test_sequence,Q9NZC3
h0017137,test_entry_or_isoform_family,Q96N77-2
h0017138,test_accession;test_entry_or_isoform_family;exact_test_sequence,O43826
h0017146,test_accession;test_entry_or_isoform_family;exact_test_sequence,Q6PHW0
h0017152,test_accession;test_entry_or_isoform_family;exact_test_sequence,Q8NB15
h0017161,test_accession;test_entry_or_isoform_family;exact_test_sequence,Q9BWE0
h0017162,test_entry_or_isoform_family,Q9H4Z2-2
h0017163,test_accession;test_entry_or_isoform_family;exact_test_sequence,Q5HYK9
h0017171,test_entry_or_isoform_family,Q14CW9-2
h0017172,test_entry_or_isoform_family,Q969V3-2
h0017176,test_accession;test_entry_or_isoform_family;exact_test_sequence,Q9NS73
h0017185,test_accession;test_entry_or_isoform_family;exact_test_sequence,Q96NT5
h0017197,test_accession;test_entry_or_isoform_family;exact_test_sequence,Q8N2G8
h0017210,test_entry_or_isoform_family,Q6P1W5-2
h0017213,test_accession;test_entry_or_isoform_family;exact_test_sequence,Q9H2U1
h0017221,test_accession;test_entry_or_isoform_family;exact_test_sequence,Q9H2C0
h0017226,test_accession;test_entry_or_isoform_family;exact_test_sequence,O15354
h0017241,test_accession;test_entry_or_isoform_family;exact_test_sequence,Q69YH5
h0017269,test_accession;test_entry_or_isoform_family;exact_test_sequence,P19961
h0017279,test_entry_or_isoform_family,Q92833-2
h0017286,test_entry_or_isoform_family;exact_test_sequence,P21675-1
h0017287,test_entry_or_isoform_family,Q53HV7-2
h0017294,test_accession;test_entry_or_isoform_family;exact_test_sequence,P06280
h0017299,test_accession;test_entry_or_isoform_family;exact_test_sequence,Q6QHK4
h0017303,test_accession;test_entry_or_isoform_family,P02724
h0017305,test_accession;test_entry_or_isoform_family;exact_test_sequence,P51170
h0017307,test_accession;test_entry_or_isoform_family;exact_test_sequence,Q01831
h0017311,test_accession;test_entry_or_isoform_family;exact_test_sequence,P46736
h0017312,test_accession;test_entry_or_isoform_family;exact_test_sequence,Q9H1A4
h0017313,test_accession;test_entry_or_isoform_family;exact_test_sequence,Q86SX6
h0017314,test_entry_or_isoform_family,Q92830-2
h0017320,test_accession;test_entry_or_isoform_family;exact_test_sequence,P78371;V9HW96
h0017336,test_accession;test_entry_or_isoform_family;exact_test_sequence,F4ZW62;Q12905
h0017338,test_accession;test_entry_or_isoform_family;exact_test_sequence,O00757
h0017342,test_accession;test_entry_or_isoform_family;exact_test_sequence,Q9UH90
h0017343,test_accession;test_entry_or_isoform_family;exact_test_sequence,Q9UBR2
h0017346,test_accession;test_entry_or_isoform_family;exact_test_sequence,P01583
h0017356,test_entry_or_isoform_family,P49281-3
h0017367,test_entry_or_isoform_family,Q9BXP5-4
h0017372,test_accession;test_entry_or_isoform_family;exact_test_sequence,P61247
h0017378,test_entry_or_isoform_family,Q9Y320-2
h0017383,test_entry_or_isoform_family,P16615-3
h0017386,test_entry_or_isoform_family,Q96L73-2
h0017395,test_accession;test_entry_or_isoform_family;exact_test_sequence,Q5TGY1
h0017397,test_entry_or_isoform_family,Q15853-2
h0017405,test_entry_or_isoform_family,Q86UK7-3
h0017417,test_accession;test_entry_or_isoform_family;exact_test_sequence,P61619
h0017419,test_accession;test_entry_or_isoform_family;exact_test_sequence,Q99437
h0017431,test_entry_or_isoform_family,Q9H0R1-2
h0017455,test_accession;test_entry_or_isoform_family;exact_test_sequence,Q96RV3
h0017459,test_entry_or_isoform_family,P78563-2
h0017464,test_entry_or_isoform_family,Q8NCP5-3
h0017467,test_accession;test_entry_or_isoform_family;exact_test_sequence,Q9NYV8
h0017471,test_accession;test_entry_or_isoform_family;exact_test_sequence,Q96C12
h0017483,test_entry_or_isoform_family,Q8IZ52-2
h0017487,test_entry_or_isoform_family,Q9HA38-2
h0017493,test_accession;test_entry_or_isoform_family;exact_test_sequence,O43823
h0017497,test_accession;test_entry_or_isoform_family;exact_test_sequence,Q8WXF5
h0017500,test_accession;test_entry_or_isoform_family;exact_test_sequence,Q8N7B6
h0017503,test_entry_or_isoform_family,Q99543-2
h0017526,test_accession;test_entry_or_isoform_family;exact_test_sequence,Q8WY41
h0017534,test_accession;test_entry_or_isoform_family;exact_test_sequence,Q13542
h0017544,test_entry_or_isoform_family;exact_test_sequence,P08195-1
h0017558,test_accession;test_entry_or_isoform_family;exact_test_sequence,Q8N9M1
h0017562,test_accession;test_entry_or_isoform_family;exact_test_sequence,Q9NPD7
h0017566,test_accession;test_entry_or_isoform_family;exact_test_sequence,Q14CW9
h0017567,test_accession;test_entry_or_isoform_family;exact_test_sequence,P17861
h0017579,test_accession;test_entry_or_isoform_family;exact_test_sequence,Q8IVA1
h0017585,test_accession;test_entry_or_isoform_family,Q8NGC5
h0017604,test_accession;test_entry_or_isoform_family;exact_test_sequence,O75575
h0017609,test_accession;test_entry_or_isoform_family;exact_test_sequence,Q5T1R4
h0017611,test_entry_or_isoform_family,Q8NE00-2
h0017621,test_accession;test_entry_or_isoform_family;exact_test_sequence,Q9P0J7
h0017622,test_entry_or_isoform_family,Q96FT9-2
h0017627,test_entry_or_isoform_family,Q9H2S9-2
h0017630,test_accession;test_entry_or_isoform_family;exact_test_sequence,P39019
h0017655,test_entry_or_isoform_family,Q8TF68-2
h0017670,test_accession;test_entry_or_isoform_family;exact_test_sequence,P33402
h0017683,test_accession;test_entry_or_isoform_family;exact_test_sequence,Q8TF01
h0017700,test_accession;test_entry_or_isoform_family;exact_test_sequence,O94819
h0017712,test_accession;test_entry_or_isoform_family;exact_test_sequence,Q7Z4V0
h0017718,test_accession;test_entry_or_isoform_family;exact_test_sequence,P59923
h0017732,test_accession;test_entry_or_isoform_family;exact_test_sequence,Q9H5J0
h0017744,test_entry_or_isoform_family,P63208-2
h0017746,test_accession;test_entry_or_isoform_family;exact_test_sequence,Q16621
h0017751,test_accession;test_entry_or_isoform_family;exact_test_sequence,Q5JX71
h0017754,test_accession;test_entry_or_isoform_family;exact_test_sequence,P04080;Q76LA1
h0017756,test_accession;test_entry_or_isoform_family;exact_test_sequence,P25791
h0017757,test_accession;test_entry_or_isoform_family;exact_test_sequence,Q96LL9
h0017770,test_accession;test_entry_or_isoform_family;exact_test_sequence,Q8TF50
h0017774,test_accession;test_entry_or_isoform_family;exact_test_sequence,Q9UHK6
h0017779,test_accession;test_entry_or_isoform_family;exact_test_sequence,Q9HD45
h0017780,test_accession;test_entry_or_isoform_family;exact_test_sequence,O43638
h0017794,test_accession;test_entry_or_isoform_family;exact_test_sequence,Q9UGP4
h0017796,test_accession;test_entry_or_isoform_family;exact_test_sequence,A1A5C7
h0017798,test_entry_or_isoform_family,Q9UN42-2
h0017802,test_accession;test_entry_or_isoform_family;exact_test_sequence,Q13887
h0017812,test_accession;test_entry_or_isoform_family;exact_test_sequence,Q9H9D4
h0017813,test_accession;test_entry_or_isoform_family;exact_test_sequence,Q9H211
h0017821,test_accession;test_entry_or_isoform_family;exact_test_sequence,P59536
h0017824,test_accession;test_entry_or_isoform_family;exact_test_sequence,P50991
h0017826,test_accession;test_entry_or_isoform_family;exact_test_sequence,P47929
h0017827,test_accession;test_entry_or_isoform_family;exact_test_sequence,Q5THK1
h0017828,test_accession;test_entry_or_isoform_family;exact_test_sequence,P51790
h0017842,test_entry_or_isoform_family,Q8WUB8-3
h0017843,test_accession;test_entry_or_isoform_family;exact_test_sequence,Q8WWH5
h0017853,test_entry_or_isoform_family,Q9BX79-6
h0017855,test_accession;test_entry_or_isoform_family;exact_test_sequence,Q8IXV7
h0017859,test_accession;test_entry_or_isoform_family;exact_test_sequence,Q9NUA8
h0017864,test_entry_or_isoform_family,Q15554-4
h0017869,test_accession;test_entry_or_isoform_family;exact_test_sequence,Q9NY28
h0017873,test_entry_or_isoform_family,Q13029-2
h0017874,test_accession;test_entry_or_isoform_family;exact_test_sequence,Q6ZSZ5
h0017876,test_accession;test_entry_or_isoform_family;exact_test_sequence,Q6R2W3
h0017882,test_accession;test_entry_or_isoform_family;exact_test_sequence,P47887
h0017884,test_accession;test_entry_or_isoform_family;exact_test_sequence,Q9NUH8
h0017885,test_accession;test_entry_or_isoform_family;exact_test_sequence,P40429
h0017911,test_accession;test_entry_or_isoform_family;exact_test_sequence,Q96I76
h0017920,test_accession;test_entry_or_isoform_family;exact_test_sequence,Q9Y2X9
h0017924,test_accession;test_entry_or_isoform_family;exact_test_sequence,P50406
h0017931,test_entry_or_isoform_family,Q08050-2
h0017935,test_accession;test_entry_or_isoform_family;exact_test_sequence,Q969S0
h0017936,test_accession;test_entry_or_isoform_family;exact_test_sequence,O96000
h0017938,test_accession;test_entry_or_isoform_family;exact_test_sequence,P47804
h0017942,test_accession;test_entry_or_isoform_family;exact_test_sequence,Q96AA3
h0017944,test_entry_or_isoform_family,Q96FG2-6
h0017946,test_accession;test_entry_or_isoform_family;exact_test_sequence,Q92508
h0017950,test_accession;test_entry_or_isoform_family;exact_test_sequence,Q6GPH4
h0017958,test_accession;test_entry_or_isoform_family;exact_test_sequence,Q7RTS5
h0017965,test_accession;test_entry_or_isoform_family;exact_test_sequence,Q9UNL2
h0017970,test_accession;test_entry_or_isoform_family;exact_test_sequence,Q7Z478
h0017971,test_accession;test_entry_or_isoform_family;exact_test_sequence,Q16698
h0017976,test_accession;test_entry_or_isoform_family;exact_test_sequence,P50461
h0017977,test_accession;test_entry_or_isoform_family;exact_test_sequence,P26436
h0017979,test_accession;test_entry_or_isoform_family;exact_test_sequence,P35523
h0017997,test_entry_or_isoform_family,Q9Y6Q9-4
h0018019,test_accession;test_entry_or_isoform_family;exact_test_sequence,Q8N6Q3
h0018029,test_entry_or_isoform_family,Q9UIF9-2
h0018032,test_entry_or_isoform_family,Q9ULU4-10
h0018035,test_accession;test_entry_or_isoform_family;exact_test_sequence,Q16553
h0018042,test_accession;test_entry_or_isoform_family;exact_test_sequence,O75438
h0018045,test_entry_or_isoform_family,Q7Z2E3-10
h0018058,test_entry_or_isoform_family,Q9UKT9-11
h0018064,test_accession;test_entry_or_isoform_family;exact_test_sequence,A8MW92
h0018066,test_accession;test_entry_or_isoform_family;exact_test_sequence,Q14197
h0018079,test_accession;test_entry_or_isoform_family;exact_test_sequence,P05112
h0018089,test_entry_or_isoform_family,Q5JTC6-2
h0018092,test_accession;test_entry_or_isoform_family;exact_test_sequence,Q96JF0
h0018096,test_accession;test_entry_or_isoform_family;exact_test_sequence,Q86Y78
h0018097,test_accession;test_entry_or_isoform_family;exact_test_sequence,Q68DK7
h0018113,test_accession;test_entry_or_isoform_family;exact_test_sequence,Q9UBC7
h0018118,test_accession;test_entry_or_isoform_family;exact_test_sequence,Q9C002
h0018122,test_accession;test_entry_or_isoform_family;exact_test_sequence,Q7Z6V5
h0018129,test_entry_or_isoform_family,Q8IX01-3
h0018136,test_accession;test_entry_or_isoform_family;exact_test_sequence,Q8NFB2
h0018139,test_accession;test_entry_or_isoform_family;exact_test_sequence,Q9Y6X1
h0018160,test_accession;test_entry_or_isoform_family;exact_test_sequence,Q15562
h0018170,test_accession;test_entry_or_isoform_family,P16473
h0018172,test_accession;test_entry_or_isoform_family;exact_test_sequence,Q6UWI4
h0018177,test_accession;test_entry_or_isoform_family;exact_test_sequence,P31939
h0018179,test_accession;test_entry_or_isoform_family;exact_test_sequence,P04554;Q1LZN1
h0018204,test_accession;test_entry_or_isoform_family;exact_test_sequence,Q9Y2A9
h0018205,test_accession;test_entry_or_isoform_family;exact_test_sequence,Q92858
h0018232,test_accession;test_entry_or_isoform_family;exact_test_sequence,P33552
h0018249,test_accession;test_entry_or_isoform_family;exact_test_sequence,Q9UGM1
h0018258,test_entry_or_isoform_family,Q9NPJ8-3
h0018259,test_accession;test_entry_or_isoform_family;exact_test_sequence,Q99966
h0018260,test_accession;test_entry_or_isoform_family;exact_test_sequence,P10620
h0018265,test_accession;test_entry_or_isoform_family;exact_test_sequence,Q96PS8
h0018268,test_accession;test_entry_or_isoform_family;exact_test_sequence,O75081
h0018282,test_accession;test_entry_or_isoform_family;exact_test_sequence,Q86VW1
h0018284,test_entry_or_isoform_family,Q9P2N7-5
h0018286,test_entry_or_isoform_family,Q9P2N7-2
h0018299,test_accession;test_entry_or_isoform_family;exact_test_sequence,Q9H582
h0018303,test_accession;test_entry_or_isoform_family;exact_test_sequence,Q53GT1
h0018309,test_accession;test_entry_or_isoform_family;exact_test_sequence,Q9NRP0
h0018317,test_accession;test_entry_or_isoform_family;exact_test_sequence,Q6DKI1
h0018323,test_accession;test_entry_or_isoform_family;exact_test_sequence,P13284
h0018325,test_accession;test_entry_or_isoform_family;exact_test_sequence,Q14657
h0018327,test_entry_or_isoform_family,Q9NYU2-2
h0018333,test_entry_or_isoform_family,Q8IUR6-3
h0018339,test_accession;test_entry_or_isoform_family;exact_test_sequence,Q9UIG8
h0018351,test_accession;test_entry_or_isoform_family;exact_test_sequence,Q13585
h0018362,test_accession;test_entry_or_isoform_family;exact_test_sequence,Q96HA1
h0018366,test_accession;test_entry_or_isoform_family;exact_test_sequence,Q9NS00
h0018374,test_entry_or_isoform_family,Q8WWR8-2
h0018382,test_entry_or_isoform_family,Q96LI6-3
h0018384,test_entry_or_isoform_family,Q9ULU4-12
h0018390,test_accession;test_entry_or_isoform_family;exact_test_sequence,Q7Z7H8
h0018391,test_accession;test_entry_or_isoform_family;exact_test_sequence,P13716
h0018394,test_accession;test_entry_or_isoform_family;exact_test_sequence,Q86WX3
h0018399,test_accession;test_entry_or_isoform_family;exact_test_sequence,O43435
h0018400,test_entry_or_isoform_family,Q96S59-2
h0018402,test_accession;test_entry_or_isoform_family;exact_test_sequence,Q8WUB8
h0018403,test_accession;test_entry_or_isoform_family;exact_test_sequence,O95997
h0018415,test_accession;test_entry_or_isoform_family;exact_test_sequence,Q8N5U1
h0018416,test_entry_or_isoform_family,O14628-4
h0018417,test_accession;test_entry_or_isoform_family;exact_test_sequence,P01034
h0018425,test_accession;test_entry_or_isoform_family;exact_test_sequence,Q6ICL7
h0018431,test_accession;test_entry_or_isoform_family;exact_test_sequence,O95561
h0018435,test_accession;test_entry_or_isoform_family;exact_test_sequence,Q2M2E5
h0018447,test_accession;test_entry_or_isoform_family;exact_test_sequence,P55317
h0018449,test_accession;test_entry_or_isoform_family;exact_test_sequence,Q96S06
h0018455,test_accession;test_entry_or_isoform_family;exact_test_sequence,P17028
h0018458,test_entry_or_isoform_family,Q8NBS9-2
h0018459,test_accession;test_entry_or_isoform_family;exact_test_sequence,Q9UHM6
h0018465,test_accession;test_entry_or_isoform_family;exact_test_sequence,Q8N3Y3
h0018482,test_accession;test_entry_or_isoform_family;exact_test_sequence,Q9Y3A3
h0018484,test_accession;test_entry_or_isoform_family;exact_test_sequence,Q9H7X2
h0018487,test_accession;test_entry_or_isoform_family;exact_test_sequence,Q7Z7J7
h0018495,test_accession;test_entry_or_isoform_family;exact_test_sequence,Q8NAJ2
h0018498,test_accession;test_entry_or_isoform_family;exact_test_sequence,Q6W0C5
h0018503,test_accession;test_entry_or_isoform_family;exact_test_sequence,Q02383
h0018506,test_accession;test_entry_or_isoform_family;exact_test_sequence,Q02338
h0018507,test_entry_or_isoform_family,P54886-2
h0018508,test_entry_or_isoform_family,Q16635-2
h0018513,test_accession;test_entry_or_isoform_family;exact_test_sequence,Q13126
h0018528,test_accession;test_entry_or_isoform_family;exact_test_sequence,Q9Y5L4
h0018532,test_accession;test_entry_or_isoform_family;exact_test_sequence,Q8TEY5
h0018540,test_accession;test_entry_or_isoform_family;exact_test_sequence,Q9BU76
h0018542,test_accession;test_entry_or_isoform_family;exact_test_sequence,Q6ISU1
h0018556,test_accession;test_entry_or_isoform_family;exact_test_sequence,O75343
h0018562,test_accession;test_entry_or_isoform_family;exact_test_sequence,Q9UIQ6
h0018567,test_accession;test_entry_or_isoform_family;exact_test_sequence,Q03989
h0018576,test_accession;test_entry_or_isoform_family;exact_test_sequence,Q9ULZ1
h0018585,test_accession;test_entry_or_isoform_family;exact_test_sequence,Q16348
h0018590,test_entry_or_isoform_family,Q9Y450-4
h0018598,test_accession;test_entry_or_isoform_family;exact_test_sequence,Q8WXS5
h0018610,test_accession;test_entry_or_isoform_family;exact_test_sequence,Q86VI1
h0018618,test_entry_or_isoform_family,Q9NXE4-9
h0018621,test_accession;test_entry_or_isoform_family;exact_test_sequence,Q96KE9
h0018638,test_accession;test_entry_or_isoform_family;exact_test_sequence,Q9H112
h0018666,test_accession;test_entry_or_isoform_family;exact_test_sequence,O95167;Q6FGG4
h0018677,test_entry_or_isoform_family,O15409-2
h0018679,test_accession;test_entry_or_isoform_family;exact_test_sequence,Q8NCW6
h0018686,test_accession;test_entry_or_isoform_family;exact_test_sequence,Q96EP9
h0018688,test_accession;test_entry_or_isoform_family;exact_test_sequence,Q9Y3M9
h0018695,test_accession;test_entry_or_isoform_family;exact_test_sequence,Q9UJX6
h0018719,test_accession;test_entry_or_isoform_family;exact_test_sequence,Q9NSC7
h0018736,test_accession;test_entry_or_isoform_family;exact_test_sequence,Q9NPA8
h0018741,test_accession;test_entry_or_isoform_family;exact_test_sequence,Q8IXB1
h0018742,test_accession;test_entry_or_isoform_family;exact_test_sequence,Q15369
h0018752,test_entry_or_isoform_family,O75475-3
h0018753,test_accession;test_entry_or_isoform_family;exact_test_sequence,Q9UGP8
h0018764,test_accession;test_entry_or_isoform_family;exact_test_sequence,P23396
h0018768,test_accession;test_entry_or_isoform_family;exact_test_sequence,Q8NFY9
h0018772,test_entry_or_isoform_family,P50440-2
h0018782,test_accession;test_entry_or_isoform_family;exact_test_sequence,Q5JPB2
h0018789,test_accession;test_entry_or_isoform_family,O75912
h0018790,test_accession;test_entry_or_isoform_family;exact_test_sequence,Q99757
h0018791,test_accession;test_entry_or_isoform_family;exact_test_sequence,P28698
h0018793,test_entry_or_isoform_family,Q03060-11
h0018796,test_accession;test_entry_or_isoform_family;exact_test_sequence,Q96MP5
h0018806,test_accession;test_entry_or_isoform_family;exact_test_sequence,Q9BPX1
h0018824,test_accession;test_entry_or_isoform_family;exact_test_sequence,P21731
h0018841,test_accession;test_entry_or_isoform_family;exact_test_sequence,P04920
h0018843,test_accession;test_entry_or_isoform_family;exact_test_sequence,Q9UN30
h0018852,test_accession;test_entry_or_isoform_family;exact_test_sequence,Q8N1L9
h0018863,test_entry_or_isoform_family,P25791-3
h0018868,test_accession;test_entry_or_isoform_family;exact_test_sequence,Q9HAH1
h0018874,test_accession;test_entry_or_isoform_family;exact_test_sequence,O00626
h0018876,test_accession;test_entry_or_isoform_family;exact_test_sequence,Q13144
h0018877,test_accession;test_entry_or_isoform_family;exact_test_sequence,P47914
h0018880,test_accession;test_entry_or_isoform_family;exact_test_sequence,Q92506
h0018890,test_accession;test_entry_or_isoform_family;exact_test_sequence,Q9NT62
h0018894,test_accession;test_entry_or_isoform_family;exact_test_sequence,Q16763
h0018898,test_accession;test_entry_or_isoform_family;exact_test_sequence,Q674R7
h0018899,test_accession;test_entry_or_isoform_family;exact_test_sequence,Q6UX07
h0018900,test_accession;test_entry_or_isoform_family;exact_test_sequence,O15488
h0018913,test_accession;test_entry_or_isoform_family;exact_test_sequence,A3KN83
h0018919,test_accession;test_entry_or_isoform_family;exact_test_sequence,Q6NXT6
h0018922,test_entry_or_isoform_family,Q9NVN3-1
h0018926,test_accession;test_entry_or_isoform_family;exact_test_sequence,Q9BSG5
h0018949,test_entry_or_isoform_family,Q6UWN5-2
h0018959,test_accession;test_entry_or_isoform_family;exact_test_sequence,Q6ZV77
h0018961,test_entry_or_isoform_family,Q9UHF7-2
h0018971,test_accession;test_entry_or_isoform_family;exact_test_sequence,Q8NBW4
h0018988,test_entry_or_isoform_family,Q8N114-3
h0018989,test_accession;test_entry_or_isoform_family;exact_test_sequence,P49848
h0018990,test_entry_or_isoform_family,P78347-2
h0018995,test_accession;test_entry_or_isoform_family;exact_test_sequence,Q9P0K8
h0019014,test_accession;test_entry_or_isoform_family;exact_test_sequence,Q8IY37
h0019015,test_accession;test_entry_or_isoform_family;exact_test_sequence,Q8NI32
h0019022,test_accession;test_entry_or_isoform_family;exact_test_sequence,Q9C0F0
h0019026,test_accession;test_entry_or_isoform_family;exact_test_sequence,Q2YD98
h0019031,test_accession;test_entry_or_isoform_family;exact_test_sequence,Q9UBC9
h0019035,test_entry_or_isoform_family,Q9NU63-3
h0019037,test_accession;test_entry_or_isoform_family;exact_test_sequence,O15235
h0019040,test_accession;test_entry_or_isoform_family;exact_test_sequence,P01584
h0019041,test_accession;test_entry_or_isoform_family;exact_test_sequence,P10243
h0019051,test_entry_or_isoform_family,Q9BV94-2
h0019059,test_accession;test_entry_or_isoform_family;exact_test_sequence,P54707
h0019067,test_accession;test_entry_or_isoform_family;exact_test_sequence,Q96JY6
h0019080,test_entry_or_isoform_family,Q9ULU4-14
h0019085,test_entry_or_isoform_family,Q11206-2
h0019087,test_accession;test_entry_or_isoform_family;exact_test_sequence,P82932
h0019102,test_accession;test_entry_or_isoform_family;exact_test_sequence,Q9BPU9
h0019104,test_accession;test_entry_or_isoform_family;exact_test_sequence,Q969W3
h0019109,test_accession;test_entry_or_isoform_family;exact_test_sequence,A1YPR0
h0019111,test_entry_or_isoform_family,P52569-3
h0019119,test_accession;test_entry_or_isoform_family;exact_test_sequence,Q96K31
h0019124,test_entry_or_isoform_family,Q86X95-2
h0019129,test_accession;test_entry_or_isoform_family;exact_test_sequence,Q96FT7
h0019132,test_accession;test_entry_or_isoform_family;exact_test_sequence,Q92186
h0019133,test_accession;test_entry_or_isoform_family;exact_test_sequence,Q8TDX5
h0019136,test_entry_or_isoform_family,Q8N9M1-3
h0019141,test_accession;test_entry_or_isoform_family;exact_test_sequence,Q8NCS7
h0019145,test_accession;test_entry_or_isoform_family;exact_test_sequence,Q02930
h0019153,test_entry_or_isoform_family,P40305-1
h0019161,test_accession;test_entry_or_isoform_family;exact_test_sequence,P05113
h0019174,test_accession;test_entry_or_isoform_family;exact_test_sequence,O15014
h0019184,test_accession;test_entry_or_isoform_family;exact_test_sequence,Q9NUN7
h0019189,test_accession;test_entry_or_isoform_family;exact_test_sequence,O60884
h0019217,test_entry_or_isoform_family,Q8NEP7-2
h0019228,test_entry_or_isoform_family,Q8N6T7-2
h0019237,test_accession;test_entry_or_isoform_family;exact_test_sequence,O60238
h0019245,test_accession;test_entry_or_isoform_family;exact_test_sequence,P48643;V9HW37
h0019246,test_accession;test_entry_or_isoform_family;exact_test_sequence,Q8TDU6
h0019256,test_accession;test_entry_or_isoform_family;exact_test_sequence,Q9ULD4
h0019257,test_accession;test_entry_or_isoform_family;exact_test_sequence,Q8NDX9
h0019263,test_accession;test_entry_or_isoform_family;exact_test_sequence,P01042
h0019266,test_accession;test_entry_or_isoform_family,P21217
h0019270,test_entry_or_isoform_family,Q9NUI1-3
h0019281,test_entry_or_isoform_family,Q7Z3K3-2
h0019282,test_accession;test_entry_or_isoform_family;exact_test_sequence,Q9BY08
h0019286,test_accession;test_entry_or_isoform_family;exact_test_sequence,Q8N6I1
h0019287,test_accession;test_entry_or_isoform_family;exact_test_sequence,Q96JS3
h0019300,test_accession;test_entry_or_isoform_family;exact_test_sequence,Q96JJ7
h0019304,test_accession;test_entry_or_isoform_family;exact_test_sequence,O94762
h0019305,test_accession;test_entry_or_isoform_family;exact_test_sequence,Q15008
h0019321,test_accession;test_entry_or_isoform_family;exact_test_sequence,Q9P1Z0
h0019332,test_entry_or_isoform_family,Q96DT7-3
h0019337,test_accession;test_entry_or_isoform_family;exact_test_sequence,Q9ULD9
h0019347,test_accession;test_entry_or_isoform_family;exact_test_sequence,Q5VW36
h0019348,test_accession;test_entry_or_isoform_family;exact_test_sequence,Q96NC0
h0019351,test_accession;test_entry_or_isoform_family;exact_test_sequence,P52747
h0019360,test_accession;test_entry_or_isoform_family;exact_test_sequence,A0A0S2Z3L2;P16615
h0019364,test_accession;test_entry_or_isoform_family;exact_test_sequence,Q8TB52
h0019366,test_accession;test_entry_or_isoform_family;exact_test_sequence,P55011
h0019371,test_accession;test_entry_or_isoform_family;exact_test_sequence,Q15911
h0019375,test_accession;test_entry_or_isoform_family;exact_test_sequence,P17535
h0019389,test_accession;test_entry_or_isoform_family;exact_test_sequence,Q96MX3
h0019398,test_accession;test_entry_or_isoform_family;exact_test_sequence,Q7Z5Q5
h0019405,test_accession;test_entry_or_isoform_family;exact_test_sequence,O00175
h0019414,test_entry_or_isoform_family,Q6ZT98-2
h0019416,test_accession;test_entry_or_isoform_family;exact_test_sequence,Q32M92
h0019419,test_accession;test_entry_or_isoform_family;exact_test_sequence,Q9UIH9
h0019420,test_accession;test_entry_or_isoform_family;exact_test_sequence,P56279
h0019427,test_accession;test_entry_or_isoform_family;exact_test_sequence,Q92522
h0019440,test_accession;test_entry_or_isoform_family;exact_test_sequence,Q9NSD4
h0019467,test_accession;test_entry_or_isoform_family;exact_test_sequence,Q6PJQ5
h0019470,test_accession;test_entry_or_isoform_family;exact_test_sequence,Q8N3Z6
h0019472,test_accession;test_entry_or_isoform_family;exact_test_sequence,Q96CP7
h0019479,test_accession;test_entry_or_isoform_family;exact_test_sequence,A6NI15
h0019485,test_accession;test_entry_or_isoform_family;exact_test_sequence,Q6PID8
h0019488,test_accession;test_entry_or_isoform_family;exact_test_sequence,Q8WW01
h0019503,test_accession;test_entry_or_isoform_family;exact_test_sequence,Q8TCC3
h0019515,test_accession;test_entry_or_isoform_family;exact_test_sequence,P49450
h0019518,test_accession;test_entry_or_isoform_family;exact_test_sequence,Q5JRK9
h0019519,test_entry_or_isoform_family,Q9NT62-2
h0019524,test_accession;test_entry_or_isoform_family;exact_test_sequence,Q9Y2U9
h0019547,test_accession;test_entry_or_isoform_family;exact_test_sequence,P47775
h0019549,test_accession;test_entry_or_isoform_family;exact_test_sequence,Q9Y5Y0
h0019553,test_accession;test_entry_or_isoform_family;exact_test_sequence,P49407
h0019556,test_entry_or_isoform_family,Q9NUN5-4
h0019557,test_accession;test_entry_or_isoform_family;exact_test_sequence,P10070
h0019559,test_accession;test_entry_or_isoform_family;exact_test_sequence,P38919
h0019560,test_accession;test_entry_or_isoform_family;exact_test_sequence,Q92949
h0019561,test_accession;test_entry_or_isoform_family;exact_test_sequence,P62851
h0019563,test_accession;test_entry_or_isoform_family;exact_test_sequence,Q9HBI5
h0019567,test_entry_or_isoform_family,P05019-2
h0019577,test_accession;test_entry_or_isoform_family;exact_test_sequence,Q969W0
h0019593,test_accession;test_entry_or_isoform_family;exact_test_sequence,Q9UJA5
h0019595,test_accession;test_entry_or_isoform_family;exact_test_sequence,P26373
h0019597,test_accession;test_entry_or_isoform_family;exact_test_sequence,O15514
h0019610,test_accession;test_entry_or_isoform_family;exact_test_sequence,Q8N5C7
h0019621,test_entry_or_isoform_family,O15488-2
h0019627,test_accession;test_entry_or_isoform_family;exact_test_sequence,P78347;X5DR09
h0019629,test_accession;test_entry_or_isoform_family;exact_test_sequence,P25929
h0019630,test_entry_or_isoform_family,Q68E01-2
h0019634,test_accession;test_entry_or_isoform_family;exact_test_sequence,Q5U4P2
h0019646,test_accession;test_entry_or_isoform_family;exact_test_sequence,Q9NR30
h0019650,test_accession;test_entry_or_isoform_family;exact_test_sequence,Q9BWV3
h0019652,test_accession;test_entry_or_isoform_family;exact_test_sequence,Q5TAX3
h0019656,test_entry_or_isoform_family,Q9NR28-2
h0019666,test_entry_or_isoform_family,Q9UK58-4
h0019667,test_entry_or_isoform_family,Q9UPW5-2
h0019670,test_accession;test_entry_or_isoform_family;exact_test_sequence,O00230
h0019677,test_entry_or_isoform_family,Q8NI32-2
h0019682,test_entry_or_isoform_family,Q8NFR9-2
h0019694,test_accession;test_entry_or_isoform_family;exact_test_sequence,O00592
h0019708,test_accession;test_entry_or_isoform_family;exact_test_sequence,Q02086
h0019709,test_accession;test_entry_or_isoform_family;exact_test_sequence,Q9H3Q3
h0019713,test_accession;test_entry_or_isoform_family;exact_test_sequence,P56748
h0019716,test_accession;test_entry_or_isoform_family;exact_test_sequence,P23490
h0019721,test_entry_or_isoform_family,Q9HAT2-2
h0019733,test_accession;test_entry_or_isoform_family;exact_test_sequence,Q9UHL0
h0019734,test_entry_or_isoform_family,Q96Q45-3
h0019736,test_accession;test_entry_or_isoform_family;exact_test_sequence,Q8N567
h0019753,test_accession;test_entry_or_isoform_family;exact_test_sequence,Q9C0C9
h0019754,test_entry_or_isoform_family,Q4LE39-3
h0019757,test_accession;test_entry_or_isoform_family;exact_test_sequence,P32314
h0019763,test_accession;test_entry_or_isoform_family;exact_test_sequence,O00566
h0019765,test_accession;test_entry_or_isoform_family;exact_test_sequence,Q9Y242
h0019781,test_accession;test_entry_or_isoform_family;exact_test_sequence,Q504Y3
h0019787,test_accession;test_entry_or_isoform_family;exact_test_sequence,Q99856
h0019794,test_accession;test_entry_or_isoform_family;exact_test_sequence,Q8N6M3
h0019795,test_accession;test_entry_or_isoform_family;exact_test_sequence,Q92664
h0019804,test_accession;test_entry_or_isoform_family,Q96T25
h0019807,test_entry_or_isoform_family,Q9NR48-2
h0019811,test_accession;test_entry_or_isoform_family;exact_test_sequence,Q8N427
h0019824,test_entry_or_isoform_family,Q8N4P3-2
h0019829,test_accession;test_entry_or_isoform_family;exact_test_sequence,Q9Y4A8
h0019837,test_accession;test_entry_or_isoform_family;exact_test_sequence,O95125
h0019838,test_accession;test_entry_or_isoform_family;exact_test_sequence,P57086
h0019855,test_accession;test_entry_or_isoform_family;exact_test_sequence,Q6GMV2
h0019860,test_accession;test_entry_or_isoform_family;exact_test_sequence,Q14494
h0019875,test_accession;test_entry_or_isoform_family;exact_test_sequence,P61244
h0019878,test_accession;test_entry_or_isoform_family;exact_test_sequence,P56202
h0019882,test_accession;test_entry_or_isoform_family;exact_test_sequence,Q99814
h0019885,test_accession;test_entry_or_isoform_family;exact_test_sequence,Q0D2K3
h0019889,test_accession;test_entry_or_isoform_family;exact_test_sequence,P47211
h0019890,test_accession;test_entry_or_isoform_family;exact_test_sequence,P36021
h0019903,test_accession;test_entry_or_isoform_family;exact_test_sequence,P51946
h0019906,test_entry_or_isoform_family,Q14914-2
h0019907,test_accession;test_entry_or_isoform_family;exact_test_sequence,Q9Y231
h0019923,test_accession;test_entry_or_isoform_family;exact_test_sequence,Q5T653
h0019927,test_accession;test_entry_or_isoform_family;exact_test_sequence,Q9UPC5
h0019930,test_accession;test_entry_or_isoform_family;exact_test_sequence,P35269
h0019933,test_entry_or_isoform_family,Q66PJ3-2
h0019937,test_entry_or_isoform_family,Q9Y394-2
h0019943,test_accession;test_entry_or_isoform_family;exact_test_sequence,Q92546
h0019950,test_accession;test_entry_or_isoform_family;exact_test_sequence,Q9NRF9
h0019958,test_accession;test_entry_or_isoform_family;exact_test_sequence,Q6NYC8
h0019960,test_accession;test_entry_or_isoform_family;exact_test_sequence,A5X5Y0
h0019963,test_accession;test_entry_or_isoform_family;exact_test_sequence,Q5SSJ5
h0020005,test_accession;test_entry_or_isoform_family;exact_test_sequence,Q96DT0
h0020007,test_entry_or_isoform_family,Q96F85-2
h0020037,test_accession;test_entry_or_isoform_family;exact_test_sequence,Q969M7
h0020041,test_accession;test_entry_or_isoform_family;exact_test_sequence,Q6IAA8
h0020054,test_accession;test_entry_or_isoform_family;exact_test_sequence,P24522
h0020055,test_accession;test_entry_or_isoform_family;exact_test_sequence,Q8IZR5
h0020063,test_accession;test_entry_or_isoform_family;exact_test_sequence,P62899
h0020064,test_accession;test_entry_or_isoform_family;exact_test_sequence,Q9Y6X0
h0020066,test_accession;test_entry_or_isoform_family;exact_test_sequence,Q9Y5P2
h0020079,test_accession;test_entry_or_isoform_family;exact_test_sequence,Q96LX8
h0020083,test_entry_or_isoform_family,Q7Z2E3-7
h0020087,test_accession;test_entry_or_isoform_family;exact_test_sequence,Q8IYD1
h0020094,test_accession;test_entry_or_isoform_family;exact_test_sequence,O43451
h0020097,test_accession;test_entry_or_isoform_family;exact_test_sequence,A4D1B5
h0020104,test_accession;test_entry_or_isoform_family;exact_test_sequence,O15090
h0020105,test_accession;test_entry_or_isoform_family;exact_test_sequence,Q9P215
h0020106,test_accession;test_entry_or_isoform_family;exact_test_sequence,Q8TDN4
h0020118,test_entry_or_isoform_family,P17676-2
h0020152,test_entry_or_isoform_family,Q8IZR5-2
h0020157,test_accession;test_entry_or_isoform_family;exact_test_sequence,Q96FZ5
h0020161,test_accession;test_entry_or_isoform_family;exact_test_sequence,P32249
h0020162,test_accession;test_entry_or_isoform_family;exact_test_sequence,Q9Y271
h0020163,test_entry_or_isoform_family,Q9NZH8-2
h0020164,test_entry_or_isoform_family,Q7Z6V5-2
h0020166,test_accession;test_entry_or_isoform_family,Q8NCK7
h0020170,test_accession;test_entry_or_isoform_family;exact_test_sequence,Q3V5L5
h0020171,test_accession;test_entry_or_isoform_family;exact_test_sequence,Q9NWN3
h0020175,test_entry_or_isoform_family,O60583-2
h0020190,test_entry_or_isoform_family,Q9NQX0-1
h0020192,test_accession;test_entry_or_isoform_family;exact_test_sequence,Q53TN4
h0020197,test_accession;test_entry_or_isoform_family;exact_test_sequence,Q96F85
h0020205,test_accession;test_entry_or_isoform_family;exact_test_sequence,Q9P2R6
h0020207,test_accession;test_entry_or_isoform_family;exact_test_sequence,Q7Z6M1
h0020218,test_accession;test_entry_or_isoform_family;exact_test_sequence,Q16635
h0020219,test_accession;test_entry_or_isoform_family;exact_test_sequence,P02808
h0020230,test_accession;test_entry_or_isoform_family;exact_test_sequence,O00214
h0020231,test_accession;test_entry_or_isoform_family;exact_test_sequence,Q7RTU7
h0020240,test_accession;test_entry_or_isoform_family;exact_test_sequence,P49005
h0020249,test_accession;test_entry_or_isoform_family;exact_test_sequence,Q13562
h0020251,test_accession;test_entry_or_isoform_family;exact_test_sequence,O43759
h0020252,test_accession;test_entry_or_isoform_family;exact_test_sequence,Q8N114
h0020277,test_accession;test_entry_or_isoform_family;exact_test_sequence,P18509
h0020282,test_accession;test_entry_or_isoform_family;exact_test_sequence,Q86UD1
h0020287,test_accession;test_entry_or_isoform_family;exact_test_sequence,A7MD48
h0020299,test_accession;test_entry_or_isoform_family;exact_test_sequence,Q86XE5
h0020300,test_entry_or_isoform_family,Q13330-3
h0020305,test_accession;test_entry_or_isoform_family;exact_test_sequence,Q5VW38
h0020307,test_accession;test_entry_or_isoform_family;exact_test_sequence,Q8N9M5
h0020312,test_accession;test_entry_or_isoform_family;exact_test_sequence,P06746
h0020313,test_accession;test_entry_or_isoform_family;exact_test_sequence,P34995
h0020316,test_entry_or_isoform_family,Q96Q45-2
h0020318,test_accession;test_entry_or_isoform_family;exact_test_sequence,Q9NZH8
h0020328,test_accession;test_entry_or_isoform_family;exact_test_sequence,Q96K62
h0020329,test_accession;test_entry_or_isoform_family;exact_test_sequence,O15037
h0020334,test_accession;test_entry_or_isoform_family;exact_test_sequence,P61599
h0020344,test_accession;test_entry_or_isoform_family;exact_test_sequence,Q96EY8
h0020345,test_accession;test_entry_or_isoform_family;exact_test_sequence,A0PJX8
h0020353,test_entry_or_isoform_family,Q8IW45-2
h0020366,test_entry_or_isoform_family,Q674R7-2
h0020367,test_accession;test_entry_or_isoform_family;exact_test_sequence,P37108
h0020373,test_accession;test_entry_or_isoform_family;exact_test_sequence,O94955
h0020390,test_accession;test_entry_or_isoform_family;exact_test_sequence,O00574
h0020395,test_accession;test_entry_or_isoform_family;exact_test_sequence,P03928
h0020397,test_accession;test_entry_or_isoform_family;exact_test_sequence,O00398
h0020418,test_accession;test_entry_or_isoform_family;exact_test_sequence,Q16649
h0020444,test_accession;test_entry_or_isoform_family;exact_test_sequence,Q56P03
h0020445,test_entry_or_isoform_family,Q15042-3
h0020473,test_accession;test_entry_or_isoform_family;exact_test_sequence,Q9Y4U1
h0020475,test_entry_or_isoform_family,Q6ZSZ5-2
h0020485,test_accession;test_entry_or_isoform_family;exact_test_sequence,Q9BWX1
h0020489,test_accession;test_entry_or_isoform_family;exact_test_sequence,Q8WWR8
h0020494,test_accession;test_entry_or_isoform_family;exact_test_sequence,Q9H1Y3
h0020500,test_accession;test_entry_or_isoform_family;exact_test_sequence,P33908
h0020501,test_accession;test_entry_or_isoform_family;exact_test_sequence,Q9NVQ4
h0020503,test_entry_or_isoform_family,Q9H8E8-2
h0020505,test_accession;test_entry_or_isoform_family;exact_test_sequence,P25100
h0020513,test_accession;test_entry_or_isoform_family;exact_test_sequence,Q9NWS1
h0020517,test_accession;test_entry_or_isoform_family;exact_test_sequence,Q5T749
h0020536,test_accession;test_entry_or_isoform_family;exact_test_sequence,Q99081
h0020544,test_accession;test_entry_or_isoform_family;exact_test_sequence,Q9NRX2
h0020553,test_accession;test_entry_or_isoform_family;exact_test_sequence,P46013
h0020555,test_entry_or_isoform_family,Q9UHC9-2
h0020558,test_accession;test_entry_or_isoform_family;exact_test_sequence,O60503
h0020560,test_accession;test_entry_or_isoform_family;exact_test_sequence,Q01469
h0020562,test_accession;test_entry_or_isoform_family;exact_test_sequence,O95182
h0020576,test_accession;test_entry_or_isoform_family;exact_test_sequence,Q969T4
h0020578,test_accession;test_entry_or_isoform_family,B1APH4
h0020587,test_accession;test_entry_or_isoform_family;exact_test_sequence,Q9P0M9
h0020598,test_entry_or_isoform_family,Q8N228-3
h0020608,test_accession;test_entry_or_isoform_family;exact_test_sequence,Q9NXH3
h0020610,test_accession;test_entry_or_isoform_family;exact_test_sequence,P61278
h0020614,test_accession;test_entry_or_isoform_family;exact_test_sequence,O95670
h0020636,test_accession;test_entry_or_isoform_family;exact_test_sequence,Q9BXC0
h0020639,test_accession;test_entry_or_isoform_family;exact_test_sequence,Q8IYR2
h0020649,test_accession;test_entry_or_isoform_family;exact_test_sequence,Q03169
h0020650,test_accession;test_entry_or_isoform_family;exact_test_sequence,Q9NQG1
h0020652,test_accession;test_entry_or_isoform_family;exact_test_sequence,Q8IZD6
h0020664,test_accession;test_entry_or_isoform_family;exact_test_sequence,P63173
h0020678,test_accession;test_entry_or_isoform_family;exact_test_sequence,Q9UQR1
h0020679,test_accession;test_entry_or_isoform_family;exact_test_sequence,Q8NBA8
h0020687,test_accession;test_entry_or_isoform_family;exact_test_sequence,Q9UHR6
h0020693,test_accession;test_entry_or_isoform_family;exact_test_sequence,Q9HA38
h0020697,test_accession;test_entry_or_isoform_family;exact_test_sequence,Q9BTE3
h0020703,test_accession;test_entry_or_isoform_family;exact_test_sequence,P01282
h0020704,test_accession;test_entry_or_isoform_family;exact_test_sequence,Q9BYX4
h0020712,test_accession;test_entry_or_isoform_family;exact_test_sequence,Q9HBJ0
h0020725,test_entry_or_isoform_family,P49368-2
h0020736,test_accession;test_entry_or_isoform_family;exact_test_sequence,Q9UEE9
h0020740,test_accession;test_entry_or_isoform_family;exact_test_sequence,Q6IV72
h0020744,test_accession;test_entry_or_isoform_family;exact_test_sequence,P20366
h0020746,test_accession;test_entry_or_isoform_family;exact_test_sequence,Q7Z6I8
h0020750,test_accession;test_entry_or_isoform_family;exact_test_sequence,P41091
h0020767,test_accession;test_entry_or_isoform_family;exact_test_sequence,Q96DT7
h0020769,test_accession;test_entry_or_isoform_family;exact_test_sequence,Q9NQV5
h0020778,test_entry_or_isoform_family,Q15532-2
h0020780,test_accession;test_entry_or_isoform_family;exact_test_sequence,Q9Y394
h0020785,test_entry_or_isoform_family,P15502-2
h0020787,test_accession;test_entry_or_isoform_family;exact_test_sequence,Q8IWL3
h0020799,test_accession;test_entry_or_isoform_family;exact_test_sequence,P30876
h0020800,test_entry_or_isoform_family,O95243-2
h0020813,test_accession;test_entry_or_isoform_family;exact_test_sequence,P27469
h0020818,test_entry_or_isoform_family,Q9HC78-2
h0020819,test_accession;test_entry_or_isoform_family;exact_test_sequence,O75306
h0020826,test_accession;test_entry_or_isoform_family;exact_test_sequence,Q9Y6M7
h0020832,test_accession;test_entry_or_isoform_family;exact_test_sequence,O14978
h0020836,test_accession;test_entry_or_isoform_family;exact_test_sequence,O75752
h0020838,test_accession;test_entry_or_isoform_family;exact_test_sequence,Q712K3
h0020852,test_accession;test_entry_or_isoform_family;exact_test_sequence,Q9H0W5
h0020855,test_accession;test_entry_or_isoform_family;exact_test_sequence,Q9Y3D5
h0020859,test_accession;test_entry_or_isoform_family;exact_test_sequence,Q9NQ11
h0020861,test_accession;test_entry_or_isoform_family;exact_test_sequence,O60806
h0020865,test_accession;test_entry_or_isoform_family;exact_test_sequence,O43927
h0020867,test_accession;test_entry_or_isoform_family;exact_test_sequence,Q9NVD3
h0020868,test_accession;test_entry_or_isoform_family;exact_test_sequence,O95139
h0020900,test_accession;test_entry_or_isoform_family;exact_test_sequence,P54709
h0020902,test_accession;test_entry_or_isoform_family;exact_test_sequence,Q9NQX1
h0020912,test_entry_or_isoform_family,Q04864-2
h0020916,test_accession;test_entry_or_isoform_family;exact_test_sequence,Q14894
h0020921,test_entry_or_isoform_family,Q8WWI5-2
h0020922,test_accession;test_entry_or_isoform_family;exact_test_sequence,Q7L0J3
h0020931,test_accession;test_entry_or_isoform_family;exact_test_sequence,Q8IUR6
h0020932,test_entry_or_isoform_family,Q6NXT4-2
h0020933,test_accession;test_entry_or_isoform_family;exact_test_sequence,Q9C0D7
h0020936,test_accession;test_entry_or_isoform_family;exact_test_sequence,P18146
h0020945,test_accession;test_entry_or_isoform_family;exact_test_sequence,Q53RY4
h0020947,test_accession;test_entry_or_isoform_family;exact_test_sequence,P63208
h0020949,test_accession;test_entry_or_isoform_family;exact_test_sequence,Q9Y4D2
h0020961,test_accession;test_entry_or_isoform_family;exact_test_sequence,Q9UID6
h0020975,test_entry_or_isoform_family,A8MT69-2
h0020990,test_accession;test_entry_or_isoform_family;exact_test_sequence,Q9H063
h0020993,test_accession;test_entry_or_isoform_family;exact_test_sequence,Q8TA86
h0021003,test_accession;test_entry_or_isoform_family;exact_test_sequence,A0AVK6
h0021004,test_accession;test_entry_or_isoform_family;exact_test_sequence,P02786
h0021006,test_accession;test_entry_or_isoform_family;exact_test_sequence,Q9H0R1
h0021017,test_accession;test_entry_or_isoform_family;exact_test_sequence,Q53R12
h0021037,test_accession;test_entry_or_isoform_family;exact_test_sequence,Q9HD34
h0021071,test_entry_or_isoform_family,Q9NY97-2
h0021073,test_entry_or_isoform_family,P48728-4
h0021079,test_accession;test_entry_or_isoform_family;exact_test_sequence,Q8N8Q1
h0021102,test_entry_or_isoform_family,Q8IYH5-2
h0021114,test_accession;test_entry_or_isoform_family;exact_test_sequence,Q8NG68
h0021115,test_accession;test_entry_or_isoform_family;exact_test_sequence,P15291
h0021119,test_accession;test_entry_or_isoform_family;exact_test_sequence,Q8NFR9
h0021124,test_accession;test_entry_or_isoform_family;exact_test_sequence,Q9NS67
h0021140,test_accession;test_entry_or_isoform_family;exact_test_sequence,Q5VVQ6
h0021141,test_accession;test_entry_or_isoform_family;exact_test_sequence,Q96BI3
h0021153,test_accession;test_entry_or_isoform_family;exact_test_sequence,Q96IW7
h0021159,test_accession;test_entry_or_isoform_family;exact_test_sequence,Q8TDU9
h0021160,test_entry_or_isoform_family,Q9BPZ7-3
h0021163,test_entry_or_isoform_family,Q2KHT4-3
h0021164,test_accession;test_entry_or_isoform_family;exact_test_sequence,Q86TJ5
h0021168,test_accession;test_entry_or_isoform_family;exact_test_sequence,Q9Y330
h0021178,test_accession;test_entry_or_isoform_family;exact_test_sequence,Q13061
h0021179,test_accession;test_entry_or_isoform_family;exact_test_sequence,P80188
h0021181,test_accession;test_entry_or_isoform_family;exact_test_sequence,Q5VYS8
h0021184,test_accession;test_entry_or_isoform_family;exact_test_sequence,Q6UXA7
h0021192,test_accession;test_entry_or_isoform_family;exact_test_sequence,Q6P1W5
h0021204,test_accession;test_entry_or_isoform_family;exact_test_sequence,Q2TBE0
h0021211,test_accession;test_entry_or_isoform_family;exact_test_sequence,Q16589
h0021217,test_accession;test_entry_or_isoform_family;exact_test_sequence,Q13516
h0021229,test_entry_or_isoform_family,Q9UK58-5
h0021247,test_accession;test_entry_or_isoform_family;exact_test_sequence,Q6NUN9
h0021274,test_accession;test_entry_or_isoform_family;exact_test_sequence,P55774
h0021276,test_accession;test_entry_or_isoform_family;exact_test_sequence,Q3ZCW2
h0021303,test_accession;test_entry_or_isoform_family;exact_test_sequence,Q9UD71
h0021324,test_accession;test_entry_or_isoform_family;exact_test_sequence,Q96EZ4
h0021329,test_accession;test_entry_or_isoform_family;exact_test_sequence,A1L4L8
h0021330,test_entry_or_isoform_family,P55201-3
h0021331,test_accession;test_entry_or_isoform_family;exact_test_sequence,Q8NDY6
h0021338,test_entry_or_isoform_family,P02686-5
h0021343,test_accession;test_entry_or_isoform_family;exact_test_sequence,Q8N414
h0021345,test_accession;test_entry_or_isoform_family;exact_test_sequence,Q9NP80
h0021346,test_accession;test_entry_or_isoform_family;exact_test_sequence,Q96C10
h0021348,test_accession;test_entry_or_isoform_family;exact_test_sequence,Q96F45
h0021355,test_accession;test_entry_or_isoform_family;exact_test_sequence,Q9NX09
h0021360,test_entry_or_isoform_family,Q8WWU5-7
h0021367,test_accession;test_entry_or_isoform_family;exact_test_sequence,P55786
h0021377,test_accession;test_entry_or_isoform_family;exact_test_sequence,Q7KZN9
h0021384,test_accession;test_entry_or_isoform_family;exact_test_sequence,O94851
h0021385,test_accession;test_entry_or_isoform_family;exact_test_sequence,Q8NFG4
h0021390,test_accession;test_entry_or_isoform_family;exact_test_sequence,P13232
h0021391,test_accession;test_entry_or_isoform_family;exact_test_sequence,Q96SQ7
h0021398,test_entry_or_isoform_family,P21675-25
h0021401,test_entry_or_isoform_family,Q9BXP5-2
h0021409,test_accession;test_entry_or_isoform_family;exact_test_sequence,Q8N0S6
h0021411,test_accession;test_entry_or_isoform_family;exact_test_sequence,Q8IWV8
h0021416,test_accession;test_entry_or_isoform_family;exact_test_sequence,Q08722
h0021424,test_accession;test_entry_or_isoform_family;exact_test_sequence,O15240
h0021427,test_accession;test_entry_or_isoform_family;exact_test_sequence,O60756
h0021428,test_accession;test_entry_or_isoform_family;exact_test_sequence,Q9NQS5
h0021430,test_accession;test_entry_or_isoform_family;exact_test_sequence,Q96T91
h0021445,test_accession;test_entry_or_isoform_family;exact_test_sequence,Q9H2A3
h0021450,test_entry_or_isoform_family,Q9BY14-2
h0021451,test_accession;test_entry_or_isoform_family;exact_test_sequence,Q15853
h0021467,test_accession;test_entry_or_isoform_family;exact_test_sequence,Q9GZT9
h0021468,test_entry_or_isoform_family,O14497-3
h0021471,test_accession;test_entry_or_isoform_family;exact_test_sequence,Q8NDX2
h0021476,test_accession;test_entry_or_isoform_family;exact_test_sequence,Q9Y2C3
h0021479,test_accession;test_entry_or_isoform_family;exact_test_sequence,P82650
h0021480,test_entry_or_isoform_family,Q9NPI1-2
h0021491,test_entry_or_isoform_family,Q8N6L1-2
h0021507,test_accession;test_entry_or_isoform_family;exact_test_sequence,Q9Y2K1
h0021520,test_entry_or_isoform_family,P02730-2
h0021550,test_accession;test_entry_or_isoform_family;exact_test_sequence,O75478
h0021551,test_accession;test_entry_or_isoform_family;exact_test_sequence,Q9BX79
h0021560,test_entry_or_isoform_family,P15923-2
h0021571,test_accession;test_entry_or_isoform_family;exact_test_sequence,O95881
h0021575,test_accession;test_entry_or_isoform_family;exact_test_sequence,P32745
h0021602,test_accession;test_entry_or_isoform_family;exact_test_sequence,Q9HCE5
h0021613,test_accession;test_entry_or_isoform_family;exact_test_sequence,O14960
h0021615,test_accession;test_entry_or_isoform_family;exact_test_sequence,P41222
h0021632,test_entry_or_isoform_family,Q9Y5B8-2
h0021647,test_accession;test_entry_or_isoform_family;exact_test_sequence,Q8TF61
h0021679,test_accession;test_entry_or_isoform_family;exact_test_sequence,O00585
h0021697,test_accession;test_entry_or_isoform_family;exact_test_sequence,P37275
h0021701,test_accession;test_entry_or_isoform_family;exact_test_sequence,Q3KNW5
h0021704,test_accession;test_entry_or_isoform_family;exact_test_sequence,Q93063
h0021711,test_accession;test_entry_or_isoform_family;exact_test_sequence,Q96AT9
h0021718,test_accession;test_entry_or_isoform_family;exact_test_sequence,Q8N961
h0021732,test_accession;test_entry_or_isoform_family;exact_test_sequence,Q92611
h0021738,test_accession;test_entry_or_isoform_family;exact_test_sequence,P18850
h0021742,test_accession;test_entry_or_isoform_family;exact_test_sequence,Q16740
h0021756,test_accession;test_entry_or_isoform_family;exact_test_sequence,Q96CB8
h0021757,test_accession;test_entry_or_isoform_family;exact_test_sequence,Q01664
h0021759,test_accession;test_entry_or_isoform_family;exact_test_sequence,Q12792
h0021760,test_entry_or_isoform_family,P21754-3
h0021781,test_entry_or_isoform_family,Q8N9N2-2
h0021787,test_accession;test_entry_or_isoform_family;exact_test_sequence,P78396
h0021789,test_accession;test_entry_or_isoform_family;exact_test_sequence,P30519
h0021794,test_accession;test_entry_or_isoform_family;exact_test_sequence,Q9Y226
h0021827,test_entry_or_isoform_family,Q4KMQ1-2
h0021830,test_accession;test_entry_or_isoform_family;exact_test_sequence,Q8IXF0
h0021831,test_entry_or_isoform_family,Q15788-2
h0021839,test_accession;test_entry_or_isoform_family;exact_test_sequence,Q9Y5U8
h0021841,test_accession;test_entry_or_isoform_family;exact_test_sequence,Q92681
h0021845,test_accession;test_entry_or_isoform_family;exact_test_sequence,P46098
h0021848,test_accession;test_entry_or_isoform_family;exact_test_sequence,Q9Y673
h0021851,test_accession;test_entry_or_isoform_family;exact_test_sequence,Q8IWX5
h0021863,test_accession;test_entry_or_isoform_family;exact_test_sequence,Q8WW14
h0021865,test_entry_or_isoform_family,O60281-2
h0021866,test_accession;test_entry_or_isoform_family;exact_test_sequence,Q3ZAQ7
h0021870,test_accession;test_entry_or_isoform_family;exact_test_sequence,P27449
h0021871,test_accession;test_entry_or_isoform_family;exact_test_sequence,Q6FII3;Q9UKR5
h0021879,test_accession;test_entry_or_isoform_family;exact_test_sequence,B2R4R0;P62805
h0021887,test_accession;test_entry_or_isoform_family;exact_test_sequence,P46782
h0021891,test_accession;test_entry_or_isoform_family;exact_test_sequence,Q93097
h0021925,test_accession;test_entry_or_isoform_family;exact_test_sequence,Q13404
h0021933,test_accession;test_entry_or_isoform_family;exact_test_sequence,Q9NRP2
h0021937,test_entry_or_isoform_family,Q8NBW4-2
h0021943,test_accession;test_entry_or_isoform_family;exact_test_sequence,Q9HCK5
h0021949,test_accession;test_entry_or_isoform_family;exact_test_sequence,Q8NAM6
h0021958,test_entry_or_isoform_family,P49848-3
h0021970,test_accession;test_entry_or_isoform_family;exact_test_sequence,O43167
h0021973,test_accession;test_entry_or_isoform_family;exact_test_sequence,Q6ZSJ9
h0021975,test_accession;test_entry_or_isoform_family;exact_test_sequence,Q9GZW8
h0021978,test_entry_or_isoform_family,Q9UN30-1
h0021980,test_accession;test_entry_or_isoform_family;exact_test_sequence,Q9UKD1
h0021983,test_entry_or_isoform_family,Q9Y6Y8-2
h0021989,test_accession;test_entry_or_isoform_family;exact_test_sequence,P58505
h0021994,test_accession;test_entry_or_isoform_family;exact_test_sequence,Q8WTR4
h0021997,test_accession;test_entry_or_isoform_family;exact_test_sequence,Q5T6F2
h0021999,test_entry_or_isoform_family,Q96SL1-2
h0022006,test_accession;test_entry_or_isoform_family;exact_test_sequence,Q9BY12
h0022009,test_accession;test_entry_or_isoform_family;exact_test_sequence,Q8NDL9
h0022011,test_accession;test_entry_or_isoform_family;exact_test_sequence,Q9NWT8
h0022024,test_accession;test_entry_or_isoform_family;exact_test_sequence,O43524
h0022027,test_accession;test_entry_or_isoform_family;exact_test_sequence,Q86WB7
h0022036,test_accession;test_entry_or_isoform_family;exact_test_sequence,Q8N0V3
h0022045,test_accession;test_entry_or_isoform_family;exact_test_sequence,Q6ZNB7
h0022047,test_entry_or_isoform_family,Q9NY12-2
h0022052,test_accession;test_entry_or_isoform_family;exact_test_sequence,Q56NI9
h0022054,test_accession;test_entry_or_isoform_family;exact_test_sequence,Q15738
h0022057,test_accession;test_entry_or_isoform_family;exact_test_sequence,Q7Z7N9
h0022064,test_accession;test_entry_or_isoform_family;exact_test_sequence,Q9BUY5
h0022066,test_accession;test_entry_or_isoform_family;exact_test_sequence,P61313
h0022068,test_accession;test_entry_or_isoform_family;exact_test_sequence,Q9UHB6
h0022080,test_accession;test_entry_or_isoform_family;exact_test_sequence,Q6ZST4
h0022081,test_accession;test_entry_or_isoform_family;exact_test_sequence,P53609
h0022085,test_accession;test_entry_or_isoform_family;exact_test_sequence,Q9C0A1
h0022089,test_accession;test_entry_or_isoform_family;exact_test_sequence,Q8N239
h0022091,test_accession;test_entry_or_isoform_family;exact_test_sequence,P21754
h0022097,test_accession;test_entry_or_isoform_family;exact_test_sequence,Q15005
h0022100,test_accession;test_entry_or_isoform_family;exact_test_sequence,Q14119
h0022107,test_accession;test_entry_or_isoform_family;exact_test_sequence,Q8N2K1
h0022115,test_accession;test_entry_or_isoform_family;exact_test_sequence,Q8NEA6
h0022135,test_entry_or_isoform_family,Q6ZN18-3
h0022140,test_accession;test_entry_or_isoform_family;exact_test_sequence,Q32P28
h0022151,test_accession;test_entry_or_isoform_family;exact_test_sequence,P32302
h0022152,test_accession;test_entry_or_isoform_family;exact_test_sequence,Q9NR28
h0022158,test_accession;test_entry_or_isoform_family;exact_test_sequence,P51168
h0022163,test_accession;test_entry_or_isoform_family;exact_test_sequence,P29274
h0022167,test_entry_or_isoform_family,O75909-4
h0022170,test_entry_or_isoform_family,P17010-2
h0022192,test_accession;test_entry_or_isoform_family;exact_test_sequence,Q9H4A6
h0022198,test_accession;test_entry_or_isoform_family;exact_test_sequence,Q7Z6I5
h0022199,test_entry_or_isoform_family,Q5W0N0-2
h0022226,test_accession;test_entry_or_isoform_family;exact_test_sequence,Q16540
h0022228,test_accession;test_entry_or_isoform_family;exact_test_sequence,P20382
h0022230,test_accession;test_entry_or_isoform_family;exact_test_sequence,Q13162;V9HW63
h0022231,test_accession;test_entry_or_isoform_family;exact_test_sequence,Q15428
h0022234,test_entry_or_isoform_family,Q32M92-2
h0022244,test_accession;test_entry_or_isoform_family;exact_test_sequence,Q9H8E8
h0022253,test_accession;test_entry_or_isoform_family;exact_test_sequence,P16401
h0022256,test_entry_or_isoform_family,P49768-7
h0022258,test_accession;test_entry_or_isoform_family;exact_test_sequence,P0C7T5
h0022260,test_accession;test_entry_or_isoform_family,Q8TDS5
h0022269,test_accession;test_entry_or_isoform_family;exact_test_sequence,Q9Y450
h0022271,test_accession;test_entry_or_isoform_family;exact_test_sequence,Q9C0B9
h0022274,test_accession;test_entry_or_isoform_family;exact_test_sequence,Q13206
h0022296,test_accession;test_entry_or_isoform_family;exact_test_sequence,O75586
h0022297,test_accession;test_entry_or_isoform_family;exact_test_sequence,Q16254
h0022300,test_accession;test_entry_or_isoform_family;exact_test_sequence,P15923
h0022316,test_accession;test_entry_or_isoform_family;exact_test_sequence,Q53FA7
h0022330,test_accession;test_entry_or_isoform_family;exact_test_sequence,Q2TB18
h0022337,test_accession;test_entry_or_isoform_family;exact_test_sequence,Q8N4N3
h0022343,test_entry_or_isoform_family,Q9Y618-4
h0022344,test_entry_or_isoform_family,P61081-2
h0022347,test_accession;test_entry_or_isoform_family;exact_test_sequence,Q9HBX9
h0022357,test_accession;test_entry_or_isoform_family;exact_test_sequence,Q9NRG0
h0022364,test_entry_or_isoform_family,Q7Z3K6-2
h0022366,test_entry_or_isoform_family,Q8NCP5-2
h0022388,test_accession;test_entry_or_isoform_family;exact_test_sequence,Q5VU57
h0022393,test_accession;test_entry_or_isoform_family;exact_test_sequence,Q08211
h0022396,test_entry_or_isoform_family,P04920-2
h0022402,test_accession;test_entry_or_isoform_family;exact_test_sequence,Q9BTE1
h0022406,test_accession;test_entry_or_isoform_family;exact_test_sequence,Q3SXM5
h0022409,test_accession;test_entry_or_isoform_family;exact_test_sequence,Q8NHW3
h0022412,test_accession;test_entry_or_isoform_family;exact_test_sequence,Q9UBX1
h0022417,test_accession;test_entry_or_isoform_family;exact_test_sequence,Q5NE16
h0022429,test_entry_or_isoform_family,Q93100-3
h0022434,test_entry_or_isoform_family,P53384-2
h0022439,test_entry_or_isoform_family,Q8TBB5-2
h0022445,test_accession;test_entry_or_isoform_family;exact_test_sequence,Q13609
h0022453,test_accession;test_entry_or_isoform_family;exact_test_sequence,Q7Z2E3
h0022457,test_accession;test_entry_or_isoform_family;exact_test_sequence,Q8IV76
h0022460,test_accession;test_entry_or_isoform_family;exact_test_sequence,P10242
h0022462,test_accession;test_entry_or_isoform_family;exact_test_sequence,Q99460
h0022466,test_accession;test_entry_or_isoform_family;exact_test_sequence,Q13351
h0022483,test_accession;test_entry_or_isoform_family;exact_test_sequence,Q9H2C2
h0022485,test_accession;test_entry_or_isoform_family;exact_test_sequence,Q96C90
h0022493,test_accession;test_entry_or_isoform_family;exact_test_sequence,Q92813
h0022496,test_entry_or_isoform_family,Q96IZ7-2
h0022503,test_entry_or_isoform_family,Q6Q6R5-3
h0022504,test_entry_or_isoform_family,P06454-2
h0022517,test_entry_or_isoform_family,Q99967-2
h0022518,test_accession;test_entry_or_isoform_family;exact_test_sequence,Q7RTS1
h0022520,test_entry_or_isoform_family,Q9Y5Z0-2
h0022532,test_accession;test_entry_or_isoform_family;exact_test_sequence,Q9HD20
h0022535,test_accession;test_entry_or_isoform_family;exact_test_sequence,Q8NCA5
h0022536,test_accession;test_entry_or_isoform_family;exact_test_sequence,Q9NY93
h0022553,test_accession;test_entry_or_isoform_family;exact_test_sequence,Q9Y4H4
h0022567,test_accession;test_entry_or_isoform_family;exact_test_sequence,A0AVI4
h0022570,test_accession;test_entry_or_isoform_family;exact_test_sequence,Q96G42
h0022571,test_accession;test_entry_or_isoform_family;exact_test_sequence,Q5SRE7
h0022573,test_accession;test_entry_or_isoform_family;exact_test_sequence,Q15726
h0022578,test_entry_or_isoform_family,Q03989-5
h0022590,test_accession;test_entry_or_isoform_family;exact_test_sequence,Q2NKX9
h0022592,test_entry_or_isoform_family,O00409-2
h0022595,test_entry_or_isoform_family,O43474-4
h0022615,test_accession;test_entry_or_isoform_family;exact_test_sequence,P62633
h0022624,test_entry_or_isoform_family,Q9UPP1-2
h0022625,test_accession;test_entry_or_isoform_family;exact_test_sequence,Q9Y221
h0022630,test_accession;test_entry_or_isoform_family;exact_test_sequence,Q9NWX6
h0022631,test_accession;test_entry_or_isoform_family;exact_test_sequence,Q9NY97
h0022633,test_accession;test_entry_or_isoform_family;exact_test_sequence,Q99788
h0022646,test_accession;test_entry_or_isoform_family;exact_test_sequence,Q9UKJ3
h0022649,test_accession;test_entry_or_isoform_family;exact_test_sequence,Q96GY0
h0022650,test_entry_or_isoform_family,O95251-4
h0022663,test_accession;test_entry_or_isoform_family;exact_test_sequence,Q12857
h0022664,test_accession;test_entry_or_isoform_family;exact_test_sequence,Q9Y2Y9
h0022665,test_entry_or_isoform_family,Q9HAZ2-2
h0022668,test_entry_or_isoform_family,Q9NY35-2
h0022669,test_accession;test_entry_or_isoform_family;exact_test_sequence,Q8IXM2
h0022673,test_accession;test_entry_or_isoform_family;exact_test_sequence,Q06432
h0022679,test_accession;test_entry_or_isoform_family;exact_test_sequence,Q9H832
h0022682,test_entry_or_isoform_family,Q8NDX5-2
h0022685,test_entry_or_isoform_family,Q9Y3I1-2
h0022687,test_accession;test_entry_or_isoform_family;exact_test_sequence,O60832
h0022689,test_accession;test_entry_or_isoform_family;exact_test_sequence,Q9UPP1
h0022691,test_accession;test_entry_or_isoform_family;exact_test_sequence,Q5JSS6
h0022695,test_accession;test_entry_or_isoform_family;exact_test_sequence,Q8NCJ5
h0022699,test_accession;test_entry_or_isoform_family;exact_test_sequence,Q8WUB2
h0022723,test_accession;test_entry_or_isoform_family;exact_test_sequence,P82921
h0022724,test_accession;test_entry_or_isoform_family;exact_test_sequence,Q5T871
h0022728,test_accession;test_entry_or_isoform_family,P12104
h0022730,test_accession;test_entry_or_isoform_family;exact_test_sequence,Q8N1G0
h0022736,test_accession;test_entry_or_isoform_family;exact_test_sequence,Q7Z602
h0022737,test_accession;test_entry_or_isoform_family;exact_test_sequence,Q04941
h0022742,test_entry_or_isoform_family,Q5T9L3-2
h0022749,test_accession;test_entry_or_isoform_family;exact_test_sequence,Q9NX24
h0022755,test_accession;test_entry_or_isoform_family;exact_test_sequence,P61086
h0022756,test_accession;test_entry_or_isoform_family;exact_test_sequence,P07148
h0022757,test_entry_or_isoform_family,Q96K49-2
h0022763,test_accession;test_entry_or_isoform_family;exact_test_sequence,Q9BYE0
h0022769,test_accession;test_entry_or_isoform_family;exact_test_sequence,P59991
h0022781,test_entry_or_isoform_family,Q9Y3R5-2
h0022784,test_entry_or_isoform_family,P59998-4
h0022805,test_accession;test_entry_or_isoform_family;exact_test_sequence,Q7Z3K6
h0022815,test_accession;test_entry_or_isoform_family;exact_test_sequence,Q9H944
h0022817,test_entry_or_isoform_family,Q9P2G9-2
h0022825,test_accession;test_entry_or_isoform_family;exact_test_sequence,Q9UKM7
h0022834,test_accession;test_entry_or_isoform_family;exact_test_sequence,Q7RTU1
h0022840,test_accession;test_entry_or_isoform_family;exact_test_sequence,Q66K89
h0022843,test_entry_or_isoform_family,Q9BZ95-3
h0022849,test_accession;test_entry_or_isoform_family;exact_test_sequence,Q8TDG4
h0022851,test_entry_or_isoform_family,P54219-3
h0022852,test_accession;test_entry_or_isoform_family;exact_test_sequence,Q15465
h0022862,test_accession;test_entry_or_isoform_family;exact_test_sequence,Q96HE7
h0022876,test_accession;test_entry_or_isoform_family;exact_test_sequence,Q5T0J3
h0022877,test_accession;test_entry_or_isoform_family;exact_test_sequence,Q96LX7
h0022880,test_accession;test_entry_or_isoform_family;exact_test_sequence,Q16558
h0022881,test_accession;test_entry_or_isoform_family;exact_test_sequence,Q9H8H2
h0022885,test_accession;test_entry_or_isoform_family;exact_test_sequence,Q9BVH7
h0022891,test_accession;test_entry_or_isoform_family;exact_test_sequence,Q86UU9
h0022892,test_accession;test_entry_or_isoform_family;exact_test_sequence,P49281
h0022894,test_accession;test_entry_or_isoform_family;exact_test_sequence,Q969I3
h0022895,test_accession;test_entry_or_isoform_family;exact_test_sequence,O00421
h0022900,test_accession;test_entry_or_isoform_family;exact_test_sequence,Q9H4B8
h0022909,test_accession;test_entry_or_isoform_family;exact_test_sequence,P11168
h0022922,test_entry_or_isoform_family,P48061-3
h0022940,test_accession;test_entry_or_isoform_family;exact_test_sequence,Q5T5M9
h0022945,test_accession;test_entry_or_isoform_family;exact_test_sequence,Q6UWI2
h0022947,test_entry_or_isoform_family,Q12830-4
h0022956,test_accession;test_entry_or_isoform_family;exact_test_sequence,Q03060
h0022967,test_accession;test_entry_or_isoform_family;exact_test_sequence,P01189
h0022972,test_accession;test_entry_or_isoform_family;exact_test_sequence,P27540
h0022979,test_entry_or_isoform_family,Q96GC6-2
h0022992,test_accession;test_entry_or_isoform_family;exact_test_sequence,Q7Z769
h0023022,test_accession;test_entry_or_isoform_family;exact_test_sequence,Q9BX95
h0023024,test_entry_or_isoform_family,Q8NFT6-2
h0023027,test_entry_or_isoform_family,P50479-2
h0023032,test_accession;test_entry_or_isoform_family;exact_test_sequence,Q7Z2H8
h0023043,test_entry_or_isoform_family,Q7Z2E3-9
h0023050,test_accession;test_entry_or_isoform_family;exact_test_sequence,Q9Y5N1
h0023051,test_accession;test_entry_or_isoform_family;exact_test_sequence,P62699
h0023053,test_entry_or_isoform_family,Q9UJT1-2
h0023055,test_accession;test_entry_or_isoform_family;exact_test_sequence,P19447
h0023058,test_accession;test_entry_or_isoform_family;exact_test_sequence,Q9BYG0
h0023064,test_accession;test_entry_or_isoform_family;exact_test_sequence,Q86SR1
h0023076,test_accession;test_entry_or_isoform_family;exact_test_sequence,Q99598
h0023093,test_entry_or_isoform_family,P15923-3
h0023102,test_accession;test_entry_or_isoform_family;exact_test_sequence,Q8WYB5
h0023117,test_accession;test_entry_or_isoform_family;exact_test_sequence,P43119
h0023120,test_entry_or_isoform_family,Q92993-2
h0023139,test_accession;test_entry_or_isoform_family;exact_test_sequence,Q99750
h0023142,test_entry_or_isoform_family,Q14919-2
h0023148,test_accession;test_entry_or_isoform_family;exact_test_sequence,A0JLT2
h0023151,test_accession;test_entry_or_isoform_family;exact_test_sequence,Q9NWZ8
h0023153,test_entry_or_isoform_family,Q9NWS8-3
h0023156,test_accession;test_entry_or_isoform_family;exact_test_sequence,Q13569
h0023162,test_accession;test_entry_or_isoform_family;exact_test_sequence,O95786
h0023163,test_accession;test_entry_or_isoform_family;exact_test_sequence,Q9Y2T5
h0023168,test_entry_or_isoform_family,Q3SYG4-2
h0023170,test_entry_or_isoform_family,P24864-2
h0023172,test_entry_or_isoform_family,Q9HD20-3
h0023175,test_accession;test_entry_or_isoform_family;exact_test_sequence,O14682;Q53XS2
h0023180,test_accession;test_entry_or_isoform_family;exact_test_sequence,Q9UL40
h0023189,test_accession;test_entry_or_isoform_family;exact_test_sequence,Q7Z3Z4
h0023201,test_accession;test_entry_or_isoform_family;exact_test_sequence,P16860
h0023217,test_accession;test_entry_or_isoform_family;exact_test_sequence,Q8NBS3
h0023220,test_entry_or_isoform_family,O60885-3
h0023221,test_accession;test_entry_or_isoform_family;exact_test_sequence,O60911
h0023238,test_accession;test_entry_or_isoform_family;exact_test_sequence,O75947
h0023258,test_accession;test_entry_or_isoform_family;exact_test_sequence,Q96N20
h0023260,test_entry_or_isoform_family,Q4U2R8-2
h0023275,test_accession;test_entry_or_isoform_family;exact_test_sequence,P47870
h0023277,test_accession;test_entry_or_isoform_family;exact_test_sequence,Q9H2L4
h0023279,test_accession;test_entry_or_isoform_family;exact_test_sequence,Q9BXT2
h0023282,test_accession;test_entry_or_isoform_family;exact_test_sequence,Q9BUQ8
h0023284,test_accession;test_entry_or_isoform_family;exact_test_sequence,Q96PQ7
h0023300,test_accession;test_entry_or_isoform_family,P78312
h0023307,test_accession;test_entry_or_isoform_family;exact_test_sequence,O43520
h0023308,test_accession;test_entry_or_isoform_family;exact_test_sequence,Q9UKX7
h0023311,test_entry_or_isoform_family,Q8N720-3
h0023314,test_entry_or_isoform_family,Q12792-4
h0023315,test_accession;test_entry_or_isoform_family;exact_test_sequence,Q5T3I0
h0023317,test_accession;test_entry_or_isoform_family;exact_test_sequence,Q9NZ53
h0023322,test_entry_or_isoform_family,Q96HR9-2
h0023328,test_accession;test_entry_or_isoform_family;exact_test_sequence,Q9UNZ2
h0023329,test_accession;test_entry_or_isoform_family;exact_test_sequence,Q9P2X3
h0023341,test_entry_or_isoform_family,Q49A26-2
h0023344,test_entry_or_isoform_family,Q86V42-2
h0023356,test_accession;test_entry_or_isoform_family;exact_test_sequence,Q9UFW8
h0023379,test_accession;test_entry_or_isoform_family;exact_test_sequence,Q99967
h0023380,test_entry_or_isoform_family,O75061-4
h0023389,test_accession;test_entry_or_isoform_family;exact_test_sequence,P49788
h0023394,test_accession;test_entry_or_isoform_family;exact_test_sequence,O60290
h0023397,test_accession;test_entry_or_isoform_family;exact_test_sequence,Q9NQX0
h0023408,test_accession;test_entry_or_isoform_family;exact_test_sequence,P57678
h0023435,test_accession;test_entry_or_isoform_family;exact_test_sequence,P0CAP2
h0023441,test_accession;test_entry_or_isoform_family;exact_test_sequence,Q99459
h0023444,test_accession;test_entry_or_isoform_family;exact_test_sequence,Q9H3R0
h0023448,test_accession;test_entry_or_isoform_family;exact_test_sequence,Q96Q07
h0023454,test_accession;test_entry_or_isoform_family;exact_test_sequence,Q9H3N1
h0023456,test_accession;test_entry_or_isoform_family;exact_test_sequence,A0A140VK53;Q9UQ35
h0023466,test_accession;test_entry_or_isoform_family;exact_test_sequence,Q6ZRI6
h0023475,test_accession;test_entry_or_isoform_family;exact_test_sequence,Q9UHW9
h0023484,test_accession;test_entry_or_isoform_family;exact_test_sequence,O14709
h0023489,test_accession;test_entry_or_isoform_family;exact_test_sequence,Q15788
h0023491,test_accession;test_entry_or_isoform_family;exact_test_sequence,Q6UW10
h0023504,test_accession;test_entry_or_isoform_family;exact_test_sequence,P22362
h0023506,test_entry_or_isoform_family,Q86UP8-5
h0023508,test_entry_or_isoform_family,Q7Z7E8-2
h0023509,test_accession;test_entry_or_isoform_family;exact_test_sequence,Q6N043
h0023516,test_accession;test_entry_or_isoform_family;exact_test_sequence,Q99633
h0023531,test_accession;test_entry_or_isoform_family;exact_test_sequence,O14842
h0023533,test_accession;test_entry_or_isoform_family;exact_test_sequence,Q9BYV9
h0023534,test_accession;test_entry_or_isoform_family;exact_test_sequence,Q14146
h0023541,test_accession;test_entry_or_isoform_family;exact_test_sequence,Q86U44
h0023542,test_accession;test_entry_or_isoform_family;exact_test_sequence,Q7Z7E8
h0023545,test_accession;test_entry_or_isoform_family;exact_test_sequence,Q14094
h0023552,test_entry_or_isoform_family,Q8N4S0-2
h0023557,test_accession;test_entry_or_isoform_family;exact_test_sequence,P52569
h0023561,test_accession;test_entry_or_isoform_family;exact_test_sequence,O95236
h0023584,test_accession;test_entry_or_isoform_family;exact_test_sequence,P61970
h0023595,test_entry_or_isoform_family,Q9Y2X9-2
h0023596,test_accession;test_entry_or_isoform_family;exact_test_sequence,Q9NV29
h0023608,test_accession;test_entry_or_isoform_family;exact_test_sequence,Q9UL58
h0023613,test_entry_or_isoform_family,A5X5Y0-3
h0023617,test_accession;test_entry_or_isoform_family;exact_test_sequence,P63220;Q6FGH5
h0023621,test_entry_or_isoform_family,Q8IXK0-2
h0023629,test_accession;test_entry_or_isoform_family;exact_test_sequence,Q8TCT9
h0023635,test_accession;test_entry_or_isoform_family;exact_test_sequence,O95622
h0023646,test_entry_or_isoform_family,P18583-5
h0023650,test_entry_or_isoform_family,Q49A26-4
h0023652,test_accession;test_entry_or_isoform_family;exact_test_sequence,Q9Y2Y1
h0023658,test_accession;test_entry_or_isoform_family;exact_test_sequence,P29083
h0023669,test_entry_or_isoform_family,Q9Y673-2
h0023671,test_accession;test_entry_or_isoform_family;exact_test_sequence,Q93075
h0023677,test_accession;test_entry_or_isoform_family;exact_test_sequence,Q9H2F5
h0023678,test_accession;test_entry_or_isoform_family;exact_test_sequence,Q13630
h0023691,test_accession;test_entry_or_isoform_family;exact_test_sequence,O95865;V9HW53
h0023700,test_accession;test_entry_or_isoform_family;exact_test_sequence,P23368
h0023706,test_entry_or_isoform_family,Q9UD71-2
h0023716,test_entry_or_isoform_family,Q13951-2
h0023724,test_accession;test_entry_or_isoform_family;exact_test_sequence,P78423
h0023763,test_accession;test_entry_or_isoform_family;exact_test_sequence,Q13087
h0023785,test_accession;test_entry_or_isoform_family;exact_test_sequence,Q9BT22
h0023839,test_accession;test_entry_or_isoform_family;exact_test_sequence,Q9BQ15
h0023859,test_accession;test_entry_or_isoform_family;exact_test_sequence,Q96T92
h0023877,test_accession;test_entry_or_isoform_family;exact_test_sequence,Q6J272
h0023888,test_entry_or_isoform_family,P48061-2
h0023905,test_accession;test_entry_or_isoform_family;exact_test_sequence,O15534
h0023913,test_accession;test_entry_or_isoform_family;exact_test_sequence,Q6ICB0
h0023917,test_accession;test_entry_or_isoform_family;exact_test_sequence,Q03135
h0023923,test_accession;test_entry_or_isoform_family;exact_test_sequence,O43286
h0023924,test_accession;test_entry_or_isoform_family;exact_test_sequence,Q96MD7
h0023946,test_accession;test_entry_or_isoform_family;exact_test_sequence,O75376
h0023953,test_accession;test_entry_or_isoform_family;exact_test_sequence,Q8WW38
h0023955,test_accession;test_entry_or_isoform_family;exact_test_sequence,P30968
h0023966,test_accession;test_entry_or_isoform_family;exact_test_sequence,Q6XR72
h0023968,test_entry_or_isoform_family,P36956-3
h0023977,test_accession;test_entry_or_isoform_family;exact_test_sequence,O14901
h0023991,test_entry_or_isoform_family,Q8IW50-3
h0023999,test_entry_or_isoform_family,P46098-2
h0024009,test_accession;test_entry_or_isoform_family;exact_test_sequence,Q9NXG2
h0024014,test_entry_or_isoform_family,P36969-2
h0024015,test_entry_or_isoform_family,Q9UBL3-2
h0024023,test_accession;test_entry_or_isoform_family;exact_test_sequence,Q8NE00
h0024043,test_accession;test_entry_or_isoform_family;exact_test_sequence,Q9BPW9
h0024044,test_accession;test_entry_or_isoform_family;exact_test_sequence,Q9Y657
h0024047,test_entry_or_isoform_family,O15304-2
h0024060,test_accession;test_entry_or_isoform_family;exact_test_sequence,Q92890
h0024066,test_accession;test_entry_or_isoform_family;exact_test_sequence,Q9NXV6
h0024069,test_accession;test_entry_or_isoform_family;exact_test_sequence,Q9HAU8
h0024072,test_accession;test_entry_or_isoform_family;exact_test_sequence,Q8WWZ1
h0024077,test_entry_or_isoform_family,Q8NEY8-5
h0024082,test_accession;test_entry_or_isoform_family;exact_test_sequence,P0CG13
h0024095,test_entry_or_isoform_family,Q96JM2-3
h0024101,test_accession;test_entry_or_isoform_family;exact_test_sequence,O60609
h0024113,test_accession;test_entry_or_isoform_family;exact_test_sequence,Q5JTC6
h0024115,test_accession;test_entry_or_isoform_family;exact_test_sequence,O43513;Q6IAZ5
h0024125,test_accession;test_entry_or_isoform_family;exact_test_sequence,P08047
h0024139,test_accession;test_entry_or_isoform_family;exact_test_sequence,Q8WXA2
h0024149,test_accession;test_entry_or_isoform_family;exact_test_sequence,P82979
h0024164,test_accession;test_entry_or_isoform_family;exact_test_sequence,Q8IWP9
h0024175,test_accession;test_entry_or_isoform_family;exact_test_sequence,Q9NZB2
h0024176,test_accession;test_entry_or_isoform_family;exact_test_sequence,Q2VY69
h0024196,test_accession;test_entry_or_isoform_family;exact_test_sequence,Q2KHR3
h0024204,test_accession;test_entry_or_isoform_family;exact_test_sequence,Q86YP4
h0024206,test_accession;test_entry_or_isoform_family;exact_test_sequence,Q5T0B9
h0024214,test_accession;test_entry_or_isoform_family;exact_test_sequence,Q8N682
h0024227,test_accession;test_entry_or_isoform_family;exact_test_sequence,P61604
h0024228,test_accession;test_entry_or_isoform_family;exact_test_sequence,P24385
h0024246,test_accession;test_entry_or_isoform_family;exact_test_sequence,P78383
h0024249,test_entry_or_isoform_family,Q9BU76-2
h0024256,test_accession;test_entry_or_isoform_family;exact_test_sequence,Q401N2
h0024264,test_accession;test_entry_or_isoform_family;exact_test_sequence,Q8NDB6
h0024268,test_accession;test_entry_or_isoform_family;exact_test_sequence,P42766
h0024274,test_accession;test_entry_or_isoform_family;exact_test_sequence,Q9Y4E5
h0024284,test_accession;test_entry_or_isoform_family;exact_test_sequence,Q8NBE8
h0024293,test_accession;test_entry_or_isoform_family;exact_test_sequence,Q6ZVX9
h0024312,test_entry_or_isoform_family,Q96JM7-2
h0024333,test_accession;test_entry_or_isoform_family;exact_test_sequence,Q6IPU0
h0024339,test_accession;test_entry_or_isoform_family;exact_test_sequence,Q9Y385
h0024351,test_accession;test_entry_or_isoform_family;exact_test_sequence,Q9UL12
h0024355,test_accession;test_entry_or_isoform_family;exact_test_sequence,Q9HCJ6
h0024385,test_accession;test_entry_or_isoform_family;exact_test_sequence,Q8TAC1
h0024389,test_accession;test_entry_or_isoform_family;exact_test_sequence,P81133
h0024391,test_accession;test_entry_or_isoform_family;exact_test_sequence,Q9Y6B2
h0024398,test_accession;test_entry_or_isoform_family;exact_test_sequence,O43614
h0024400,test_accession;test_entry_or_isoform_family;exact_test_sequence,O43918
h0024415,test_accession;test_entry_or_isoform_family;exact_test_sequence,Q96QD8
h0024422,test_accession;test_entry_or_isoform_family;exact_test_sequence,Q9BRT9
h0024431,test_entry_or_isoform_family,P61086-2
h0024435,test_entry_or_isoform_family,P49768-2
h0024440,test_accession;test_entry_or_isoform_family;exact_test_sequence,Q8TBC5
h0024463,test_entry_or_isoform_family,P51800-3
h0024465,test_accession;test_entry_or_isoform_family,Q14241
h0024470,test_accession;test_entry_or_isoform_family;exact_test_sequence,Q6Y288
h0024501,test_entry_or_isoform_family,Q9HBM0-2
h0024517,test_entry_or_isoform_family,Q9NQ11-2
h0024521,test_entry_or_isoform_family,Q8TDD1-2
h0024522,test_accession;test_entry_or_isoform_family;exact_test_sequence,Q9P281
h0024527,test_accession;test_entry_or_isoform_family;exact_test_sequence,Q5SQS8
h0024528,test_accession;test_entry_or_isoform_family;exact_test_sequence,Q9UJ78
h0024530,test_accession;test_entry_or_isoform_family;exact_test_sequence,O14628
h0024535,test_accession;test_entry_or_isoform_family;exact_test_sequence,Q71U36
h0024552,test_accession;test_entry_or_isoform_family;exact_test_sequence,Q5SVZ6
h0024556,test_entry_or_isoform_family,Q8TCT7-2
h0024559,test_accession;test_entry_or_isoform_family;exact_test_sequence,Q6IWH7
h0024563,test_accession;test_entry_or_isoform_family;exact_test_sequence,A4D2J0;O15498
h0024565,test_entry_or_isoform_family,Q9Y6Q9-5
h0024578,test_entry_or_isoform_family,Q01814-5
h0024580,test_accession;test_entry_or_isoform_family;exact_test_sequence,B2RD01
h0024584,test_accession;test_entry_or_isoform_family;exact_test_sequence,Q8NBS9
h0024596,test_entry_or_isoform_family,Q96BW9-2
h0024610,test_accession;test_entry_or_isoform_family;exact_test_sequence,Q96M98
h0024623,test_accession;test_entry_or_isoform_family;exact_test_sequence,Q86SK9
h0024624,test_accession;test_entry_or_isoform_family;exact_test_sequence,O00746
h0024644,test_accession;test_entry_or_isoform_family;exact_test_sequence,Q9UBD9
h0024649,test_accession;test_entry_or_isoform_family;exact_test_sequence,A0PK11
h0024653,test_accession;test_entry_or_isoform_family;exact_test_sequence,P0C7P4
h0024669,test_accession;test_entry_or_isoform_family;exact_test_sequence,Q8NCN5
h0024674,test_accession;test_entry_or_isoform_family;exact_test_sequence,Q96AN5
h0024675,test_accession;test_entry_or_isoform_family;exact_test_sequence,Q7Z570
h0024676,test_accession;test_entry_or_isoform_family;exact_test_sequence,P41002
h0024682,test_accession;test_entry_or_isoform_family;exact_test_sequence,Q5W0N0
h0024687,test_accession;test_entry_or_isoform_family;exact_test_sequence,Q92748
h0024694,test_accession;test_entry_or_isoform_family;exact_test_sequence,O96024
h0024696,test_accession;test_entry_or_isoform_family;exact_test_sequence,Q9NYF3
h0024698,test_accession;test_entry_or_isoform_family;exact_test_sequence,Q96GC6
h0024701,test_entry_or_isoform_family,Q13061-2
h0024703,test_accession;test_entry_or_isoform_family;exact_test_sequence,Q96T23
h0024709,test_accession;test_entry_or_isoform_family;exact_test_sequence,O15119
h0024717,test_entry_or_isoform_family,A1A519-2
h0024726,test_entry_or_isoform_family,Q96A57-2
h0024733,test_entry_or_isoform_family,Q8TE85-2
h0024734,test_accession;test_entry_or_isoform_family;exact_test_sequence,Q9NVH6
h0024741,test_accession;test_entry_or_isoform_family;exact_test_sequence,Q9NV72
h0024748,test_accession;test_entry_or_isoform_family;exact_test_sequence,Q9Y5U9
h0024763,test_accession;test_entry_or_isoform_family;exact_test_sequence,P30411
h0024769,test_accession;test_entry_or_isoform_family;exact_test_sequence,Q6ZRT6
h0024771,test_accession;test_entry_or_isoform_family;exact_test_sequence,Q92791
h0024777,test_accession;test_entry_or_isoform_family;exact_test_sequence,Q9H0R3
h0024780,test_entry_or_isoform_family,O15198-2
h0024782,test_accession;test_entry_or_isoform_family;exact_test_sequence,Q8N0Y2
h0024795,test_entry_or_isoform_family,O75947-2
h0024804,test_accession;test_entry_or_isoform_family;exact_test_sequence,Q96RJ6
h0024813,test_accession;test_entry_or_isoform_family;exact_test_sequence,Q13639
h0024815,test_accession;test_entry_or_isoform_family;exact_test_sequence,Q9Y3R5
h0024821,test_entry_or_isoform_family,Q9BTE3-2
h0024826,test_accession;test_entry_or_isoform_family;exact_test_sequence,Q92993
h0024834,test_accession;test_entry_or_isoform_family;exact_test_sequence,Q9Y5T4
h0024835,test_accession;test_entry_or_isoform_family;exact_test_sequence,Q8NFT6
h0024850,test_accession;test_entry_or_isoform_family;exact_test_sequence,Q9Y267
h0024860,test_accession;test_entry_or_isoform_family;exact_test_sequence,P30043
h0024867,test_accession;test_entry_or_isoform_family;exact_test_sequence,Q8IU99
h0024874,test_accession;test_entry_or_isoform_family;exact_test_sequence,P14635
h0024884,test_accession;test_entry_or_isoform_family;exact_test_sequence,Q9Y2E8
h0024888,test_accession;test_entry_or_isoform_family;exact_test_sequence,Q969U7
h0024889,test_accession;test_entry_or_isoform_family;exact_test_sequence,O15231
h0024891,test_entry_or_isoform_family,P47710-2
h0024892,test_entry_or_isoform_family,Q9NW08-2
h0024908,test_accession;test_entry_or_isoform_family;exact_test_sequence,Q99593
h0024910,test_accession;test_entry_or_isoform_family;exact_test_sequence,Q7LFL8
h0024912,test_entry_or_isoform_family,P49682-3
h0024920,test_entry_or_isoform_family,Q96NU1-1
h0024940,test_accession;test_entry_or_isoform_family;exact_test_sequence,Q8N446
h0024945,test_accession;test_entry_or_isoform_family;exact_test_sequence,P51636
h0024949,test_entry_or_isoform_family,Q9NTW7-5
h0024951,test_accession;test_entry_or_isoform_family;exact_test_sequence,Q9NXR8
h0024957,test_accession;test_entry_or_isoform_family;exact_test_sequence,Q9H7B4
h0024958,test_accession;test_entry_or_isoform_family;exact_test_sequence,Q9NQE9
h0024962,test_accession;test_entry_or_isoform_family;exact_test_sequence,Q8N8A6
h0024975,test_accession;test_entry_or_isoform_family;exact_test_sequence,O75185
h0024980,test_entry_or_isoform_family,Q6PID8-2
h0024983,test_accession;test_entry_or_isoform_family;exact_test_sequence,Q86VL8
h0024995,test_accession;test_entry_or_isoform_family;exact_test_sequence,Q68DL7
h0024999,test_accession;test_entry_or_isoform_family;exact_test_sequence,P49448
h0025001,test_entry_or_isoform_family,Q9H1Y0-2
h0025002,test_entry_or_isoform_family,P49407-2
h0025008,test_accession;test_entry_or_isoform_family;exact_test_sequence,Q9UBS4
h0025011,test_entry_or_isoform_family,Q9BZS1-2
h0025023,test_accession;test_entry_or_isoform_family;exact_test_sequence,Q6ZQN7
h0025032,test_accession;test_entry_or_isoform_family;exact_test_sequence,O60315
h0025034,test_entry_or_isoform_family,Q9H6K4-2
h0025041,test_accession;test_entry_or_isoform_family;exact_test_sequence,Q8IV13
h0025045,test_accession;test_entry_or_isoform_family;exact_test_sequence,P21815
h0025064,test_accession;test_entry_or_isoform_family;exact_test_sequence,Q14210
h0025069,test_accession;test_entry_or_isoform_family;exact_test_sequence,Q8N4S7
h0025070,test_accession;test_entry_or_isoform_family;exact_test_sequence,Q8WU10
h0025080,test_accession;test_entry_or_isoform_family;exact_test_sequence,Q9NZ81
h0025096,test_accession;test_entry_or_isoform_family;exact_test_sequence,Q96Q45
h0025097,test_accession;test_entry_or_isoform_family;exact_test_sequence,Q9BUG6
h0025114,test_accession;test_entry_or_isoform_family;exact_test_sequence,Q8N5Y2
h0025118,test_accession;test_entry_or_isoform_family;exact_test_sequence,P28906
h0025128,test_accession;test_entry_or_isoform_family;exact_test_sequence,Q9Y2G9
h0025131,test_accession;test_entry_or_isoform_family;exact_test_sequence,Q9H320
h0025134,test_entry_or_isoform_family,Q9HB58-5
h0025139,test_accession;test_entry_or_isoform_family;exact_test_sequence,Q8IY21
h0025140,test_entry_or_isoform_family,Q9UHW9-2
h0025148,test_accession;test_entry_or_isoform_family;exact_test_sequence,Q8N4T8
h0025150,test_entry_or_isoform_family,O43670-2
h0025192,test_entry_or_isoform_family,O95168-2
h0025200,test_accession;test_entry_or_isoform_family;exact_test_sequence,O14625
h0025206,test_entry_or_isoform_family,Q8IXQ5-2
h0025212,test_accession;test_entry_or_isoform_family;exact_test_sequence,P62891
h0025221,test_accession;test_entry_or_isoform_family;exact_test_sequence,P25208
h0025231,test_entry_or_isoform_family,Q5T4S7-2
h0025252,test_accession;test_entry_or_isoform_family;exact_test_sequence,P43115
h0025264,test_accession;test_entry_or_isoform_family;exact_test_sequence,Q8NDW4
h0025281,test_accession;test_entry_or_isoform_family;exact_test_sequence,Q8IVM8
h0025285,test_accession;test_entry_or_isoform_family;exact_test_sequence,Q9GZV8
h0025288,test_accession;test_entry_or_isoform_family;exact_test_sequence,Q9UJX4
h0025301,test_accession;test_entry_or_isoform_family;exact_test_sequence,Q9Y678
h0025311,test_entry_or_isoform_family,Q8IX18-2
h0025315,test_entry_or_isoform_family,Q9BU76-4
h0025329,test_accession;test_entry_or_isoform_family;exact_test_sequence,P15822
h0025331,test_accession;test_entry_or_isoform_family;exact_test_sequence,P51161
h0025340,test_accession;test_entry_or_isoform_family;exact_test_sequence,Q9BRP1
h0025372,test_accession;test_entry_or_isoform_family;exact_test_sequence,O15342
h0025373,test_accession;test_entry_or_isoform_family;exact_test_sequence,Q15477
h0025390,test_accession;test_entry_or_isoform_family;exact_test_sequence,O75940
h0025392,test_entry_or_isoform_family,Q9NS00-2
h0025394,test_accession;test_entry_or_isoform_family;exact_test_sequence,P00846
h0025396,test_accession;test_entry_or_isoform_family;exact_test_sequence,P18621
h0025399,test_entry_or_isoform_family,A0AVI4-2
h0025401,test_entry_or_isoform_family,P51797-5
h0025404,test_accession;test_entry_or_isoform_family;exact_test_sequence,P09622
h0025418,test_accession;test_entry_or_isoform_family;exact_test_sequence,Q02577
h0025420,test_accession;test_entry_or_isoform_family;exact_test_sequence,Q96LJ7
h0025425,test_accession;test_entry_or_isoform_family,Q8NCP5
h0025426,test_accession;test_entry_or_isoform_family;exact_test_sequence,Q9BV79
h0025434,test_entry_or_isoform_family,O75564-2
h0025437,test_accession;test_entry_or_isoform_family;exact_test_sequence,A8MTJ6
h0025440,test_accession;test_entry_or_isoform_family;exact_test_sequence,Q6NUT3
h0025449,test_accession;test_entry_or_isoform_family;exact_test_sequence,Q14526
h0025453,test_entry_or_isoform_family,P54707-2
h0025456,test_accession;test_entry_or_isoform_family;exact_test_sequence,Q495W5
h0025458,test_accession;test_entry_or_isoform_family;exact_test_sequence,Q9C0D9
h0025465,test_accession;test_entry_or_isoform_family;exact_test_sequence,P04201
h0025471,test_accession;test_entry_or_isoform_family;exact_test_sequence,Q8NC26
h0025476,test_accession;test_entry_or_isoform_family;exact_test_sequence,Q7L5N1
h0025478,test_entry_or_isoform_family,P41182-2
h0025497,test_accession;test_entry_or_isoform_family;exact_test_sequence,Q717R9
h0025503,test_accession;test_entry_or_isoform_family;exact_test_sequence,Q9Y3E0
h0025507,test_entry_or_isoform_family,Q14697-2
h0025513,test_entry_or_isoform_family,P27540-2
h0025523,test_entry_or_isoform_family,Q9HBE1-2
h0025530,test_entry_or_isoform_family,Q02930-3
h0025535,test_accession;test_entry_or_isoform_family;exact_test_sequence,Q96JM7
h0025555,test_accession;test_entry_or_isoform_family;exact_test_sequence,Q5T1V6
h0025564,test_entry_or_isoform_family,P80188-2
h0025565,test_accession;test_entry_or_isoform_family;exact_test_sequence,P24530
h0025567,test_accession;test_entry_or_isoform_family;exact_test_sequence,Q96NB3
h0025585,test_entry_or_isoform_family,Q9BU76-3
h0025605,test_accession;test_entry_or_isoform_family;exact_test_sequence,Q9ULL0
h0025608,test_accession;test_entry_or_isoform_family;exact_test_sequence,Q8TDM5
h0025610,test_accession;test_entry_or_isoform_family;exact_test_sequence,Q9NPD5
h0025611,test_accession;test_entry_or_isoform_family;exact_test_sequence,O15239
h0025612,test_accession;test_entry_or_isoform_family;exact_test_sequence,P10176
h0025616,test_accession;test_entry_or_isoform_family;exact_test_sequence,Q8TC59
h0025617,test_entry_or_isoform_family,P47804-3
h0025619,test_accession;test_entry_or_isoform_family;exact_test_sequence,Q8N1K5
h0025628,test_accession;test_entry_or_isoform_family;exact_test_sequence,Q5T686
h0025656,test_accession;test_entry_or_isoform_family;exact_test_sequence,Q15828
h0025660,test_accession;test_entry_or_isoform_family;exact_test_sequence,P51798
h0025663,test_accession;test_entry_or_isoform_family;exact_test_sequence,Q9NTG7
h0025665,test_entry_or_isoform_family,Q13404-2
h0025680,test_accession;test_entry_or_isoform_family;exact_test_sequence,Q8N5M9
h0025684,test_accession;test_entry_or_isoform_family;exact_test_sequence,Q8NHY0
h0025687,test_entry_or_isoform_family,P51610-3
h0025689,test_accession;test_entry_or_isoform_family;exact_test_sequence,O95968
h0025692,test_accession;test_entry_or_isoform_family;exact_test_sequence,Q9UMX2
h0025709,test_entry_or_isoform_family,Q9UIQ6-2
h0025712,test_accession;test_entry_or_isoform_family;exact_test_sequence,Q9UI95
h0025715,test_entry_or_isoform_family,Q8TCX1-2
h0025716,test_accession;test_entry_or_isoform_family;exact_test_sequence,Q8NCA9
h0025718,test_accession;test_entry_or_isoform_family;exact_test_sequence,Q9UHF7
h0025721,test_accession;test_entry_or_isoform_family;exact_test_sequence,O95563
h0025736,test_accession;test_entry_or_isoform_family;exact_test_sequence,Q9NWS0
h0025738,test_accession;test_entry_or_isoform_family;exact_test_sequence,Q9NNZ3
h0025752,test_accession;test_entry_or_isoform_family;exact_test_sequence,Q99909
h0025758,test_entry_or_isoform_family,O96000-2
h0025761,test_accession;test_entry_or_isoform_family;exact_test_sequence,P20309
h0025771,test_accession;test_entry_or_isoform_family;exact_test_sequence,Q9BQ90
h0025772,test_accession;test_entry_or_isoform_family;exact_test_sequence,Q9Y6X4
h0025787,test_entry_or_isoform_family,Q8NEY8-8
h0025788,test_accession;test_entry_or_isoform_family;exact_test_sequence,Q6UX72
h0025800,test_entry_or_isoform_family,Q96RL1-2
h0025804,test_entry_or_isoform_family,Q9GZT9-2
h0025810,test_accession;test_entry_or_isoform_family;exact_test_sequence,O43603
h0025815,test_accession;test_entry_or_isoform_family;exact_test_sequence,P00813
h0025822,test_accession;test_entry_or_isoform_family;exact_test_sequence,Q8WX39
h0025825,test_accession;test_entry_or_isoform_family;exact_test_sequence,P23327
h0025829,test_accession;test_entry_or_isoform_family;exact_test_sequence,Q86VZ1
h0025835,test_accession;test_entry_or_isoform_family;exact_test_sequence,Q9ULX6
h0025836,test_accession;test_entry_or_isoform_family;exact_test_sequence,Q9H1C7
h0025837,test_accession;test_entry_or_isoform_family;exact_test_sequence,Q13951
h0025840,test_accession;test_entry_or_isoform_family;exact_test_sequence,Q9C0D4
h0025845,test_accession;test_entry_or_isoform_family;exact_test_sequence,Q9BX68
h0025846,test_accession;test_entry_or_isoform_family;exact_test_sequence,Q4U2R8
h0025851,test_entry_or_isoform_family,Q9BXD5-3
h0025857,test_entry_or_isoform_family,P17040-4
h0025862,test_accession;test_entry_or_isoform_family;exact_test_sequence,P54886
h0025870,test_accession;test_entry_or_isoform_family;exact_test_sequence,Q9BUE6
h0025877,test_accession;test_entry_or_isoform_family;exact_test_sequence,Q9HAF1
h0025887,test_entry_or_isoform_family,P62847-2
h0025892,test_accession;test_entry_or_isoform_family;exact_test_sequence,O15209
h0025894,test_accession;test_entry_or_isoform_family;exact_test_sequence,O95365
h0025910,test_accession;test_entry_or_isoform_family;exact_test_sequence,P0DPB6
h0025911,test_accession;test_entry_or_isoform_family;exact_test_sequence,Q9Y483
h0025931,test_accession;test_entry_or_isoform_family;exact_test_sequence,Q03403
h0025934,test_accession;test_entry_or_isoform_family;exact_test_sequence,Q96QT6
h0025939,test_entry_or_isoform_family,Q6UX07-2
h0025941,test_accession;test_entry_or_isoform_family;exact_test_sequence,P20142
h0025945,test_accession;test_entry_or_isoform_family;exact_test_sequence,P26374
h0025948,test_entry_or_isoform_family,Q8N6N3-2
h0025949,test_accession;test_entry_or_isoform_family;exact_test_sequence,Q13123
h0025951,test_accession;test_entry_or_isoform_family;exact_test_sequence,Q12874
h0025953,test_accession;test_entry_or_isoform_family;exact_test_sequence,Q8TF68
h0025959,test_accession;test_entry_or_isoform_family;exact_test_sequence,Q86W56
h0025962,test_entry_or_isoform_family,Q8IXK0-5
h0025963,test_entry_or_isoform_family,O14639-6
h0025971,test_accession;test_entry_or_isoform_family;exact_test_sequence,Q9H330
h0025975,test_accession;test_entry_or_isoform_family;exact_test_sequence,A2PYH4
h0025988,test_accession;test_entry_or_isoform_family;exact_test_sequence,Q6P047
h0025989,test_accession;test_entry_or_isoform_family;exact_test_sequence,Q9NX01
h0025992,test_accession;test_entry_or_isoform_family;exact_test_sequence,P51800
h0025995,test_entry_or_isoform_family,Q9UJ78-2
h0026011,test_accession;test_entry_or_isoform_family;exact_test_sequence,O43474
h0026025,test_entry_or_isoform_family,Q14296-2
h0026026,test_accession;test_entry_or_isoform_family;exact_test_sequence,Q96A29
h0026029,test_accession;test_entry_or_isoform_family;exact_test_sequence,Q96DG6
h0026033,test_accession;test_entry_or_isoform_family;exact_test_sequence,Q9Y258
h0026040,test_accession;test_entry_or_isoform_family;exact_test_sequence,O00716
h0026041,test_accession;test_entry_or_isoform_family;exact_test_sequence,Q9UJQ4
h0026044,test_accession;test_entry_or_isoform_family;exact_test_sequence,Q8IZ20
h0026051,test_entry_or_isoform_family,P43115-12
h0026056,test_entry_or_isoform_family,Q2KHT4-4
h0026061,test_accession;test_entry_or_isoform_family;exact_test_sequence,Q8IVW8
h0026062,test_entry_or_isoform_family,Q9NZC7-2
h0026070,test_accession;test_entry_or_isoform_family;exact_test_sequence,Q9H7F0
h0026073,test_accession;test_entry_or_isoform_family;exact_test_sequence,Q9NXE8
h0026078,test_accession;test_entry_or_isoform_family;exact_test_sequence,P49643
h0026089,test_accession;test_entry_or_isoform_family;exact_test_sequence,Q6TCH4
h0026106,test_entry_or_isoform_family,Q9NZB2-4
h0026107,test_accession;test_entry_or_isoform_family;exact_test_sequence,Q9H0C1
h0026108,test_accession;test_entry_or_isoform_family;exact_test_sequence,Q15631
h0026109,test_accession;test_entry_or_isoform_family;exact_test_sequence,Q5T9C9
h0026115,test_entry_or_isoform_family,Q02930-2
h0026128,test_accession;test_entry_or_isoform_family;exact_test_sequence,B2R4R9;P62857
h0026138,test_accession;test_entry_or_isoform_family;exact_test_sequence,P08173
h0026140,test_entry_or_isoform_family,P63241-2
h0026159,test_accession;test_entry_or_isoform_family;exact_test_sequence,Q7L5L3
h0026165,test_entry_or_isoform_family,P07510-2
h0026167,test_accession;test_entry_or_isoform_family;exact_test_sequence,Q3SYG4
h0026178,test_accession;test_entry_or_isoform_family;exact_test_sequence,Q8TB92
h0026183,test_accession;test_entry_or_isoform_family;exact_test_sequence,P35410
h0026187,test_entry_or_isoform_family,Q7Z4I7-4
h0026190,test_accession;test_entry_or_isoform_family;exact_test_sequence,Q12962
h0026196,test_entry_or_isoform_family,Q8N6M6-2
h0026208,test_entry_or_isoform_family,Q969W3-2
h0026212,test_accession;test_entry_or_isoform_family;exact_test_sequence,Q99990
h0026215,test_entry_or_isoform_family,Q6NUT3-2
h0026217,test_accession;test_entry_or_isoform_family;exact_test_sequence,P51003
h0026228,test_accession;test_entry_or_isoform_family;exact_test_sequence,O75419
h0026234,test_accession;test_entry_or_isoform_family;exact_test_sequence,Q99707
h0026240,test_accession;test_entry_or_isoform_family;exact_test_sequence,Q9UI26
h0026242,test_accession;test_entry_or_isoform_family;exact_test_sequence,Q8WUH1
h0026258,test_accession;test_entry_or_isoform_family;exact_test_sequence,Q96P66
h0026265,test_accession;test_entry_or_isoform_family;exact_test_sequence,P55201
h0026269,test_accession;test_entry_or_isoform_family;exact_test_sequence,Q9NWS8
h0026270,test_accession;test_entry_or_isoform_family;exact_test_sequence,O75398
h0026272,test_accession;test_entry_or_isoform_family;exact_test_sequence,Q7Z7M9
h0026277,test_accession;test_entry_or_isoform_family;exact_test_sequence,Q8N4V2
h0026279,test_accession;test_entry_or_isoform_family;exact_test_sequence,Q9UJW2
h0026289,test_accession;test_entry_or_isoform_family;exact_test_sequence,Q8WUD4
h0026290,test_accession;test_entry_or_isoform_family;exact_test_sequence,Q9UGM5
h0026293,test_accession;test_entry_or_isoform_family;exact_test_sequence,Q53GQ0
h0026296,test_accession;test_entry_or_isoform_family;exact_test_sequence,Q8N8B7
h0026310,test_accession;test_entry_or_isoform_family;exact_test_sequence,Q16222
h0026312,test_entry_or_isoform_family,Q9NXX6-2
h0026330,test_accession;test_entry_or_isoform_family;exact_test_sequence,Q9GZZ1
h0026339,test_accession;test_entry_or_isoform_family;exact_test_sequence,Q16650
h0026340,test_accession;test_entry_or_isoform_family;exact_test_sequence,O15055
h0026349,test_accession;test_entry_or_isoform_family;exact_test_sequence,Q13304
h0026350,test_accession;test_entry_or_isoform_family;exact_test_sequence,Q16617
h0026356,test_entry_or_isoform_family,Q9NRC8-3
h0026366,test_accession;test_entry_or_isoform_family;exact_test_sequence,O14880
h0026369,test_entry_or_isoform_family,Q86YP4-2
h0026375,test_accession;test_entry_or_isoform_family;exact_test_sequence,O14683
h0026376,test_entry_or_isoform_family,A8MV65-2
h0026380,test_accession;test_entry_or_isoform_family;exact_test_sequence,Q9UBS3
h0026385,test_accession;test_entry_or_isoform_family;exact_test_sequence,Q9GZP1
h0026388,test_accession;test_entry_or_isoform_family;exact_test_sequence,O75165
h0026389,test_accession;test_entry_or_isoform_family;exact_test_sequence,P06307
h0026411,test_accession;test_entry_or_isoform_family;exact_test_sequence,Q9UHG0
h0026413,test_entry_or_isoform_family,Q9UIL8-2
h0026424,test_accession;test_entry_or_isoform_family;exact_test_sequence,P53611
h0026426,test_accession;test_entry_or_isoform_family;exact_test_sequence,Q9H3N8
h0026432,test_accession;test_entry_or_isoform_family;exact_test_sequence,Q9H246
h0026434,test_accession;test_entry_or_isoform_family;exact_test_sequence,Q08AG7
h0026437,test_accession;test_entry_or_isoform_family;exact_test_sequence,Q5JXC2
h0026440,test_accession;test_entry_or_isoform_family;exact_test_sequence,Q07325
h0026442,test_accession;test_entry_or_isoform_family;exact_test_sequence,Q8NHS1
h0026445,test_accession;test_entry_or_isoform_family;exact_test_sequence,Q96IZ7
h0026446,test_accession;test_entry_or_isoform_family;exact_test_sequence,Q9GZR7
h0026449,test_accession;test_entry_or_isoform_family;exact_test_sequence,Q5GH77
h0026452,test_accession;test_entry_or_isoform_family;exact_test_sequence,Q9Y3C8
h0026454,test_accession;test_entry_or_isoform_family;exact_test_sequence,Q8N393
h0026476,test_entry_or_isoform_family,Q04656-2
h0026485,test_accession;test_entry_or_isoform_family;exact_test_sequence,P04198
h0026488,test_accession;test_entry_or_isoform_family;exact_test_sequence,P68543
h0026494,test_accession;test_entry_or_isoform_family;exact_test_sequence,O14867
h0026503,test_accession;test_entry_or_isoform_family;exact_test_sequence,Q2NKJ3
h0026524,test_entry_or_isoform_family,Q9NQ31-3
h0026528,test_accession;test_entry_or_isoform_family;exact_test_sequence,Q96EN8
h0026537,test_accession;test_entry_or_isoform_family,Q9P2C4
h0026543,test_accession;test_entry_or_isoform_family;exact_test_sequence,Q9NR55
h0026557,test_accession;test_entry_or_isoform_family;exact_test_sequence,Q96A57
h0026575,test_accession;test_entry_or_isoform_family;exact_test_sequence,P35542
h0026581,test_accession;test_entry_or_isoform_family;exact_test_sequence,Q7Z5H4
h0026584,test_accession;test_entry_or_isoform_family;exact_test_sequence,Q13371
h0026588,test_accession;test_entry_or_isoform_family;exact_test_sequence,Q9H1C4
h0026601,test_accession;test_entry_or_isoform_family;exact_test_sequence,Q7RTM1
h0026602,test_accession;test_entry_or_isoform_family;exact_test_sequence,Q8N4E4
h0026603,test_accession;test_entry_or_isoform_family;exact_test_sequence,Q9Y581
h0026614,test_entry_or_isoform_family,Q9Y316-2
h0026616,test_accession;test_entry_or_isoform_family;exact_test_sequence,Q0VG99
h0026620,test_accession;test_entry_or_isoform_family;exact_test_sequence,Q9UMX9
h0026621,test_accession;test_entry_or_isoform_family;exact_test_sequence,Q92830
h0026624,test_accession;test_entry_or_isoform_family;exact_test_sequence,Q5FWF5
h0026631,test_accession;test_entry_or_isoform_family;exact_test_sequence,O75879
h0026642,test_accession;test_entry_or_isoform_family;exact_test_sequence,P56192
h0026645,test_entry_or_isoform_family,Q2M2Z5-3
h0026646,test_accession;test_entry_or_isoform_family;exact_test_sequence,P82980
h0026647,test_accession;test_entry_or_isoform_family,P35225
h0026651,test_accession;test_entry_or_isoform_family;exact_test_sequence,Q9C0J9
h0026661,test_entry_or_isoform_family,A0JLT2-2
h0026673,test_accession;test_entry_or_isoform_family;exact_test_sequence,P00414
h0026677,test_accession;test_entry_or_isoform_family;exact_test_sequence,Q6UWT4
h0026680,test_accession;test_entry_or_isoform_family;exact_test_sequence,Q5VWG9
h0026689,test_accession;test_entry_or_isoform_family;exact_test_sequence,P26358
h0026700,test_accession;test_entry_or_isoform_family;exact_test_sequence,Q8N3F8
h0026706,test_accession;test_entry_or_isoform_family;exact_test_sequence,Q96EK9
h0026707,test_entry_or_isoform_family,Q96NT5-2
h0026715,test_accession;test_entry_or_isoform_family;exact_test_sequence,O75151
h0026729,test_accession;test_entry_or_isoform_family;exact_test_sequence,Q8WWT9
h0026730,test_accession;test_entry_or_isoform_family;exact_test_sequence,Q14865
h0026744,test_accession;test_entry_or_isoform_family;exact_test_sequence,Q68DQ2
h0026763,test_accession;test_entry_or_isoform_family;exact_test_sequence,Q8N434
h0026768,test_accession;test_entry_or_isoform_family;exact_test_sequence,P07858
h0026780,test_accession;test_entry_or_isoform_family;exact_test_sequence,Q9UJ42
h0026787,test_accession;test_entry_or_isoform_family;exact_test_sequence,Q8N228
h0026808,test_entry_or_isoform_family,Q9P0U4-2
h0026810,test_entry_or_isoform_family,Q04609-6
h0026811,test_entry_or_isoform_family,Q8NEY8-6
h0026815,test_entry_or_isoform_family,A0A0A6YYL6;P18621-3
h0026819,test_accession;test_entry_or_isoform_family;exact_test_sequence,A0A140VJK1;O76003
h0026820,test_accession;test_entry_or_isoform_family;exact_test_sequence,Q2WGJ6
h0026839,test_entry_or_isoform_family,Q8NDZ6-2
h0026846,test_accession;test_entry_or_isoform_family;exact_test_sequence,P86478;P86479;P86480
h0026851,test_accession;test_entry_or_isoform_family;exact_test_sequence,Q04864
h0026854,test_accession;test_entry_or_isoform_family;exact_test_sequence,A0A0S2Z4J1;P51659
h0026862,test_entry_or_isoform_family,Q8WUB8-2
h0026871,test_accession;test_entry_or_isoform_family;exact_test_sequence,Q9NWC5
h0026873,test_accession;test_entry_or_isoform_family;exact_test_sequence,Q6P158
h0026878,test_accession;test_entry_or_isoform_family;exact_test_sequence,Q8IXH7
h0026882,test_accession;test_entry_or_isoform_family;exact_test_sequence,O00155
h0026887,test_accession;test_entry_or_isoform_family;exact_test_sequence,Q9NRJ3
h0026897,test_accession;test_entry_or_isoform_family;exact_test_sequence,Q8IXS8
h0026912,test_accession;test_entry_or_isoform_family;exact_test_sequence,P54368
h0026918,test_accession;test_entry_or_isoform_family;exact_test_sequence,P48552
h0026930,test_entry_or_isoform_family,O76090-4
h0026931,test_accession;test_entry_or_isoform_family;exact_test_sequence,P67870
h0026943,test_accession;test_entry_or_isoform_family;exact_test_sequence,Q9NP92
h0026951,test_accession;test_entry_or_isoform_family;exact_test_sequence,P42568
h0026964,test_accession;test_entry_or_isoform_family;exact_test_sequence,Q6P9B9
h0026965,test_entry_or_isoform_family,P15941-7
h0026968,test_accession;test_entry_or_isoform_family;exact_test_sequence,Q86UQ8
h0026974,test_entry_or_isoform_family,Q9UGU0-2
h0026977,test_accession;test_entry_or_isoform_family;exact_test_sequence,O96005
h0027000,test_entry_or_isoform_family,A4D1B5-4
h0027005,test_accession;test_entry_or_isoform_family;exact_test_sequence,Q147X3
h0027021,test_entry_or_isoform_family,Q6ISU1-3
h0027022,test_accession;test_entry_or_isoform_family;exact_test_sequence,Q9UQR0
h0027039,test_accession;test_entry_or_isoform_family;exact_test_sequence,Q96AV8
h0027060,test_accession;test_entry_or_isoform_family,Q9NVX7
